date,ticker,forecast
2025-04-25 14:19:39.905793,0,10.781332015991213
2025-04-28 14:19:39.905793,0,10.606271743774414
2025-04-29 14:19:39.905793,0,9.895902633666992
2025-04-30 14:19:39.905793,0,9.601808547973633
2025-05-01 14:19:39.905793,0,8.468263626098633
2025-05-02 14:19:39.905793,0,8.829184532165527
2025-05-05 14:19:39.905793,0,9.03510856628418
2025-05-06 14:19:39.905793,0,9.426166534423828
2025-05-07 14:19:39.905793,0,8.637724876403809
2025-05-08 14:19:39.905793,0,8.951351165771484
2025-05-09 14:19:39.905793,0,9.078126907348633
2025-05-12 14:19:39.905793,0,9.425827980041504
2025-05-13 14:19:39.905793,0,8.625493049621582
2025-05-14 14:19:39.905793,0,8.944110870361328
2025-05-15 14:19:39.905793,0,9.076486587524414
2025-05-16 14:19:39.905793,0,9.426636695861816
2025-05-19 14:19:39.905793,0,8.626304626464844
2025-05-20 14:19:39.905793,0,8.944496154785156
2025-05-21 14:19:39.905793,0,9.076504707336426
2025-05-22 14:19:39.905793,0,9.42653751373291
2025-05-23 14:19:39.905793,0,8.62625503540039
2025-05-26 14:19:39.905793,0,8.944478988647461
2025-05-27 14:19:39.905793,0,9.076509475708008
2025-05-28 14:19:39.905793,0,9.426546096801758
2025-05-29 14:19:39.905793,0,8.626256942749023
2025-05-30 14:19:39.905793,0,8.944479942321777
2025-06-02 14:19:39.905793,0,9.076509475708008
2025-06-03 14:19:39.905793,0,9.426546096801758
2025-06-04 14:19:39.905793,0,8.62625789642334
2025-06-05 14:19:39.905793,0,8.944479942321777
2025-06-06 14:19:39.905793,0,9.076508522033691
2025-06-09 14:19:39.905793,0,9.426546096801758
2025-06-10 14:19:39.905793,0,8.626256942749023
2025-06-11 14:19:39.905793,0,8.944479942321777
2025-06-12 14:19:39.905793,0,9.076509475708008
2025-06-13 14:19:39.905793,0,9.426546096801758
2025-06-16 14:19:39.905793,0,8.62625789642334
2025-06-17 14:19:39.905793,0,8.944479942321777
2025-06-18 14:19:39.905793,0,9.076508522033691
2025-06-19 14:19:39.905793,0,9.426546096801758
2025-06-20 14:19:39.905793,0,8.626256942749023
2025-06-23 14:19:39.905793,0,8.944479942321777
2025-06-24 14:19:39.905793,0,9.076509475708008
2025-06-25 14:19:39.905793,0,9.426546096801758
2025-06-26 14:19:39.905793,0,8.62625789642334
2025-06-27 14:19:39.905793,0,8.944479942321777
2025-06-30 14:19:39.905793,0,9.076508522033691
2025-07-01 14:19:39.905793,0,9.426546096801758
2025-07-02 14:19:39.905793,0,8.626256942749023
2025-07-03 14:19:39.905793,0,8.944479942321777
2025-07-04 14:19:39.905793,0,9.076509475708008
2025-07-07 14:19:39.905793,0,9.426546096801758
2025-07-08 14:19:39.905793,0,8.62625789642334
2025-07-09 14:19:39.905793,0,8.944479942321777
2025-07-10 14:19:39.905793,0,9.076508522033691
2025-07-11 14:19:39.905793,0,9.426546096801758
2025-07-14 14:19:39.905793,0,8.626256942749023
2025-07-15 14:19:39.905793,0,8.944479942321777
2025-07-16 14:19:39.905793,0,9.076509475708008
2025-07-17 14:19:39.905793,0,9.426546096801758
2025-07-18 14:19:39.905793,0,8.62625789642334
2025-07-21 14:19:39.905793,0,8.944479942321777
2025-07-22 14:19:39.905793,0,9.076508522033691
2025-07-23 14:19:39.905793,0,9.426546096801758
2025-07-24 14:19:39.905793,0,8.626256942749023
2025-07-25 14:19:39.905793,0,8.944479942321777
2025-07-28 14:19:39.905793,0,9.076509475708008
2025-07-29 14:19:39.905793,0,9.426546096801758
2025-07-30 14:19:39.905793,0,8.62625789642334
2025-07-31 14:19:39.905793,0,8.944479942321777
2025-08-01 14:19:39.905793,0,9.076508522033691
2025-08-04 14:19:39.905793,0,9.426546096801758
2025-08-05 14:19:39.905793,0,8.626256942749023
2025-08-06 14:19:39.905793,0,8.944479942321777
2025-08-07 14:19:39.905793,0,9.076509475708008
2025-08-08 14:19:39.905793,0,9.426546096801758
2025-08-11 14:19:39.905793,0,8.62625789642334
2025-08-12 14:19:39.905793,0,8.944479942321777
2025-08-13 14:19:39.905793,0,9.076508522033691
2025-08-14 14:19:39.905793,0,9.426546096801758
2025-08-15 14:19:39.905793,0,8.626256942749023
2025-08-18 14:19:39.905793,0,8.944479942321777
2025-08-19 14:19:39.905793,0,9.076509475708008
2025-08-20 14:19:39.905793,0,9.426546096801758
2025-08-21 14:19:39.905793,0,8.62625789642334
2025-08-22 14:19:39.905793,0,8.944479942321777
2025-08-25 14:19:39.905793,0,9.076508522033691
2025-08-26 14:19:39.905793,0,9.426546096801758
2025-08-27 14:19:39.905793,0,8.626256942749023
2025-08-28 14:19:39.905793,0,8.944479942321777
2025-08-29 14:19:39.905793,0,9.076509475708008
2025-09-01 14:19:39.905793,0,9.426546096801758
2025-09-02 14:19:39.905793,0,8.62625789642334
2025-09-03 14:19:39.905793,0,8.944479942321777
2025-09-04 14:19:39.905793,0,9.076508522033691
2025-09-05 14:19:39.905793,0,9.426546096801758
2025-09-08 14:19:39.905793,0,8.626256942749023
2025-09-09 14:19:39.905793,0,8.944479942321777
2025-09-10 14:19:39.905793,0,9.076509475708008
2025-09-11 14:19:39.905793,0,9.426546096801758
2025-09-12 14:19:39.905793,0,8.62625789642334
2025-09-15 14:19:39.905793,0,8.944479942321777
2025-09-16 14:19:39.905793,0,9.076508522033691
2025-09-17 14:19:39.905793,0,9.426546096801758
2025-09-18 14:19:39.905793,0,8.626256942749023
2025-09-19 14:19:39.905793,0,8.944479942321777
2025-09-22 14:19:39.905793,0,9.076509475708008
2025-09-23 14:19:39.905793,0,9.426546096801758
2025-09-24 14:19:39.905793,0,8.62625789642334
2025-09-25 14:19:39.905793,0,8.944479942321777
2025-09-26 14:19:39.905793,0,9.076508522033691
2025-09-29 14:19:39.905793,0,9.426546096801758
2025-09-30 14:19:39.905793,0,8.626256942749023
2025-10-01 14:19:39.905793,0,8.944479942321777
2025-10-02 14:19:39.905793,0,9.076509475708008
2025-10-03 14:19:39.905793,0,9.426546096801758
2025-10-06 14:19:39.905793,0,8.62625789642334
2025-10-07 14:19:39.905793,0,8.944479942321777
2025-10-08 14:19:39.905793,0,9.076508522033691
2025-10-09 14:19:39.905793,0,9.426546096801758
2025-10-10 14:19:39.905793,0,8.626256942749023
2025-10-13 14:19:39.905793,0,8.944479942321777
2025-10-14 14:19:39.905793,0,9.076509475708008
2025-10-15 14:19:39.905793,0,9.426546096801758
2025-10-16 14:19:39.905793,0,8.62625789642334
2025-10-17 14:19:39.905793,0,8.944479942321777
2025-04-25 14:19:39.905793,1,6.180793762207031
2025-04-28 14:19:39.905793,1,6.662086486816406
2025-04-29 14:19:39.905793,1,7.888802051544189
2025-04-30 14:19:39.905793,1,8.559354782104492
2025-05-01 14:19:39.905793,1,12.309471130371094
2025-05-02 14:19:39.905793,1,12.274853706359863
2025-05-05 14:19:39.905793,1,13.249629974365234
2025-05-06 14:19:39.905793,1,14.694156646728516
2025-05-07 14:19:39.905793,1,15.140745162963867
2025-05-08 14:19:39.905793,1,14.410677909851074
2025-05-09 14:19:39.905793,1,14.22050666809082
2025-05-12 14:19:39.905793,1,14.693365097045898
2025-05-13 14:19:39.905793,1,14.559134483337402
2025-05-14 14:19:39.905793,1,14.207358360290527
2025-05-15 14:19:39.905793,1,14.19859504699707
2025-05-16 14:19:39.905793,1,14.755836486816406
2025-05-19 14:19:39.905793,1,14.66993522644043
2025-05-20 14:19:39.905793,1,14.226690292358398
2025-05-21 14:19:39.905793,1,14.19305419921875
2025-05-22 14:19:39.905793,1,14.741354942321776
2025-05-23 14:19:39.905793,1,14.65129280090332
2025-05-26 14:19:39.905793,1,14.225214958190918
2025-05-27 14:19:39.905793,1,14.194604873657228
2025-05-28 14:19:39.905793,1,14.74399185180664
2025-05-29 14:19:39.905793,1,14.654224395751951
2025-05-30 14:19:39.905793,1,14.225275039672852
2025-06-02 14:19:39.905793,1,14.19431495666504
2025-06-03 14:19:39.905793,1,14.74356174468994
2025-06-04 14:19:39.905793,1,14.653782844543455
2025-06-05 14:19:39.905793,1,14.225284576416016
2025-06-06 14:19:39.905793,1,14.19436264038086
2025-06-09 14:19:39.905793,1,14.74362850189209
2025-06-10 14:19:39.905793,1,14.653848648071287
2025-06-11 14:19:39.905793,1,14.22528076171875
2025-06-12 14:19:39.905793,1,14.194355964660645
2025-06-13 14:19:39.905793,1,14.743617057800291
2025-06-16 14:19:39.905793,1,14.653839111328123
2025-06-17 14:19:39.905793,1,14.225281715393066
2025-06-18 14:19:39.905793,1,14.19435691833496
2025-06-19 14:19:39.905793,1,14.74361801147461
2025-06-20 14:19:39.905793,1,14.653841018676758
2025-06-23 14:19:39.905793,1,14.22528076171875
2025-06-24 14:19:39.905793,1,14.194355964660645
2025-06-25 14:19:39.905793,1,14.74361801147461
2025-06-26 14:19:39.905793,1,14.653841018676758
2025-06-27 14:19:39.905793,1,14.22528076171875
2025-06-30 14:19:39.905793,1,14.194355964660645
2025-07-01 14:19:39.905793,1,14.74361801147461
2025-07-02 14:19:39.905793,1,14.653841018676758
2025-07-03 14:19:39.905793,1,14.22528076171875
2025-07-04 14:19:39.905793,1,14.194355964660645
2025-07-07 14:19:39.905793,1,14.74361801147461
2025-07-08 14:19:39.905793,1,14.653841018676758
2025-07-09 14:19:39.905793,1,14.22528076171875
2025-07-10 14:19:39.905793,1,14.194355964660645
2025-07-11 14:19:39.905793,1,14.74361801147461
2025-07-14 14:19:39.905793,1,14.653841018676758
2025-07-15 14:19:39.905793,1,14.22528076171875
2025-07-16 14:19:39.905793,1,14.194355964660645
2025-07-17 14:19:39.905793,1,14.74361801147461
2025-07-18 14:19:39.905793,1,14.653841018676758
2025-07-21 14:19:39.905793,1,14.22528076171875
2025-07-22 14:19:39.905793,1,14.194355964660645
2025-07-23 14:19:39.905793,1,14.74361801147461
2025-07-24 14:19:39.905793,1,14.653841018676758
2025-07-25 14:19:39.905793,1,14.22528076171875
2025-07-28 14:19:39.905793,1,14.194355964660645
2025-07-29 14:19:39.905793,1,14.74361801147461
2025-07-30 14:19:39.905793,1,14.653841018676758
2025-07-31 14:19:39.905793,1,14.22528076171875
2025-08-01 14:19:39.905793,1,14.194355964660645
2025-08-04 14:19:39.905793,1,14.74361801147461
2025-08-05 14:19:39.905793,1,14.653841018676758
2025-08-06 14:19:39.905793,1,14.22528076171875
2025-08-07 14:19:39.905793,1,14.194355964660645
2025-08-08 14:19:39.905793,1,14.74361801147461
2025-08-11 14:19:39.905793,1,14.653841018676758
2025-08-12 14:19:39.905793,1,14.22528076171875
2025-08-13 14:19:39.905793,1,14.194355964660645
2025-08-14 14:19:39.905793,1,14.74361801147461
2025-08-15 14:19:39.905793,1,14.653841018676758
2025-08-18 14:19:39.905793,1,14.22528076171875
2025-08-19 14:19:39.905793,1,14.194355964660645
2025-08-20 14:19:39.905793,1,14.74361801147461
2025-08-21 14:19:39.905793,1,14.653841018676758
2025-08-22 14:19:39.905793,1,14.22528076171875
2025-08-25 14:19:39.905793,1,14.194355964660645
2025-08-26 14:19:39.905793,1,14.74361801147461
2025-08-27 14:19:39.905793,1,14.653841018676758
2025-08-28 14:19:39.905793,1,14.22528076171875
2025-08-29 14:19:39.905793,1,14.194355964660645
2025-09-01 14:19:39.905793,1,14.74361801147461
2025-09-02 14:19:39.905793,1,14.653841018676758
2025-09-03 14:19:39.905793,1,14.22528076171875
2025-09-04 14:19:39.905793,1,14.194355964660645
2025-09-05 14:19:39.905793,1,14.74361801147461
2025-09-08 14:19:39.905793,1,14.653841018676758
2025-09-09 14:19:39.905793,1,14.22528076171875
2025-09-10 14:19:39.905793,1,14.194355964660645
2025-09-11 14:19:39.905793,1,14.74361801147461
2025-09-12 14:19:39.905793,1,14.653841018676758
2025-09-15 14:19:39.905793,1,14.22528076171875
2025-09-16 14:19:39.905793,1,14.194355964660645
2025-09-17 14:19:39.905793,1,14.74361801147461
2025-09-18 14:19:39.905793,1,14.653841018676758
2025-09-19 14:19:39.905793,1,14.22528076171875
2025-09-22 14:19:39.905793,1,14.194355964660645
2025-09-23 14:19:39.905793,1,14.74361801147461
2025-09-24 14:19:39.905793,1,14.653841018676758
2025-09-25 14:19:39.905793,1,14.22528076171875
2025-09-26 14:19:39.905793,1,14.194355964660645
2025-09-29 14:19:39.905793,1,14.74361801147461
2025-09-30 14:19:39.905793,1,14.653841018676758
2025-10-01 14:19:39.905793,1,14.22528076171875
2025-10-02 14:19:39.905793,1,14.194355964660645
2025-10-03 14:19:39.905793,1,14.74361801147461
2025-10-06 14:19:39.905793,1,14.653841018676758
2025-10-07 14:19:39.905793,1,14.22528076171875
2025-10-08 14:19:39.905793,1,14.194355964660645
2025-10-09 14:19:39.905793,1,14.74361801147461
2025-10-10 14:19:39.905793,1,14.653841018676758
2025-10-13 14:19:39.905793,1,14.22528076171875
2025-10-14 14:19:39.905793,1,14.194355964660645
2025-10-15 14:19:39.905793,1,14.74361801147461
2025-10-16 14:19:39.905793,1,14.653841018676758
2025-10-17 14:19:39.905793,1,14.22528076171875
2025-04-25 14:19:39.905793,2,8.617927551269531
2025-04-28 14:19:39.905793,2,8.780488967895508
2025-04-29 14:19:39.905793,2,9.258838653564451
2025-04-30 14:19:39.905793,2,10.558979988098145
2025-05-01 14:19:39.905793,2,10.881057739257812
2025-05-02 14:19:39.905793,2,10.742779731750488
2025-05-05 14:19:39.905793,2,11.0068941116333
2025-05-06 14:19:39.905793,2,11.35015106201172
2025-05-07 14:19:39.905793,2,11.09744930267334
2025-05-08 14:19:39.905793,2,10.907222747802734
2025-05-09 14:19:39.905793,2,11.192342758178713
2025-05-12 14:19:39.905793,2,11.414297103881836
2025-05-13 14:19:39.905793,2,11.11585807800293
2025-05-14 14:19:39.905793,2,10.921175003051758
2025-05-15 14:19:39.905793,2,11.209797859191896
2025-05-16 14:19:39.905793,2,11.419527053833008
2025-05-19 14:19:39.905793,2,11.117446899414062
2025-05-20 14:19:39.905793,2,10.922408103942873
2025-05-21 14:19:39.905793,2,11.211373329162598
2025-05-22 14:19:39.905793,2,11.419965744018556
2025-05-23 14:19:39.905793,2,11.117587089538574
2025-05-26 14:19:39.905793,2,10.922517776489258
2025-05-27 14:19:39.905793,2,11.211514472961426
2025-05-28 14:19:39.905793,2,11.420002937316896
2025-05-29 14:19:39.905793,2,11.117599487304688
2025-05-30 14:19:39.905793,2,10.922527313232422
2025-06-02 14:19:39.905793,2,11.21152687072754
2025-06-03 14:19:39.905793,2,11.420005798339844
2025-06-04 14:19:39.905793,2,11.11760139465332
2025-06-05 14:19:39.905793,2,10.922529220581056
2025-06-06 14:19:39.905793,2,11.211528778076172
2025-06-09 14:19:39.905793,2,11.420007705688477
2025-06-10 14:19:39.905793,2,11.11760139465332
2025-06-11 14:19:39.905793,2,10.922529220581056
2025-06-12 14:19:39.905793,2,11.211528778076172
2025-06-13 14:19:39.905793,2,11.42000675201416
2025-06-16 14:19:39.905793,2,11.11760139465332
2025-06-17 14:19:39.905793,2,10.922529220581056
2025-06-18 14:19:39.905793,2,11.211528778076172
2025-06-19 14:19:39.905793,2,11.42000675201416
2025-06-20 14:19:39.905793,2,11.11760139465332
2025-06-23 14:19:39.905793,2,10.922529220581056
2025-06-24 14:19:39.905793,2,11.211528778076172
2025-06-25 14:19:39.905793,2,11.42000675201416
2025-06-26 14:19:39.905793,2,11.11760139465332
2025-06-27 14:19:39.905793,2,10.922529220581056
2025-06-30 14:19:39.905793,2,11.211528778076172
2025-07-01 14:19:39.905793,2,11.42000675201416
2025-07-02 14:19:39.905793,2,11.11760139465332
2025-07-03 14:19:39.905793,2,10.922529220581056
2025-07-04 14:19:39.905793,2,11.211528778076172
2025-07-07 14:19:39.905793,2,11.42000675201416
2025-07-08 14:19:39.905793,2,11.11760139465332
2025-07-09 14:19:39.905793,2,10.922529220581056
2025-07-10 14:19:39.905793,2,11.211528778076172
2025-07-11 14:19:39.905793,2,11.42000675201416
2025-07-14 14:19:39.905793,2,11.11760139465332
2025-07-15 14:19:39.905793,2,10.922529220581056
2025-07-16 14:19:39.905793,2,11.211528778076172
2025-07-17 14:19:39.905793,2,11.42000675201416
2025-07-18 14:19:39.905793,2,11.11760139465332
2025-07-21 14:19:39.905793,2,10.922529220581056
2025-07-22 14:19:39.905793,2,11.211528778076172
2025-07-23 14:19:39.905793,2,11.42000675201416
2025-07-24 14:19:39.905793,2,11.11760139465332
2025-07-25 14:19:39.905793,2,10.922529220581056
2025-07-28 14:19:39.905793,2,11.211528778076172
2025-07-29 14:19:39.905793,2,11.42000675201416
2025-07-30 14:19:39.905793,2,11.11760139465332
2025-07-31 14:19:39.905793,2,10.922529220581056
2025-08-01 14:19:39.905793,2,11.211528778076172
2025-08-04 14:19:39.905793,2,11.42000675201416
2025-08-05 14:19:39.905793,2,11.11760139465332
2025-08-06 14:19:39.905793,2,10.922529220581056
2025-08-07 14:19:39.905793,2,11.211528778076172
2025-08-08 14:19:39.905793,2,11.42000675201416
2025-08-11 14:19:39.905793,2,11.11760139465332
2025-08-12 14:19:39.905793,2,10.922529220581056
2025-08-13 14:19:39.905793,2,11.211528778076172
2025-08-14 14:19:39.905793,2,11.42000675201416
2025-08-15 14:19:39.905793,2,11.11760139465332
2025-08-18 14:19:39.905793,2,10.922529220581056
2025-08-19 14:19:39.905793,2,11.211528778076172
2025-08-20 14:19:39.905793,2,11.42000675201416
2025-08-21 14:19:39.905793,2,11.11760139465332
2025-08-22 14:19:39.905793,2,10.922529220581056
2025-08-25 14:19:39.905793,2,11.211528778076172
2025-08-26 14:19:39.905793,2,11.42000675201416
2025-08-27 14:19:39.905793,2,11.11760139465332
2025-08-28 14:19:39.905793,2,10.922529220581056
2025-08-29 14:19:39.905793,2,11.211528778076172
2025-09-01 14:19:39.905793,2,11.42000675201416
2025-09-02 14:19:39.905793,2,11.11760139465332
2025-09-03 14:19:39.905793,2,10.922529220581056
2025-09-04 14:19:39.905793,2,11.211528778076172
2025-09-05 14:19:39.905793,2,11.42000675201416
2025-09-08 14:19:39.905793,2,11.11760139465332
2025-09-09 14:19:39.905793,2,10.922529220581056
2025-09-10 14:19:39.905793,2,11.211528778076172
2025-09-11 14:19:39.905793,2,11.42000675201416
2025-09-12 14:19:39.905793,2,11.11760139465332
2025-09-15 14:19:39.905793,2,10.922529220581056
2025-09-16 14:19:39.905793,2,11.211528778076172
2025-09-17 14:19:39.905793,2,11.42000675201416
2025-09-18 14:19:39.905793,2,11.11760139465332
2025-09-19 14:19:39.905793,2,10.922529220581056
2025-09-22 14:19:39.905793,2,11.211528778076172
2025-09-23 14:19:39.905793,2,11.42000675201416
2025-09-24 14:19:39.905793,2,11.11760139465332
2025-09-25 14:19:39.905793,2,10.922529220581056
2025-09-26 14:19:39.905793,2,11.211528778076172
2025-09-29 14:19:39.905793,2,11.42000675201416
2025-09-30 14:19:39.905793,2,11.11760139465332
2025-10-01 14:19:39.905793,2,10.922529220581056
2025-10-02 14:19:39.905793,2,11.211528778076172
2025-10-03 14:19:39.905793,2,11.42000675201416
2025-10-06 14:19:39.905793,2,11.11760139465332
2025-10-07 14:19:39.905793,2,10.922529220581056
2025-10-08 14:19:39.905793,2,11.211528778076172
2025-10-09 14:19:39.905793,2,11.42000675201416
2025-10-10 14:19:39.905793,2,11.11760139465332
2025-10-13 14:19:39.905793,2,10.922529220581056
2025-10-14 14:19:39.905793,2,11.211528778076172
2025-10-15 14:19:39.905793,2,11.42000675201416
2025-10-16 14:19:39.905793,2,11.11760139465332
2025-10-17 14:19:39.905793,2,10.922529220581056
2025-04-25 14:19:39.905793,3,9.75161838531494
2025-04-28 14:19:39.905793,3,9.949596405029297
2025-04-29 14:19:39.905793,3,9.28022575378418
2025-04-30 14:19:39.905793,3,11.395208358764648
2025-05-01 14:19:39.905793,3,12.727103233337402
2025-05-02 14:19:39.905793,3,12.665929794311523
2025-05-05 14:19:39.905793,3,12.679828643798828
2025-05-06 14:19:39.905793,3,12.940205574035645
2025-05-07 14:19:39.905793,3,12.769707679748535
2025-05-08 14:19:39.905793,3,12.562304496765137
2025-05-09 14:19:39.905793,3,12.759275436401367
2025-05-12 14:19:39.905793,3,12.947964668273926
2025-05-13 14:19:39.905793,3,12.76862335205078
2025-05-14 14:19:39.905793,3,12.561996459960938
2025-05-15 14:19:39.905793,3,12.758962631225586
2025-05-16 14:19:39.905793,3,12.947937965393066
2025-05-19 14:19:39.905793,3,12.76865577697754
2025-05-20 14:19:39.905793,3,12.56201171875
2025-05-21 14:19:39.905793,3,12.758965492248535
2025-05-22 14:19:39.905793,3,12.947938919067385
2025-05-23 14:19:39.905793,3,12.768656730651855
2025-05-26 14:19:39.905793,3,12.56201171875
2025-05-27 14:19:39.905793,3,12.758965492248535
2025-05-28 14:19:39.905793,3,12.947938919067385
2025-05-29 14:19:39.905793,3,12.76865577697754
2025-05-30 14:19:39.905793,3,12.56201171875
2025-06-02 14:19:39.905793,3,12.758965492248535
2025-06-03 14:19:39.905793,3,12.947938919067385
2025-06-04 14:19:39.905793,3,12.768656730651855
2025-06-05 14:19:39.905793,3,12.56201171875
2025-06-06 14:19:39.905793,3,12.758965492248535
2025-06-09 14:19:39.905793,3,12.947938919067385
2025-06-10 14:19:39.905793,3,12.76865577697754
2025-06-11 14:19:39.905793,3,12.56201171875
2025-06-12 14:19:39.905793,3,12.758965492248535
2025-06-13 14:19:39.905793,3,12.947938919067385
2025-06-16 14:19:39.905793,3,12.768656730651855
2025-06-17 14:19:39.905793,3,12.56201171875
2025-06-18 14:19:39.905793,3,12.758965492248535
2025-06-19 14:19:39.905793,3,12.947938919067385
2025-06-20 14:19:39.905793,3,12.76865577697754
2025-06-23 14:19:39.905793,3,12.56201171875
2025-06-24 14:19:39.905793,3,12.758965492248535
2025-06-25 14:19:39.905793,3,12.947938919067385
2025-06-26 14:19:39.905793,3,12.768656730651855
2025-06-27 14:19:39.905793,3,12.56201171875
2025-06-30 14:19:39.905793,3,12.758965492248535
2025-07-01 14:19:39.905793,3,12.947938919067385
2025-07-02 14:19:39.905793,3,12.76865577697754
2025-07-03 14:19:39.905793,3,12.56201171875
2025-07-04 14:19:39.905793,3,12.758965492248535
2025-07-07 14:19:39.905793,3,12.947938919067385
2025-07-08 14:19:39.905793,3,12.768656730651855
2025-07-09 14:19:39.905793,3,12.56201171875
2025-07-10 14:19:39.905793,3,12.758965492248535
2025-07-11 14:19:39.905793,3,12.947938919067385
2025-07-14 14:19:39.905793,3,12.76865577697754
2025-07-15 14:19:39.905793,3,12.56201171875
2025-07-16 14:19:39.905793,3,12.758965492248535
2025-07-17 14:19:39.905793,3,12.947938919067385
2025-07-18 14:19:39.905793,3,12.768656730651855
2025-07-21 14:19:39.905793,3,12.56201171875
2025-07-22 14:19:39.905793,3,12.758965492248535
2025-07-23 14:19:39.905793,3,12.947938919067385
2025-07-24 14:19:39.905793,3,12.76865577697754
2025-07-25 14:19:39.905793,3,12.56201171875
2025-07-28 14:19:39.905793,3,12.758965492248535
2025-07-29 14:19:39.905793,3,12.947938919067385
2025-07-30 14:19:39.905793,3,12.768656730651855
2025-07-31 14:19:39.905793,3,12.56201171875
2025-08-01 14:19:39.905793,3,12.758965492248535
2025-08-04 14:19:39.905793,3,12.947938919067385
2025-08-05 14:19:39.905793,3,12.76865577697754
2025-08-06 14:19:39.905793,3,12.56201171875
2025-08-07 14:19:39.905793,3,12.758965492248535
2025-08-08 14:19:39.905793,3,12.947938919067385
2025-08-11 14:19:39.905793,3,12.768656730651855
2025-08-12 14:19:39.905793,3,12.56201171875
2025-08-13 14:19:39.905793,3,12.758965492248535
2025-08-14 14:19:39.905793,3,12.947938919067385
2025-08-15 14:19:39.905793,3,12.76865577697754
2025-08-18 14:19:39.905793,3,12.56201171875
2025-08-19 14:19:39.905793,3,12.758965492248535
2025-08-20 14:19:39.905793,3,12.947938919067385
2025-08-21 14:19:39.905793,3,12.768656730651855
2025-08-22 14:19:39.905793,3,12.56201171875
2025-08-25 14:19:39.905793,3,12.758965492248535
2025-08-26 14:19:39.905793,3,12.947938919067385
2025-08-27 14:19:39.905793,3,12.76865577697754
2025-08-28 14:19:39.905793,3,12.56201171875
2025-08-29 14:19:39.905793,3,12.758965492248535
2025-09-01 14:19:39.905793,3,12.947938919067385
2025-09-02 14:19:39.905793,3,12.768656730651855
2025-09-03 14:19:39.905793,3,12.56201171875
2025-09-04 14:19:39.905793,3,12.758965492248535
2025-09-05 14:19:39.905793,3,12.947938919067385
2025-09-08 14:19:39.905793,3,12.76865577697754
2025-09-09 14:19:39.905793,3,12.56201171875
2025-09-10 14:19:39.905793,3,12.758965492248535
2025-09-11 14:19:39.905793,3,12.947938919067385
2025-09-12 14:19:39.905793,3,12.768656730651855
2025-09-15 14:19:39.905793,3,12.56201171875
2025-09-16 14:19:39.905793,3,12.758965492248535
2025-09-17 14:19:39.905793,3,12.947938919067385
2025-09-18 14:19:39.905793,3,12.76865577697754
2025-09-19 14:19:39.905793,3,12.56201171875
2025-09-22 14:19:39.905793,3,12.758965492248535
2025-09-23 14:19:39.905793,3,12.947938919067385
2025-09-24 14:19:39.905793,3,12.768656730651855
2025-09-25 14:19:39.905793,3,12.56201171875
2025-09-26 14:19:39.905793,3,12.758965492248535
2025-09-29 14:19:39.905793,3,12.947938919067385
2025-09-30 14:19:39.905793,3,12.76865577697754
2025-10-01 14:19:39.905793,3,12.56201171875
2025-10-02 14:19:39.905793,3,12.758965492248535
2025-10-03 14:19:39.905793,3,12.947938919067385
2025-10-06 14:19:39.905793,3,12.768656730651855
2025-10-07 14:19:39.905793,3,12.56201171875
2025-10-08 14:19:39.905793,3,12.758965492248535
2025-10-09 14:19:39.905793,3,12.947938919067385
2025-10-10 14:19:39.905793,3,12.76865577697754
2025-10-13 14:19:39.905793,3,12.56201171875
2025-10-14 14:19:39.905793,3,12.758965492248535
2025-10-15 14:19:39.905793,3,12.947938919067385
2025-10-16 14:19:39.905793,3,12.768656730651855
2025-10-17 14:19:39.905793,3,12.56201171875
2025-04-25 14:19:39.905793,4,7.769256591796875
2025-04-28 14:19:39.905793,4,7.60711669921875
2025-04-29 14:19:39.905793,4,8.25529670715332
2025-04-30 14:19:39.905793,4,10.85017204284668
2025-05-01 14:19:39.905793,4,11.686761856079102
2025-05-02 14:19:39.905793,4,11.7437105178833
2025-05-05 14:19:39.905793,4,12.128632545471191
2025-05-06 14:19:39.905793,4,12.537900924682615
2025-05-07 14:19:39.905793,4,12.246246337890623
2025-05-08 14:19:39.905793,4,11.956098556518556
2025-05-09 14:19:39.905793,4,12.276494026184082
2025-05-12 14:19:39.905793,4,12.52966022491455
2025-05-13 14:19:39.905793,4,12.23525047302246
2025-05-14 14:19:39.905793,4,11.948768615722656
2025-05-15 14:19:39.905793,4,12.274822235107422
2025-05-16 14:19:39.905793,4,12.529459953308104
2025-05-19 14:19:39.905793,4,12.23552703857422
2025-05-20 14:19:39.905793,4,11.948962211608888
2025-05-21 14:19:39.905793,4,12.274845123291016
2025-05-22 14:19:39.905793,4,12.52947235107422
2025-05-23 14:19:39.905793,4,12.23552131652832
2025-05-26 14:19:39.905793,4,11.948957443237305
2025-05-27 14:19:39.905793,4,12.274845123291016
2025-05-28 14:19:39.905793,4,12.52947235107422
2025-05-29 14:19:39.905793,4,12.23552131652832
2025-05-30 14:19:39.905793,4,11.948959350585938
2025-06-02 14:19:39.905793,4,12.274845123291016
2025-06-03 14:19:39.905793,4,12.52947235107422
2025-06-04 14:19:39.905793,4,12.23552131652832
2025-06-05 14:19:39.905793,4,11.948957443237305
2025-06-06 14:19:39.905793,4,12.274845123291016
2025-06-09 14:19:39.905793,4,12.52947235107422
2025-06-10 14:19:39.905793,4,12.23552131652832
2025-06-11 14:19:39.905793,4,11.948959350585938
2025-06-12 14:19:39.905793,4,12.274845123291016
2025-06-13 14:19:39.905793,4,12.52947235107422
2025-06-16 14:19:39.905793,4,12.23552131652832
2025-06-17 14:19:39.905793,4,11.948957443237305
2025-06-18 14:19:39.905793,4,12.274845123291016
2025-06-19 14:19:39.905793,4,12.52947235107422
2025-06-20 14:19:39.905793,4,12.23552131652832
2025-06-23 14:19:39.905793,4,11.948959350585938
2025-06-24 14:19:39.905793,4,12.274845123291016
2025-06-25 14:19:39.905793,4,12.52947235107422
2025-06-26 14:19:39.905793,4,12.23552131652832
2025-06-27 14:19:39.905793,4,11.948957443237305
2025-06-30 14:19:39.905793,4,12.274845123291016
2025-07-01 14:19:39.905793,4,12.52947235107422
2025-07-02 14:19:39.905793,4,12.23552131652832
2025-07-03 14:19:39.905793,4,11.948959350585938
2025-07-04 14:19:39.905793,4,12.274845123291016
2025-07-07 14:19:39.905793,4,12.52947235107422
2025-07-08 14:19:39.905793,4,12.23552131652832
2025-07-09 14:19:39.905793,4,11.948957443237305
2025-07-10 14:19:39.905793,4,12.274845123291016
2025-07-11 14:19:39.905793,4,12.52947235107422
2025-07-14 14:19:39.905793,4,12.23552131652832
2025-07-15 14:19:39.905793,4,11.948959350585938
2025-07-16 14:19:39.905793,4,12.274845123291016
2025-07-17 14:19:39.905793,4,12.52947235107422
2025-07-18 14:19:39.905793,4,12.23552131652832
2025-07-21 14:19:39.905793,4,11.948957443237305
2025-07-22 14:19:39.905793,4,12.274845123291016
2025-07-23 14:19:39.905793,4,12.52947235107422
2025-07-24 14:19:39.905793,4,12.23552131652832
2025-07-25 14:19:39.905793,4,11.948959350585938
2025-07-28 14:19:39.905793,4,12.274845123291016
2025-07-29 14:19:39.905793,4,12.52947235107422
2025-07-30 14:19:39.905793,4,12.23552131652832
2025-07-31 14:19:39.905793,4,11.948957443237305
2025-08-01 14:19:39.905793,4,12.274845123291016
2025-08-04 14:19:39.905793,4,12.52947235107422
2025-08-05 14:19:39.905793,4,12.23552131652832
2025-08-06 14:19:39.905793,4,11.948959350585938
2025-08-07 14:19:39.905793,4,12.274845123291016
2025-08-08 14:19:39.905793,4,12.52947235107422
2025-08-11 14:19:39.905793,4,12.23552131652832
2025-08-12 14:19:39.905793,4,11.948957443237305
2025-08-13 14:19:39.905793,4,12.274845123291016
2025-08-14 14:19:39.905793,4,12.52947235107422
2025-08-15 14:19:39.905793,4,12.23552131652832
2025-08-18 14:19:39.905793,4,11.948959350585938
2025-08-19 14:19:39.905793,4,12.274845123291016
2025-08-20 14:19:39.905793,4,12.52947235107422
2025-08-21 14:19:39.905793,4,12.23552131652832
2025-08-22 14:19:39.905793,4,11.948957443237305
2025-08-25 14:19:39.905793,4,12.274845123291016
2025-08-26 14:19:39.905793,4,12.52947235107422
2025-08-27 14:19:39.905793,4,12.23552131652832
2025-08-28 14:19:39.905793,4,11.948959350585938
2025-08-29 14:19:39.905793,4,12.274845123291016
2025-09-01 14:19:39.905793,4,12.52947235107422
2025-09-02 14:19:39.905793,4,12.23552131652832
2025-09-03 14:19:39.905793,4,11.948957443237305
2025-09-04 14:19:39.905793,4,12.274845123291016
2025-09-05 14:19:39.905793,4,12.52947235107422
2025-09-08 14:19:39.905793,4,12.23552131652832
2025-09-09 14:19:39.905793,4,11.948959350585938
2025-09-10 14:19:39.905793,4,12.274845123291016
2025-09-11 14:19:39.905793,4,12.52947235107422
2025-09-12 14:19:39.905793,4,12.23552131652832
2025-09-15 14:19:39.905793,4,11.948957443237305
2025-09-16 14:19:39.905793,4,12.274845123291016
2025-09-17 14:19:39.905793,4,12.52947235107422
2025-09-18 14:19:39.905793,4,12.23552131652832
2025-09-19 14:19:39.905793,4,11.948959350585938
2025-09-22 14:19:39.905793,4,12.274845123291016
2025-09-23 14:19:39.905793,4,12.52947235107422
2025-09-24 14:19:39.905793,4,12.23552131652832
2025-09-25 14:19:39.905793,4,11.948957443237305
2025-09-26 14:19:39.905793,4,12.274845123291016
2025-09-29 14:19:39.905793,4,12.52947235107422
2025-09-30 14:19:39.905793,4,12.23552131652832
2025-10-01 14:19:39.905793,4,11.948959350585938
2025-10-02 14:19:39.905793,4,12.274845123291016
2025-10-03 14:19:39.905793,4,12.52947235107422
2025-10-06 14:19:39.905793,4,12.23552131652832
2025-10-07 14:19:39.905793,4,11.948957443237305
2025-10-08 14:19:39.905793,4,12.274845123291016
2025-10-09 14:19:39.905793,4,12.52947235107422
2025-10-10 14:19:39.905793,4,12.23552131652832
2025-10-13 14:19:39.905793,4,11.948959350585938
2025-10-14 14:19:39.905793,4,12.274845123291016
2025-10-15 14:19:39.905793,4,12.52947235107422
2025-10-16 14:19:39.905793,4,12.23552131652832
2025-10-17 14:19:39.905793,4,11.948957443237305
2025-04-25 14:19:39.905793,5,9.547115325927734
2025-04-28 14:19:39.905793,5,9.922264099121094
2025-04-29 14:19:39.905793,5,10.796890258789062
2025-04-30 14:19:39.905793,5,13.560226440429688
2025-05-01 14:19:39.905793,5,13.748979568481444
2025-05-02 14:19:39.905793,5,13.827295303344728
2025-05-05 14:19:39.905793,5,13.745845794677734
2025-05-06 14:19:39.905793,5,13.957073211669922
2025-05-07 14:19:39.905793,5,13.539161682128906
2025-05-08 14:19:39.905793,5,13.422460556030272
2025-05-09 14:19:39.905793,5,13.600058555603027
2025-05-12 14:19:39.905793,5,13.92834758758545
2025-05-13 14:19:39.905793,5,13.569921493530272
2025-05-14 14:19:39.905793,5,13.460474014282228
2025-05-15 14:19:39.905793,5,13.60884952545166
2025-05-16 14:19:39.905793,5,13.930288314819336
2025-05-19 14:19:39.905793,5,13.566320419311523
2025-05-20 14:19:39.905793,5,13.457183837890623
2025-05-21 14:19:39.905793,5,13.608245849609377
2025-05-22 14:19:39.905793,5,13.930176734924316
2025-05-23 14:19:39.905793,5,13.56669807434082
2025-05-26 14:19:39.905793,5,13.457462310791016
2025-05-27 14:19:39.905793,5,13.608291625976562
2025-05-28 14:19:39.905793,5,13.930179595947266
2025-05-29 14:19:39.905793,5,13.566661834716797
2025-05-30 14:19:39.905793,5,13.457438468933104
2025-06-02 14:19:39.905793,5,13.608288764953612
2025-06-03 14:19:39.905793,5,13.930180549621582
2025-06-04 14:19:39.905793,5,13.56666374206543
2025-06-05 14:19:39.905793,5,13.457441329956056
2025-06-06 14:19:39.905793,5,13.60828971862793
2025-06-09 14:19:39.905793,5,13.930179595947266
2025-06-10 14:19:39.905793,5,13.566664695739746
2025-06-11 14:19:39.905793,5,13.457439422607422
2025-06-12 14:19:39.905793,5,13.608288764953612
2025-06-13 14:19:39.905793,5,13.930180549621582
2025-06-16 14:19:39.905793,5,13.56666374206543
2025-06-17 14:19:39.905793,5,13.457441329956056
2025-06-18 14:19:39.905793,5,13.60828971862793
2025-06-19 14:19:39.905793,5,13.930179595947266
2025-06-20 14:19:39.905793,5,13.566664695739746
2025-06-23 14:19:39.905793,5,13.457439422607422
2025-06-24 14:19:39.905793,5,13.608288764953612
2025-06-25 14:19:39.905793,5,13.930180549621582
2025-06-26 14:19:39.905793,5,13.56666374206543
2025-06-27 14:19:39.905793,5,13.457441329956056
2025-06-30 14:19:39.905793,5,13.60828971862793
2025-07-01 14:19:39.905793,5,13.930179595947266
2025-07-02 14:19:39.905793,5,13.566664695739746
2025-07-03 14:19:39.905793,5,13.457439422607422
2025-07-04 14:19:39.905793,5,13.608288764953612
2025-07-07 14:19:39.905793,5,13.930180549621582
2025-07-08 14:19:39.905793,5,13.56666374206543
2025-07-09 14:19:39.905793,5,13.457441329956056
2025-07-10 14:19:39.905793,5,13.60828971862793
2025-07-11 14:19:39.905793,5,13.930179595947266
2025-07-14 14:19:39.905793,5,13.566664695739746
2025-07-15 14:19:39.905793,5,13.457439422607422
2025-07-16 14:19:39.905793,5,13.608288764953612
2025-07-17 14:19:39.905793,5,13.930180549621582
2025-07-18 14:19:39.905793,5,13.56666374206543
2025-07-21 14:19:39.905793,5,13.457441329956056
2025-07-22 14:19:39.905793,5,13.60828971862793
2025-07-23 14:19:39.905793,5,13.930179595947266
2025-07-24 14:19:39.905793,5,13.566664695739746
2025-07-25 14:19:39.905793,5,13.457439422607422
2025-07-28 14:19:39.905793,5,13.608288764953612
2025-07-29 14:19:39.905793,5,13.930180549621582
2025-07-30 14:19:39.905793,5,13.56666374206543
2025-07-31 14:19:39.905793,5,13.457441329956056
2025-08-01 14:19:39.905793,5,13.60828971862793
2025-08-04 14:19:39.905793,5,13.930179595947266
2025-08-05 14:19:39.905793,5,13.566664695739746
2025-08-06 14:19:39.905793,5,13.457439422607422
2025-08-07 14:19:39.905793,5,13.608288764953612
2025-08-08 14:19:39.905793,5,13.930180549621582
2025-08-11 14:19:39.905793,5,13.56666374206543
2025-08-12 14:19:39.905793,5,13.457441329956056
2025-08-13 14:19:39.905793,5,13.60828971862793
2025-08-14 14:19:39.905793,5,13.930179595947266
2025-08-15 14:19:39.905793,5,13.566664695739746
2025-08-18 14:19:39.905793,5,13.457439422607422
2025-08-19 14:19:39.905793,5,13.608288764953612
2025-08-20 14:19:39.905793,5,13.930180549621582
2025-08-21 14:19:39.905793,5,13.56666374206543
2025-08-22 14:19:39.905793,5,13.457441329956056
2025-08-25 14:19:39.905793,5,13.60828971862793
2025-08-26 14:19:39.905793,5,13.930179595947266
2025-08-27 14:19:39.905793,5,13.566664695739746
2025-08-28 14:19:39.905793,5,13.457439422607422
2025-08-29 14:19:39.905793,5,13.608288764953612
2025-09-01 14:19:39.905793,5,13.930180549621582
2025-09-02 14:19:39.905793,5,13.56666374206543
2025-09-03 14:19:39.905793,5,13.457441329956056
2025-09-04 14:19:39.905793,5,13.60828971862793
2025-09-05 14:19:39.905793,5,13.930179595947266
2025-09-08 14:19:39.905793,5,13.566664695739746
2025-09-09 14:19:39.905793,5,13.457439422607422
2025-09-10 14:19:39.905793,5,13.608288764953612
2025-09-11 14:19:39.905793,5,13.930180549621582
2025-09-12 14:19:39.905793,5,13.56666374206543
2025-09-15 14:19:39.905793,5,13.457441329956056
2025-09-16 14:19:39.905793,5,13.60828971862793
2025-09-17 14:19:39.905793,5,13.930179595947266
2025-09-18 14:19:39.905793,5,13.566664695739746
2025-09-19 14:19:39.905793,5,13.457439422607422
2025-09-22 14:19:39.905793,5,13.608288764953612
2025-09-23 14:19:39.905793,5,13.930180549621582
2025-09-24 14:19:39.905793,5,13.56666374206543
2025-09-25 14:19:39.905793,5,13.457441329956056
2025-09-26 14:19:39.905793,5,13.60828971862793
2025-09-29 14:19:39.905793,5,13.930179595947266
2025-09-30 14:19:39.905793,5,13.566664695739746
2025-10-01 14:19:39.905793,5,13.457439422607422
2025-10-02 14:19:39.905793,5,13.608288764953612
2025-10-03 14:19:39.905793,5,13.930180549621582
2025-10-06 14:19:39.905793,5,13.56666374206543
2025-10-07 14:19:39.905793,5,13.457441329956056
2025-10-08 14:19:39.905793,5,13.60828971862793
2025-10-09 14:19:39.905793,5,13.930179595947266
2025-10-10 14:19:39.905793,5,13.566664695739746
2025-10-13 14:19:39.905793,5,13.457439422607422
2025-10-14 14:19:39.905793,5,13.608288764953612
2025-10-15 14:19:39.905793,5,13.930180549621582
2025-10-16 14:19:39.905793,5,13.56666374206543
2025-10-17 14:19:39.905793,5,13.457441329956056
2025-04-25 14:19:39.905793,6,7.276628017425537
2025-04-28 14:19:39.905793,6,7.1900739669799805
2025-04-29 14:19:39.905793,6,7.389788627624512
2025-04-30 14:19:39.905793,6,8.646610260009766
2025-05-01 14:19:39.905793,6,9.243570327758787
2025-05-02 14:19:39.905793,6,9.088266372680664
2025-05-05 14:19:39.905793,6,9.245394706726074
2025-05-06 14:19:39.905793,6,9.582242965698242
2025-05-07 14:19:39.905793,6,9.552796363830566
2025-05-08 14:19:39.905793,6,9.39001750946045
2025-05-09 14:19:39.905793,6,9.493417739868164
2025-05-12 14:19:39.905793,6,9.671085357666016
2025-05-13 14:19:39.905793,6,9.594910621643066
2025-05-14 14:19:39.905793,6,9.427523612976074
2025-05-15 14:19:39.905793,6,9.52299690246582
2025-05-16 14:19:39.905793,6,9.680416107177734
2025-05-19 14:19:39.905793,6,9.600336074829102
2025-05-20 14:19:39.905793,6,9.43202018737793
2025-05-21 14:19:39.905793,6,9.52645492553711
2025-05-22 14:19:39.905793,6,9.681468963623049
2025-05-23 14:19:39.905793,6,9.601009368896484
2025-05-26 14:19:39.905793,6,9.432552337646484
2025-05-27 14:19:39.905793,6,9.526859283447266
2025-05-28 14:19:39.905793,6,9.681591987609863
2025-05-29 14:19:39.905793,6,9.601091384887695
2025-05-30 14:19:39.905793,6,9.432615280151367
2025-06-02 14:19:39.905793,6,9.526906967163086
2025-06-03 14:19:39.905793,6,9.68160629272461
2025-06-04 14:19:39.905793,6,9.60110092163086
2025-06-05 14:19:39.905793,6,9.432622909545898
2025-06-06 14:19:39.905793,6,9.526911735534668
2025-06-09 14:19:39.905793,6,9.681608200073242
2025-06-10 14:19:39.905793,6,9.60110092163086
2025-06-11 14:19:39.905793,6,9.432623863220217
2025-06-12 14:19:39.905793,6,9.526912689208984
2025-06-13 14:19:39.905793,6,9.681608200073242
2025-06-16 14:19:39.905793,6,9.601101875305176
2025-06-17 14:19:39.905793,6,9.432623863220217
2025-06-18 14:19:39.905793,6,9.526912689208984
2025-06-19 14:19:39.905793,6,9.681608200073242
2025-06-20 14:19:39.905793,6,9.601101875305176
2025-06-23 14:19:39.905793,6,9.432623863220217
2025-06-24 14:19:39.905793,6,9.526912689208984
2025-06-25 14:19:39.905793,6,9.681608200073242
2025-06-26 14:19:39.905793,6,9.601101875305176
2025-06-27 14:19:39.905793,6,9.432623863220217
2025-06-30 14:19:39.905793,6,9.526912689208984
2025-07-01 14:19:39.905793,6,9.681608200073242
2025-07-02 14:19:39.905793,6,9.601101875305176
2025-07-03 14:19:39.905793,6,9.432623863220217
2025-07-04 14:19:39.905793,6,9.526912689208984
2025-07-07 14:19:39.905793,6,9.681608200073242
2025-07-08 14:19:39.905793,6,9.601101875305176
2025-07-09 14:19:39.905793,6,9.432623863220217
2025-07-10 14:19:39.905793,6,9.526912689208984
2025-07-11 14:19:39.905793,6,9.681608200073242
2025-07-14 14:19:39.905793,6,9.601101875305176
2025-07-15 14:19:39.905793,6,9.432623863220217
2025-07-16 14:19:39.905793,6,9.526912689208984
2025-07-17 14:19:39.905793,6,9.681608200073242
2025-07-18 14:19:39.905793,6,9.601101875305176
2025-07-21 14:19:39.905793,6,9.432623863220217
2025-07-22 14:19:39.905793,6,9.526912689208984
2025-07-23 14:19:39.905793,6,9.681608200073242
2025-07-24 14:19:39.905793,6,9.601101875305176
2025-07-25 14:19:39.905793,6,9.432623863220217
2025-07-28 14:19:39.905793,6,9.526912689208984
2025-07-29 14:19:39.905793,6,9.681608200073242
2025-07-30 14:19:39.905793,6,9.601101875305176
2025-07-31 14:19:39.905793,6,9.432623863220217
2025-08-01 14:19:39.905793,6,9.526912689208984
2025-08-04 14:19:39.905793,6,9.681608200073242
2025-08-05 14:19:39.905793,6,9.601101875305176
2025-08-06 14:19:39.905793,6,9.432623863220217
2025-08-07 14:19:39.905793,6,9.526912689208984
2025-08-08 14:19:39.905793,6,9.681608200073242
2025-08-11 14:19:39.905793,6,9.601101875305176
2025-08-12 14:19:39.905793,6,9.432623863220217
2025-08-13 14:19:39.905793,6,9.526912689208984
2025-08-14 14:19:39.905793,6,9.681608200073242
2025-08-15 14:19:39.905793,6,9.601101875305176
2025-08-18 14:19:39.905793,6,9.432623863220217
2025-08-19 14:19:39.905793,6,9.526912689208984
2025-08-20 14:19:39.905793,6,9.681608200073242
2025-08-21 14:19:39.905793,6,9.601101875305176
2025-08-22 14:19:39.905793,6,9.432623863220217
2025-08-25 14:19:39.905793,6,9.526912689208984
2025-08-26 14:19:39.905793,6,9.681608200073242
2025-08-27 14:19:39.905793,6,9.601101875305176
2025-08-28 14:19:39.905793,6,9.432623863220217
2025-08-29 14:19:39.905793,6,9.526912689208984
2025-09-01 14:19:39.905793,6,9.681608200073242
2025-09-02 14:19:39.905793,6,9.601101875305176
2025-09-03 14:19:39.905793,6,9.432623863220217
2025-09-04 14:19:39.905793,6,9.526912689208984
2025-09-05 14:19:39.905793,6,9.681608200073242
2025-09-08 14:19:39.905793,6,9.601101875305176
2025-09-09 14:19:39.905793,6,9.432623863220217
2025-09-10 14:19:39.905793,6,9.526912689208984
2025-09-11 14:19:39.905793,6,9.681608200073242
2025-09-12 14:19:39.905793,6,9.601101875305176
2025-09-15 14:19:39.905793,6,9.432623863220217
2025-09-16 14:19:39.905793,6,9.526912689208984
2025-09-17 14:19:39.905793,6,9.681608200073242
2025-09-18 14:19:39.905793,6,9.601101875305176
2025-09-19 14:19:39.905793,6,9.432623863220217
2025-09-22 14:19:39.905793,6,9.526912689208984
2025-09-23 14:19:39.905793,6,9.681608200073242
2025-09-24 14:19:39.905793,6,9.601101875305176
2025-09-25 14:19:39.905793,6,9.432623863220217
2025-09-26 14:19:39.905793,6,9.526912689208984
2025-09-29 14:19:39.905793,6,9.681608200073242
2025-09-30 14:19:39.905793,6,9.601101875305176
2025-10-01 14:19:39.905793,6,9.432623863220217
2025-10-02 14:19:39.905793,6,9.526912689208984
2025-10-03 14:19:39.905793,6,9.681608200073242
2025-10-06 14:19:39.905793,6,9.601101875305176
2025-10-07 14:19:39.905793,6,9.432623863220217
2025-10-08 14:19:39.905793,6,9.526912689208984
2025-10-09 14:19:39.905793,6,9.681608200073242
2025-10-10 14:19:39.905793,6,9.601101875305176
2025-10-13 14:19:39.905793,6,9.432623863220217
2025-10-14 14:19:39.905793,6,9.526912689208984
2025-10-15 14:19:39.905793,6,9.681608200073242
2025-10-16 14:19:39.905793,6,9.601101875305176
2025-10-17 14:19:39.905793,6,9.432623863220217
2025-04-25 14:19:39.905793,7,7.284770965576172
2025-04-28 14:19:39.905793,7,6.798718452453613
2025-04-29 14:19:39.905793,7,6.776811599731445
2025-04-30 14:19:39.905793,7,8.75264835357666
2025-05-01 14:19:39.905793,7,10.573175430297852
2025-05-02 14:19:39.905793,7,10.322113037109377
2025-05-05 14:19:39.905793,7,10.680437088012695
2025-05-06 14:19:39.905793,7,11.825644493103027
2025-05-07 14:19:39.905793,7,12.1084566116333
2025-05-08 14:19:39.905793,7,11.573223114013672
2025-05-09 14:19:39.905793,7,11.831266403198242
2025-05-12 14:19:39.905793,7,12.391571044921877
2025-05-13 14:19:39.905793,7,12.31468391418457
2025-05-14 14:19:39.905793,7,11.716390609741213
2025-05-15 14:19:39.905793,7,11.99263858795166
2025-05-16 14:19:39.905793,7,12.454898834228516
2025-05-19 14:19:39.905793,7,12.335027694702148
2025-05-20 14:19:39.905793,7,11.731925964355469
2025-05-21 14:19:39.905793,7,12.01091480255127
2025-05-22 14:19:39.905793,7,12.461396217346191
2025-05-23 14:19:39.905793,7,12.337203025817873
2025-05-26 14:19:39.905793,7,11.733587265014648
2025-05-27 14:19:39.905793,7,12.012874603271484
2025-05-28 14:19:39.905793,7,12.462076187133787
2025-05-29 14:19:39.905793,7,12.337434768676758
2025-05-30 14:19:39.905793,7,11.733762741088867
2025-06-02 14:19:39.905793,7,12.01308250427246
2025-06-03 14:19:39.905793,7,12.462148666381836
2025-06-04 14:19:39.905793,7,12.337457656860352
2025-06-05 14:19:39.905793,7,11.733781814575195
2025-06-06 14:19:39.905793,7,12.013104438781738
2025-06-09 14:19:39.905793,7,12.462156295776367
2025-06-10 14:19:39.905793,7,12.337461471557615
2025-06-11 14:19:39.905793,7,11.733782768249512
2025-06-12 14:19:39.905793,7,12.013107299804688
2025-06-13 14:19:39.905793,7,12.462156295776367
2025-06-16 14:19:39.905793,7,12.337461471557615
2025-06-17 14:19:39.905793,7,11.733783721923828
2025-06-18 14:19:39.905793,7,12.013107299804688
2025-06-19 14:19:39.905793,7,12.462156295776367
2025-06-20 14:19:39.905793,7,12.337461471557615
2025-06-23 14:19:39.905793,7,11.733783721923828
2025-06-24 14:19:39.905793,7,12.013107299804688
2025-06-25 14:19:39.905793,7,12.462156295776367
2025-06-26 14:19:39.905793,7,12.337461471557615
2025-06-27 14:19:39.905793,7,11.733783721923828
2025-06-30 14:19:39.905793,7,12.013107299804688
2025-07-01 14:19:39.905793,7,12.462156295776367
2025-07-02 14:19:39.905793,7,12.337461471557615
2025-07-03 14:19:39.905793,7,11.733783721923828
2025-07-04 14:19:39.905793,7,12.013107299804688
2025-07-07 14:19:39.905793,7,12.462156295776367
2025-07-08 14:19:39.905793,7,12.337461471557615
2025-07-09 14:19:39.905793,7,11.733783721923828
2025-07-10 14:19:39.905793,7,12.013107299804688
2025-07-11 14:19:39.905793,7,12.462156295776367
2025-07-14 14:19:39.905793,7,12.337461471557615
2025-07-15 14:19:39.905793,7,11.733783721923828
2025-07-16 14:19:39.905793,7,12.013107299804688
2025-07-17 14:19:39.905793,7,12.462156295776367
2025-07-18 14:19:39.905793,7,12.337461471557615
2025-07-21 14:19:39.905793,7,11.733783721923828
2025-07-22 14:19:39.905793,7,12.013107299804688
2025-07-23 14:19:39.905793,7,12.462156295776367
2025-07-24 14:19:39.905793,7,12.337461471557615
2025-07-25 14:19:39.905793,7,11.733783721923828
2025-07-28 14:19:39.905793,7,12.013107299804688
2025-07-29 14:19:39.905793,7,12.462156295776367
2025-07-30 14:19:39.905793,7,12.337461471557615
2025-07-31 14:19:39.905793,7,11.733783721923828
2025-08-01 14:19:39.905793,7,12.013107299804688
2025-08-04 14:19:39.905793,7,12.462156295776367
2025-08-05 14:19:39.905793,7,12.337461471557615
2025-08-06 14:19:39.905793,7,11.733783721923828
2025-08-07 14:19:39.905793,7,12.013107299804688
2025-08-08 14:19:39.905793,7,12.462156295776367
2025-08-11 14:19:39.905793,7,12.337461471557615
2025-08-12 14:19:39.905793,7,11.733783721923828
2025-08-13 14:19:39.905793,7,12.013107299804688
2025-08-14 14:19:39.905793,7,12.462156295776367
2025-08-15 14:19:39.905793,7,12.337461471557615
2025-08-18 14:19:39.905793,7,11.733783721923828
2025-08-19 14:19:39.905793,7,12.013107299804688
2025-08-20 14:19:39.905793,7,12.462156295776367
2025-08-21 14:19:39.905793,7,12.337461471557615
2025-08-22 14:19:39.905793,7,11.733783721923828
2025-08-25 14:19:39.905793,7,12.013107299804688
2025-08-26 14:19:39.905793,7,12.462156295776367
2025-08-27 14:19:39.905793,7,12.337461471557615
2025-08-28 14:19:39.905793,7,11.733783721923828
2025-08-29 14:19:39.905793,7,12.013107299804688
2025-09-01 14:19:39.905793,7,12.462156295776367
2025-09-02 14:19:39.905793,7,12.337461471557615
2025-09-03 14:19:39.905793,7,11.733783721923828
2025-09-04 14:19:39.905793,7,12.013107299804688
2025-09-05 14:19:39.905793,7,12.462156295776367
2025-09-08 14:19:39.905793,7,12.337461471557615
2025-09-09 14:19:39.905793,7,11.733783721923828
2025-09-10 14:19:39.905793,7,12.013107299804688
2025-09-11 14:19:39.905793,7,12.462156295776367
2025-09-12 14:19:39.905793,7,12.337461471557615
2025-09-15 14:19:39.905793,7,11.733783721923828
2025-09-16 14:19:39.905793,7,12.013107299804688
2025-09-17 14:19:39.905793,7,12.462156295776367
2025-09-18 14:19:39.905793,7,12.337461471557615
2025-09-19 14:19:39.905793,7,11.733783721923828
2025-09-22 14:19:39.905793,7,12.013107299804688
2025-09-23 14:19:39.905793,7,12.462156295776367
2025-09-24 14:19:39.905793,7,12.337461471557615
2025-09-25 14:19:39.905793,7,11.733783721923828
2025-09-26 14:19:39.905793,7,12.013107299804688
2025-09-29 14:19:39.905793,7,12.462156295776367
2025-09-30 14:19:39.905793,7,12.337461471557615
2025-10-01 14:19:39.905793,7,11.733783721923828
2025-10-02 14:19:39.905793,7,12.013107299804688
2025-10-03 14:19:39.905793,7,12.462156295776367
2025-10-06 14:19:39.905793,7,12.337461471557615
2025-10-07 14:19:39.905793,7,11.733783721923828
2025-10-08 14:19:39.905793,7,12.013107299804688
2025-10-09 14:19:39.905793,7,12.462156295776367
2025-10-10 14:19:39.905793,7,12.337461471557615
2025-10-13 14:19:39.905793,7,11.733783721923828
2025-10-14 14:19:39.905793,7,12.013107299804688
2025-10-15 14:19:39.905793,7,12.462156295776367
2025-10-16 14:19:39.905793,7,12.337461471557615
2025-10-17 14:19:39.905793,7,11.733783721923828
2025-04-25 14:19:39.905793,8,6.0698089599609375
2025-04-28 14:19:39.905793,8,5.956247329711914
2025-04-29 14:19:39.905793,8,6.291367530822754
2025-04-30 14:19:39.905793,8,7.364921092987059
2025-05-01 14:19:39.905793,8,9.10103988647461
2025-05-02 14:19:39.905793,8,8.658736228942871
2025-05-05 14:19:39.905793,8,8.816720008850098
2025-05-06 14:19:39.905793,8,9.113070487976074
2025-05-07 14:19:39.905793,8,9.434102058410645
2025-05-08 14:19:39.905793,8,9.406911849975586
2025-05-09 14:19:39.905793,8,9.434082984924316
2025-05-12 14:19:39.905793,8,9.518342971801758
2025-05-13 14:19:39.905793,8,9.561360359191896
2025-05-14 14:19:39.905793,8,9.552974700927734
2025-05-15 14:19:39.905793,8,9.558164596557615
2025-05-16 14:19:39.905793,8,9.60736846923828
2025-05-19 14:19:39.905793,8,9.590292930603027
2025-05-20 14:19:39.905793,8,9.580047607421877
2025-05-21 14:19:39.905793,8,9.582557678222656
2025-05-22 14:19:39.905793,8,9.62608528137207
2025-05-23 14:19:39.905793,8,9.5961275100708
2025-05-26 14:19:39.905793,8,9.585216522216797
2025-05-27 14:19:39.905793,8,9.587425231933594
2025-05-28 14:19:39.905793,8,9.629940032958984
2025-05-29 14:19:39.905793,8,9.597280502319336
2025-05-30 14:19:39.905793,8,9.586233139038086
2025-06-02 14:19:39.905793,8,9.588406562805176
2025-06-03 14:19:39.905793,8,9.630727767944336
2025-06-04 14:19:39.905793,8,9.597509384155272
2025-06-05 14:19:39.905793,8,9.586437225341797
2025-06-06 14:19:39.905793,8,9.588603973388672
2025-06-09 14:19:39.905793,8,9.630887985229492
2025-06-10 14:19:39.905793,8,9.59755516052246
2025-06-11 14:19:39.905793,8,9.586477279663086
2025-06-12 14:19:39.905793,8,9.588645935058594
2025-06-13 14:19:39.905793,8,9.630919456481934
2025-06-16 14:19:39.905793,8,9.597564697265623
2025-06-17 14:19:39.905793,8,9.58648681640625
2025-06-18 14:19:39.905793,8,9.588653564453123
2025-06-19 14:19:39.905793,8,9.630926132202148
2025-06-20 14:19:39.905793,8,9.597566604614258
2025-06-23 14:19:39.905793,8,9.586487770080566
2025-06-24 14:19:39.905793,8,9.588655471801758
2025-06-25 14:19:39.905793,8,9.63092803955078
2025-06-26 14:19:39.905793,8,9.597566604614258
2025-06-27 14:19:39.905793,8,9.586487770080566
2025-06-30 14:19:39.905793,8,9.588655471801758
2025-07-01 14:19:39.905793,8,9.63092803955078
2025-07-02 14:19:39.905793,8,9.597566604614258
2025-07-03 14:19:39.905793,8,9.586487770080566
2025-07-04 14:19:39.905793,8,9.588655471801758
2025-07-07 14:19:39.905793,8,9.63092803955078
2025-07-08 14:19:39.905793,8,9.597566604614258
2025-07-09 14:19:39.905793,8,9.586487770080566
2025-07-10 14:19:39.905793,8,9.588655471801758
2025-07-11 14:19:39.905793,8,9.63092803955078
2025-07-14 14:19:39.905793,8,9.597566604614258
2025-07-15 14:19:39.905793,8,9.586487770080566
2025-07-16 14:19:39.905793,8,9.588655471801758
2025-07-17 14:19:39.905793,8,9.63092803955078
2025-07-18 14:19:39.905793,8,9.597566604614258
2025-07-21 14:19:39.905793,8,9.586487770080566
2025-07-22 14:19:39.905793,8,9.588655471801758
2025-07-23 14:19:39.905793,8,9.63092803955078
2025-07-24 14:19:39.905793,8,9.597566604614258
2025-07-25 14:19:39.905793,8,9.586487770080566
2025-07-28 14:19:39.905793,8,9.588655471801758
2025-07-29 14:19:39.905793,8,9.63092803955078
2025-07-30 14:19:39.905793,8,9.597566604614258
2025-07-31 14:19:39.905793,8,9.586487770080566
2025-08-01 14:19:39.905793,8,9.588655471801758
2025-08-04 14:19:39.905793,8,9.63092803955078
2025-08-05 14:19:39.905793,8,9.597566604614258
2025-08-06 14:19:39.905793,8,9.586487770080566
2025-08-07 14:19:39.905793,8,9.588655471801758
2025-08-08 14:19:39.905793,8,9.63092803955078
2025-08-11 14:19:39.905793,8,9.597566604614258
2025-08-12 14:19:39.905793,8,9.586487770080566
2025-08-13 14:19:39.905793,8,9.588655471801758
2025-08-14 14:19:39.905793,8,9.63092803955078
2025-08-15 14:19:39.905793,8,9.597566604614258
2025-08-18 14:19:39.905793,8,9.586487770080566
2025-08-19 14:19:39.905793,8,9.588655471801758
2025-08-20 14:19:39.905793,8,9.63092803955078
2025-08-21 14:19:39.905793,8,9.597566604614258
2025-08-22 14:19:39.905793,8,9.586487770080566
2025-08-25 14:19:39.905793,8,9.588655471801758
2025-08-26 14:19:39.905793,8,9.63092803955078
2025-08-27 14:19:39.905793,8,9.597566604614258
2025-08-28 14:19:39.905793,8,9.586487770080566
2025-08-29 14:19:39.905793,8,9.588655471801758
2025-09-01 14:19:39.905793,8,9.63092803955078
2025-09-02 14:19:39.905793,8,9.597566604614258
2025-09-03 14:19:39.905793,8,9.586487770080566
2025-09-04 14:19:39.905793,8,9.588655471801758
2025-09-05 14:19:39.905793,8,9.63092803955078
2025-09-08 14:19:39.905793,8,9.597566604614258
2025-09-09 14:19:39.905793,8,9.586487770080566
2025-09-10 14:19:39.905793,8,9.588655471801758
2025-09-11 14:19:39.905793,8,9.63092803955078
2025-09-12 14:19:39.905793,8,9.597566604614258
2025-09-15 14:19:39.905793,8,9.586487770080566
2025-09-16 14:19:39.905793,8,9.588655471801758
2025-09-17 14:19:39.905793,8,9.63092803955078
2025-09-18 14:19:39.905793,8,9.597566604614258
2025-09-19 14:19:39.905793,8,9.586487770080566
2025-09-22 14:19:39.905793,8,9.588655471801758
2025-09-23 14:19:39.905793,8,9.63092803955078
2025-09-24 14:19:39.905793,8,9.597566604614258
2025-09-25 14:19:39.905793,8,9.586487770080566
2025-09-26 14:19:39.905793,8,9.588655471801758
2025-09-29 14:19:39.905793,8,9.63092803955078
2025-09-30 14:19:39.905793,8,9.597566604614258
2025-10-01 14:19:39.905793,8,9.586487770080566
2025-10-02 14:19:39.905793,8,9.588655471801758
2025-10-03 14:19:39.905793,8,9.63092803955078
2025-10-06 14:19:39.905793,8,9.597566604614258
2025-10-07 14:19:39.905793,8,9.586487770080566
2025-10-08 14:19:39.905793,8,9.588655471801758
2025-10-09 14:19:39.905793,8,9.63092803955078
2025-10-10 14:19:39.905793,8,9.597566604614258
2025-10-13 14:19:39.905793,8,9.586487770080566
2025-10-14 14:19:39.905793,8,9.588655471801758
2025-10-15 14:19:39.905793,8,9.63092803955078
2025-10-16 14:19:39.905793,8,9.597566604614258
2025-10-17 14:19:39.905793,8,9.586487770080566
2025-04-25 14:19:39.905793,9,10.755297660827637
2025-04-28 14:19:39.905793,9,11.064852714538574
2025-04-29 14:19:39.905793,9,10.6073579788208
2025-04-30 14:19:39.905793,9,10.893353462219238
2025-05-01 14:19:39.905793,9,10.482967376708984
2025-05-02 14:19:39.905793,9,9.98695945739746
2025-05-05 14:19:39.905793,9,9.119248390197754
2025-05-06 14:19:39.905793,9,9.965855598449709
2025-05-07 14:19:39.905793,9,10.132631301879885
2025-05-08 14:19:39.905793,9,9.91204071044922
2025-05-09 14:19:39.905793,9,8.940725326538086
2025-05-12 14:19:39.905793,9,9.863208770751951
2025-05-13 14:19:39.905793,9,10.081794738769531
2025-05-14 14:19:39.905793,9,9.929439544677734
2025-05-15 14:19:39.905793,9,8.940861701965332
2025-05-16 14:19:39.905793,9,9.856830596923828
2025-05-19 14:19:39.905793,9,10.0795259475708
2025-05-20 14:19:39.905793,9,9.928049087524414
2025-05-21 14:19:39.905793,9,8.940454483032227
2025-05-22 14:19:39.905793,9,9.85643482208252
2025-05-23 14:19:39.905793,9,10.079245567321776
2025-05-26 14:19:39.905793,9,9.928197860717772
2025-05-27 14:19:39.905793,9,8.940444946289062
2025-05-28 14:19:39.905793,9,9.856407165527344
2025-05-29 14:19:39.905793,9,10.079236030578612
2025-05-30 14:19:39.905793,9,9.928187370300291
2025-06-02 14:19:39.905793,9,8.940444946289062
2025-06-03 14:19:39.905793,9,9.856402397155762
2025-06-04 14:19:39.905793,9,10.079235076904297
2025-06-05 14:19:39.905793,9,9.92818832397461
2025-06-06 14:19:39.905793,9,8.940443992614746
2025-06-09 14:19:39.905793,9,9.856403350830078
2025-06-10 14:19:39.905793,9,10.079235076904297
2025-06-11 14:19:39.905793,9,9.92818832397461
2025-06-12 14:19:39.905793,9,8.94044303894043
2025-06-13 14:19:39.905793,9,9.856404304504396
2025-06-16 14:19:39.905793,9,10.079235076904297
2025-06-17 14:19:39.905793,9,9.92818832397461
2025-06-18 14:19:39.905793,9,8.940444946289062
2025-06-19 14:19:39.905793,9,9.856404304504396
2025-06-20 14:19:39.905793,9,10.079236030578612
2025-06-23 14:19:39.905793,9,9.92818832397461
2025-06-24 14:19:39.905793,9,8.940444946289062
2025-06-25 14:19:39.905793,9,9.856405258178713
2025-06-26 14:19:39.905793,9,10.079236030578612
2025-06-27 14:19:39.905793,9,9.92818832397461
2025-06-30 14:19:39.905793,9,8.94044303894043
2025-07-01 14:19:39.905793,9,9.856403350830078
2025-07-02 14:19:39.905793,9,10.079235076904297
2025-07-03 14:19:39.905793,9,9.92818832397461
2025-07-04 14:19:39.905793,9,8.940443992614746
2025-07-07 14:19:39.905793,9,9.856403350830078
2025-07-08 14:19:39.905793,9,10.079235076904297
2025-07-09 14:19:39.905793,9,9.92818832397461
2025-07-10 14:19:39.905793,9,8.94044303894043
2025-07-11 14:19:39.905793,9,9.856404304504396
2025-07-14 14:19:39.905793,9,10.079235076904297
2025-07-15 14:19:39.905793,9,9.92818832397461
2025-07-16 14:19:39.905793,9,8.940444946289062
2025-07-17 14:19:39.905793,9,9.856404304504396
2025-07-18 14:19:39.905793,9,10.079236030578612
2025-07-21 14:19:39.905793,9,9.92818832397461
2025-07-22 14:19:39.905793,9,8.940444946289062
2025-07-23 14:19:39.905793,9,9.856405258178713
2025-07-24 14:19:39.905793,9,10.079236030578612
2025-07-25 14:19:39.905793,9,9.92818832397461
2025-07-28 14:19:39.905793,9,8.94044303894043
2025-07-29 14:19:39.905793,9,9.856403350830078
2025-07-30 14:19:39.905793,9,10.079235076904297
2025-07-31 14:19:39.905793,9,9.92818832397461
2025-08-01 14:19:39.905793,9,8.940443992614746
2025-08-04 14:19:39.905793,9,9.856403350830078
2025-08-05 14:19:39.905793,9,10.079235076904297
2025-08-06 14:19:39.905793,9,9.92818832397461
2025-08-07 14:19:39.905793,9,8.94044303894043
2025-08-08 14:19:39.905793,9,9.856404304504396
2025-08-11 14:19:39.905793,9,10.079235076904297
2025-08-12 14:19:39.905793,9,9.92818832397461
2025-08-13 14:19:39.905793,9,8.940444946289062
2025-08-14 14:19:39.905793,9,9.856404304504396
2025-08-15 14:19:39.905793,9,10.079236030578612
2025-08-18 14:19:39.905793,9,9.92818832397461
2025-08-19 14:19:39.905793,9,8.940444946289062
2025-08-20 14:19:39.905793,9,9.856405258178713
2025-08-21 14:19:39.905793,9,10.079236030578612
2025-08-22 14:19:39.905793,9,9.92818832397461
2025-08-25 14:19:39.905793,9,8.94044303894043
2025-08-26 14:19:39.905793,9,9.856403350830078
2025-08-27 14:19:39.905793,9,10.079235076904297
2025-08-28 14:19:39.905793,9,9.92818832397461
2025-08-29 14:19:39.905793,9,8.940443992614746
2025-09-01 14:19:39.905793,9,9.856403350830078
2025-09-02 14:19:39.905793,9,10.079235076904297
2025-09-03 14:19:39.905793,9,9.92818832397461
2025-09-04 14:19:39.905793,9,8.94044303894043
2025-09-05 14:19:39.905793,9,9.856404304504396
2025-09-08 14:19:39.905793,9,10.079235076904297
2025-09-09 14:19:39.905793,9,9.92818832397461
2025-09-10 14:19:39.905793,9,8.940444946289062
2025-09-11 14:19:39.905793,9,9.856404304504396
2025-09-12 14:19:39.905793,9,10.079236030578612
2025-09-15 14:19:39.905793,9,9.92818832397461
2025-09-16 14:19:39.905793,9,8.940444946289062
2025-09-17 14:19:39.905793,9,9.856405258178713
2025-09-18 14:19:39.905793,9,10.079236030578612
2025-09-19 14:19:39.905793,9,9.92818832397461
2025-09-22 14:19:39.905793,9,8.94044303894043
2025-09-23 14:19:39.905793,9,9.856403350830078
2025-09-24 14:19:39.905793,9,10.079235076904297
2025-09-25 14:19:39.905793,9,9.92818832397461
2025-09-26 14:19:39.905793,9,8.940443992614746
2025-09-29 14:19:39.905793,9,9.856403350830078
2025-09-30 14:19:39.905793,9,10.079235076904297
2025-10-01 14:19:39.905793,9,9.92818832397461
2025-10-02 14:19:39.905793,9,8.94044303894043
2025-10-03 14:19:39.905793,9,9.856404304504396
2025-10-06 14:19:39.905793,9,10.079235076904297
2025-10-07 14:19:39.905793,9,9.92818832397461
2025-10-08 14:19:39.905793,9,8.940444946289062
2025-10-09 14:19:39.905793,9,9.856404304504396
2025-10-10 14:19:39.905793,9,10.079236030578612
2025-10-13 14:19:39.905793,9,9.92818832397461
2025-10-14 14:19:39.905793,9,8.940444946289062
2025-10-15 14:19:39.905793,9,9.856405258178713
2025-10-16 14:19:39.905793,9,10.079236030578612
2025-10-17 14:19:39.905793,9,9.92818832397461
2025-04-25 14:19:39.905793,11,6.977484703063965
2025-04-28 14:19:39.905793,11,7.014505863189697
2025-04-29 14:19:39.905793,11,6.815666198730469
2025-04-30 14:19:39.905793,11,9.420636177062988
2025-05-01 14:19:39.905793,11,11.06436252593994
2025-05-02 14:19:39.905793,11,11.993962287902832
2025-05-05 14:19:39.905793,11,12.245463371276855
2025-05-06 14:19:39.905793,11,12.73968505859375
2025-05-07 14:19:39.905793,11,12.704019546508787
2025-05-08 14:19:39.905793,11,12.764455795288086
2025-05-09 14:19:39.905793,11,12.782276153564451
2025-05-12 14:19:39.905793,11,12.787633895874023
2025-05-13 14:19:39.905793,11,12.629672050476074
2025-05-14 14:19:39.905793,11,12.701017379760742
2025-05-15 14:19:39.905793,11,12.76205825805664
2025-05-16 14:19:39.905793,11,12.783025741577148
2025-05-19 14:19:39.905793,11,12.63384246826172
2025-05-20 14:19:39.905793,11,12.705190658569336
2025-05-21 14:19:39.905793,11,12.76294994354248
2025-05-22 14:19:39.905793,11,12.783349990844728
2025-05-23 14:19:39.905793,11,12.633602142333984
2025-05-26 14:19:39.905793,11,12.704936027526855
2025-05-27 14:19:39.905793,11,12.76290512084961
2025-05-28 14:19:39.905793,11,12.783329010009766
2025-05-29 14:19:39.905793,11,12.633617401123049
2025-05-30 14:19:39.905793,11,12.704952239990234
2025-06-02 14:19:39.905793,11,12.762908935546877
2025-06-03 14:19:39.905793,11,12.783330917358398
2025-06-04 14:19:39.905793,11,12.633615493774414
2025-06-05 14:19:39.905793,11,12.704951286315918
2025-06-06 14:19:39.905793,11,12.762907028198242
2025-06-09 14:19:39.905793,11,12.783330917358398
2025-06-10 14:19:39.905793,11,12.633615493774414
2025-06-11 14:19:39.905793,11,12.704952239990234
2025-06-12 14:19:39.905793,11,12.76290798187256
2025-06-13 14:19:39.905793,11,12.783329010009766
2025-06-16 14:19:39.905793,11,12.633615493774414
2025-06-17 14:19:39.905793,11,12.704950332641602
2025-06-18 14:19:39.905793,11,12.762907028198242
2025-06-19 14:19:39.905793,11,12.783329963684082
2025-06-20 14:19:39.905793,11,12.633615493774414
2025-06-23 14:19:39.905793,11,12.704951286315918
2025-06-24 14:19:39.905793,11,12.76290798187256
2025-06-25 14:19:39.905793,11,12.783330917358398
2025-06-26 14:19:39.905793,11,12.633615493774414
2025-06-27 14:19:39.905793,11,12.704952239990234
2025-06-30 14:19:39.905793,11,12.762907028198242
2025-07-01 14:19:39.905793,11,12.783329963684082
2025-07-02 14:19:39.905793,11,12.633615493774414
2025-07-03 14:19:39.905793,11,12.704952239990234
2025-07-04 14:19:39.905793,11,12.762908935546877
2025-07-07 14:19:39.905793,11,12.783330917358398
2025-07-08 14:19:39.905793,11,12.633615493774414
2025-07-09 14:19:39.905793,11,12.704951286315918
2025-07-10 14:19:39.905793,11,12.762907028198242
2025-07-11 14:19:39.905793,11,12.783330917358398
2025-07-14 14:19:39.905793,11,12.633615493774414
2025-07-15 14:19:39.905793,11,12.704952239990234
2025-07-16 14:19:39.905793,11,12.76290798187256
2025-07-17 14:19:39.905793,11,12.783329010009766
2025-07-18 14:19:39.905793,11,12.633615493774414
2025-07-21 14:19:39.905793,11,12.704950332641602
2025-07-22 14:19:39.905793,11,12.762907028198242
2025-07-23 14:19:39.905793,11,12.783329963684082
2025-07-24 14:19:39.905793,11,12.633615493774414
2025-07-25 14:19:39.905793,11,12.704951286315918
2025-07-28 14:19:39.905793,11,12.76290798187256
2025-07-29 14:19:39.905793,11,12.783330917358398
2025-07-30 14:19:39.905793,11,12.633615493774414
2025-07-31 14:19:39.905793,11,12.704952239990234
2025-08-01 14:19:39.905793,11,12.762907028198242
2025-08-04 14:19:39.905793,11,12.783329963684082
2025-08-05 14:19:39.905793,11,12.633615493774414
2025-08-06 14:19:39.905793,11,12.704952239990234
2025-08-07 14:19:39.905793,11,12.762908935546877
2025-08-08 14:19:39.905793,11,12.783330917358398
2025-08-11 14:19:39.905793,11,12.633615493774414
2025-08-12 14:19:39.905793,11,12.704951286315918
2025-08-13 14:19:39.905793,11,12.762907028198242
2025-08-14 14:19:39.905793,11,12.783330917358398
2025-08-15 14:19:39.905793,11,12.633615493774414
2025-08-18 14:19:39.905793,11,12.704952239990234
2025-08-19 14:19:39.905793,11,12.76290798187256
2025-08-20 14:19:39.905793,11,12.783329010009766
2025-08-21 14:19:39.905793,11,12.633615493774414
2025-08-22 14:19:39.905793,11,12.704950332641602
2025-08-25 14:19:39.905793,11,12.762907028198242
2025-08-26 14:19:39.905793,11,12.783329963684082
2025-08-27 14:19:39.905793,11,12.633615493774414
2025-08-28 14:19:39.905793,11,12.704951286315918
2025-08-29 14:19:39.905793,11,12.76290798187256
2025-09-01 14:19:39.905793,11,12.783330917358398
2025-09-02 14:19:39.905793,11,12.633615493774414
2025-09-03 14:19:39.905793,11,12.704952239990234
2025-09-04 14:19:39.905793,11,12.762907028198242
2025-09-05 14:19:39.905793,11,12.783329963684082
2025-09-08 14:19:39.905793,11,12.633615493774414
2025-09-09 14:19:39.905793,11,12.704952239990234
2025-09-10 14:19:39.905793,11,12.762908935546877
2025-09-11 14:19:39.905793,11,12.783330917358398
2025-09-12 14:19:39.905793,11,12.633615493774414
2025-09-15 14:19:39.905793,11,12.704951286315918
2025-09-16 14:19:39.905793,11,12.762907028198242
2025-09-17 14:19:39.905793,11,12.783330917358398
2025-09-18 14:19:39.905793,11,12.633615493774414
2025-09-19 14:19:39.905793,11,12.704952239990234
2025-09-22 14:19:39.905793,11,12.76290798187256
2025-09-23 14:19:39.905793,11,12.783329010009766
2025-09-24 14:19:39.905793,11,12.633615493774414
2025-09-25 14:19:39.905793,11,12.704950332641602
2025-09-26 14:19:39.905793,11,12.762907028198242
2025-09-29 14:19:39.905793,11,12.783329963684082
2025-09-30 14:19:39.905793,11,12.633615493774414
2025-10-01 14:19:39.905793,11,12.704951286315918
2025-10-02 14:19:39.905793,11,12.76290798187256
2025-10-03 14:19:39.905793,11,12.783330917358398
2025-10-06 14:19:39.905793,11,12.633615493774414
2025-10-07 14:19:39.905793,11,12.704952239990234
2025-10-08 14:19:39.905793,11,12.762907028198242
2025-10-09 14:19:39.905793,11,12.783329963684082
2025-10-10 14:19:39.905793,11,12.633615493774414
2025-10-13 14:19:39.905793,11,12.704952239990234
2025-10-14 14:19:39.905793,11,12.762908935546877
2025-10-15 14:19:39.905793,11,12.783330917358398
2025-10-16 14:19:39.905793,11,12.633615493774414
2025-10-17 14:19:39.905793,11,12.704951286315918
2025-04-25 14:19:39.905793,12,11.910582542419434
2025-04-28 14:19:39.905793,12,11.939712524414062
2025-04-29 14:19:39.905793,12,11.956186294555664
2025-04-30 14:19:39.905793,12,13.341913223266602
2025-05-01 14:19:39.905793,12,12.617576599121094
2025-05-02 14:19:39.905793,12,12.232545852661133
2025-05-05 14:19:39.905793,12,12.547468185424805
2025-05-06 14:19:39.905793,12,12.796239852905272
2025-05-07 14:19:39.905793,12,12.533942222595217
2025-05-08 14:19:39.905793,12,12.192635536193848
2025-05-09 14:19:39.905793,12,12.547809600830078
2025-05-12 14:19:39.905793,12,12.829608917236328
2025-05-13 14:19:39.905793,12,12.541635513305664
2025-05-14 14:19:39.905793,12,12.193788528442385
2025-05-15 14:19:39.905793,12,12.546382904052734
2025-05-16 14:19:39.905793,12,12.827534675598145
2025-05-19 14:19:39.905793,12,12.541119575500488
2025-05-20 14:19:39.905793,12,12.193906784057615
2025-05-21 14:19:39.905793,12,12.546526908874512
2025-05-22 14:19:39.905793,12,12.82766056060791
2025-05-23 14:19:39.905793,12,12.541139602661133
2025-05-26 14:19:39.905793,12,12.193883895874023
2025-05-27 14:19:39.905793,12,12.546515464782717
2025-05-28 14:19:39.905793,12,12.827653884887695
2025-05-29 14:19:39.905793,12,12.541139602661133
2025-05-30 14:19:39.905793,12,12.193885803222656
2025-06-02 14:19:39.905793,12,12.546515464782717
2025-06-03 14:19:39.905793,12,12.827655792236328
2025-06-04 14:19:39.905793,12,12.541139602661133
2025-06-05 14:19:39.905793,12,12.193885803222656
2025-06-06 14:19:39.905793,12,12.546516418457031
2025-06-09 14:19:39.905793,12,12.827653884887695
2025-06-10 14:19:39.905793,12,12.541138648986816
2025-06-11 14:19:39.905793,12,12.193885803222656
2025-06-12 14:19:39.905793,12,12.546516418457031
2025-06-13 14:19:39.905793,12,12.827653884887695
2025-06-16 14:19:39.905793,12,12.541139602661133
2025-06-17 14:19:39.905793,12,12.193885803222656
2025-06-18 14:19:39.905793,12,12.546516418457031
2025-06-19 14:19:39.905793,12,12.82765293121338
2025-06-20 14:19:39.905793,12,12.541139602661133
2025-06-23 14:19:39.905793,12,12.19388484954834
2025-06-24 14:19:39.905793,12,12.546516418457031
2025-06-25 14:19:39.905793,12,12.827653884887695
2025-06-26 14:19:39.905793,12,12.541138648986816
2025-06-27 14:19:39.905793,12,12.193885803222656
2025-06-30 14:19:39.905793,12,12.546516418457031
2025-07-01 14:19:39.905793,12,12.827653884887695
2025-07-02 14:19:39.905793,12,12.541139602661133
2025-07-03 14:19:39.905793,12,12.193885803222656
2025-07-04 14:19:39.905793,12,12.546516418457031
2025-07-07 14:19:39.905793,12,12.82765293121338
2025-07-08 14:19:39.905793,12,12.541139602661133
2025-07-09 14:19:39.905793,12,12.19388484954834
2025-07-10 14:19:39.905793,12,12.546516418457031
2025-07-11 14:19:39.905793,12,12.827653884887695
2025-07-14 14:19:39.905793,12,12.541138648986816
2025-07-15 14:19:39.905793,12,12.193885803222656
2025-07-16 14:19:39.905793,12,12.546516418457031
2025-07-17 14:19:39.905793,12,12.827653884887695
2025-07-18 14:19:39.905793,12,12.541139602661133
2025-07-21 14:19:39.905793,12,12.193885803222656
2025-07-22 14:19:39.905793,12,12.546516418457031
2025-07-23 14:19:39.905793,12,12.82765293121338
2025-07-24 14:19:39.905793,12,12.541139602661133
2025-07-25 14:19:39.905793,12,12.19388484954834
2025-07-28 14:19:39.905793,12,12.546516418457031
2025-07-29 14:19:39.905793,12,12.827653884887695
2025-07-30 14:19:39.905793,12,12.541138648986816
2025-07-31 14:19:39.905793,12,12.193885803222656
2025-08-01 14:19:39.905793,12,12.546516418457031
2025-08-04 14:19:39.905793,12,12.827653884887695
2025-08-05 14:19:39.905793,12,12.541139602661133
2025-08-06 14:19:39.905793,12,12.193885803222656
2025-08-07 14:19:39.905793,12,12.546516418457031
2025-08-08 14:19:39.905793,12,12.82765293121338
2025-08-11 14:19:39.905793,12,12.541139602661133
2025-08-12 14:19:39.905793,12,12.19388484954834
2025-08-13 14:19:39.905793,12,12.546516418457031
2025-08-14 14:19:39.905793,12,12.827653884887695
2025-08-15 14:19:39.905793,12,12.541138648986816
2025-08-18 14:19:39.905793,12,12.193885803222656
2025-08-19 14:19:39.905793,12,12.546516418457031
2025-08-20 14:19:39.905793,12,12.827653884887695
2025-08-21 14:19:39.905793,12,12.541139602661133
2025-08-22 14:19:39.905793,12,12.193885803222656
2025-08-25 14:19:39.905793,12,12.546516418457031
2025-08-26 14:19:39.905793,12,12.82765293121338
2025-08-27 14:19:39.905793,12,12.541139602661133
2025-08-28 14:19:39.905793,12,12.19388484954834
2025-08-29 14:19:39.905793,12,12.546516418457031
2025-09-01 14:19:39.905793,12,12.827653884887695
2025-09-02 14:19:39.905793,12,12.541138648986816
2025-09-03 14:19:39.905793,12,12.193885803222656
2025-09-04 14:19:39.905793,12,12.546516418457031
2025-09-05 14:19:39.905793,12,12.827653884887695
2025-09-08 14:19:39.905793,12,12.541139602661133
2025-09-09 14:19:39.905793,12,12.193885803222656
2025-09-10 14:19:39.905793,12,12.546516418457031
2025-09-11 14:19:39.905793,12,12.82765293121338
2025-09-12 14:19:39.905793,12,12.541139602661133
2025-09-15 14:19:39.905793,12,12.19388484954834
2025-09-16 14:19:39.905793,12,12.546516418457031
2025-09-17 14:19:39.905793,12,12.827653884887695
2025-09-18 14:19:39.905793,12,12.541138648986816
2025-09-19 14:19:39.905793,12,12.193885803222656
2025-09-22 14:19:39.905793,12,12.546516418457031
2025-09-23 14:19:39.905793,12,12.827653884887695
2025-09-24 14:19:39.905793,12,12.541139602661133
2025-09-25 14:19:39.905793,12,12.193885803222656
2025-09-26 14:19:39.905793,12,12.546516418457031
2025-09-29 14:19:39.905793,12,12.82765293121338
2025-09-30 14:19:39.905793,12,12.541139602661133
2025-10-01 14:19:39.905793,12,12.19388484954834
2025-10-02 14:19:39.905793,12,12.546516418457031
2025-10-03 14:19:39.905793,12,12.827653884887695
2025-10-06 14:19:39.905793,12,12.541138648986816
2025-10-07 14:19:39.905793,12,12.193885803222656
2025-10-08 14:19:39.905793,12,12.546516418457031
2025-10-09 14:19:39.905793,12,12.827653884887695
2025-10-10 14:19:39.905793,12,12.541139602661133
2025-10-13 14:19:39.905793,12,12.193885803222656
2025-10-14 14:19:39.905793,12,12.546516418457031
2025-10-15 14:19:39.905793,12,12.82765293121338
2025-10-16 14:19:39.905793,12,12.541139602661133
2025-10-17 14:19:39.905793,12,12.19388484954834
2025-04-25 14:19:39.905793,13,6.377992630004883
2025-04-28 14:19:39.905793,13,5.936556816101074
2025-04-29 14:19:39.905793,13,6.295025825500488
2025-04-30 14:19:39.905793,13,7.721386432647705
2025-05-01 14:19:39.905793,13,9.50008773803711
2025-05-02 14:19:39.905793,13,9.265252113342283
2025-05-05 14:19:39.905793,13,10.000136375427246
2025-05-06 14:19:39.905793,13,11.412687301635742
2025-05-07 14:19:39.905793,13,11.898530960083008
2025-05-08 14:19:39.905793,13,11.551860809326172
2025-05-09 14:19:39.905793,13,11.949848175048828
2025-05-12 14:19:39.905793,13,12.43222999572754
2025-05-13 14:19:39.905793,13,12.27044677734375
2025-05-14 14:19:39.905793,13,11.92277717590332
2025-05-15 14:19:39.905793,13,12.265905380249023
2025-05-16 14:19:39.905793,13,12.536174774169922
2025-05-19 14:19:39.905793,13,12.294882774353027
2025-05-20 14:19:39.905793,13,11.951833724975586
2025-05-21 14:19:39.905793,13,12.297142028808594
2025-05-22 14:19:39.905793,13,12.544134140014648
2025-05-23 14:19:39.905793,13,12.296737670898438
2025-05-26 14:19:39.905793,13,11.954076766967772
2025-05-27 14:19:39.905793,13,12.299883842468262
2025-05-28 14:19:39.905793,13,12.544740676879885
2025-05-29 14:19:39.905793,13,12.296892166137695
2025-05-30 14:19:39.905793,13,11.954259872436523
2025-06-02 14:19:39.905793,13,12.300115585327148
2025-06-03 14:19:39.905793,13,12.54478645324707
2025-06-04 14:19:39.905793,13,12.296904563903809
2025-06-05 14:19:39.905793,13,11.954272270202637
2025-06-06 14:19:39.905793,13,12.300134658813477
2025-06-09 14:19:39.905793,13,12.544790267944336
2025-06-10 14:19:39.905793,13,12.296903610229492
2025-06-11 14:19:39.905793,13,11.954273223876951
2025-06-12 14:19:39.905793,13,12.30013656616211
2025-06-13 14:19:39.905793,13,12.544790267944336
2025-06-16 14:19:39.905793,13,12.296904563903809
2025-06-17 14:19:39.905793,13,11.954273223876951
2025-06-18 14:19:39.905793,13,12.300137519836426
2025-06-19 14:19:39.905793,13,12.544790267944336
2025-06-20 14:19:39.905793,13,12.296904563903809
2025-06-23 14:19:39.905793,13,11.954273223876951
2025-06-24 14:19:39.905793,13,12.300137519836426
2025-06-25 14:19:39.905793,13,12.544790267944336
2025-06-26 14:19:39.905793,13,12.296904563903809
2025-06-27 14:19:39.905793,13,11.954273223876951
2025-06-30 14:19:39.905793,13,12.300137519836426
2025-07-01 14:19:39.905793,13,12.544790267944336
2025-07-02 14:19:39.905793,13,12.296904563903809
2025-07-03 14:19:39.905793,13,11.954273223876951
2025-07-04 14:19:39.905793,13,12.300137519836426
2025-07-07 14:19:39.905793,13,12.544790267944336
2025-07-08 14:19:39.905793,13,12.296904563903809
2025-07-09 14:19:39.905793,13,11.954273223876951
2025-07-10 14:19:39.905793,13,12.300137519836426
2025-07-11 14:19:39.905793,13,12.544790267944336
2025-07-14 14:19:39.905793,13,12.296904563903809
2025-07-15 14:19:39.905793,13,11.954273223876951
2025-07-16 14:19:39.905793,13,12.300137519836426
2025-07-17 14:19:39.905793,13,12.544790267944336
2025-07-18 14:19:39.905793,13,12.296904563903809
2025-07-21 14:19:39.905793,13,11.954273223876951
2025-07-22 14:19:39.905793,13,12.300137519836426
2025-07-23 14:19:39.905793,13,12.544790267944336
2025-07-24 14:19:39.905793,13,12.296904563903809
2025-07-25 14:19:39.905793,13,11.954273223876951
2025-07-28 14:19:39.905793,13,12.300137519836426
2025-07-29 14:19:39.905793,13,12.544790267944336
2025-07-30 14:19:39.905793,13,12.296904563903809
2025-07-31 14:19:39.905793,13,11.954273223876951
2025-08-01 14:19:39.905793,13,12.300137519836426
2025-08-04 14:19:39.905793,13,12.544790267944336
2025-08-05 14:19:39.905793,13,12.296904563903809
2025-08-06 14:19:39.905793,13,11.954273223876951
2025-08-07 14:19:39.905793,13,12.300137519836426
2025-08-08 14:19:39.905793,13,12.544790267944336
2025-08-11 14:19:39.905793,13,12.296904563903809
2025-08-12 14:19:39.905793,13,11.954273223876951
2025-08-13 14:19:39.905793,13,12.300137519836426
2025-08-14 14:19:39.905793,13,12.544790267944336
2025-08-15 14:19:39.905793,13,12.296904563903809
2025-08-18 14:19:39.905793,13,11.954273223876951
2025-08-19 14:19:39.905793,13,12.300137519836426
2025-08-20 14:19:39.905793,13,12.544790267944336
2025-08-21 14:19:39.905793,13,12.296904563903809
2025-08-22 14:19:39.905793,13,11.954273223876951
2025-08-25 14:19:39.905793,13,12.300137519836426
2025-08-26 14:19:39.905793,13,12.544790267944336
2025-08-27 14:19:39.905793,13,12.296904563903809
2025-08-28 14:19:39.905793,13,11.954273223876951
2025-08-29 14:19:39.905793,13,12.300137519836426
2025-09-01 14:19:39.905793,13,12.544790267944336
2025-09-02 14:19:39.905793,13,12.296904563903809
2025-09-03 14:19:39.905793,13,11.954273223876951
2025-09-04 14:19:39.905793,13,12.300137519836426
2025-09-05 14:19:39.905793,13,12.544790267944336
2025-09-08 14:19:39.905793,13,12.296904563903809
2025-09-09 14:19:39.905793,13,11.954273223876951
2025-09-10 14:19:39.905793,13,12.300137519836426
2025-09-11 14:19:39.905793,13,12.544790267944336
2025-09-12 14:19:39.905793,13,12.296904563903809
2025-09-15 14:19:39.905793,13,11.954273223876951
2025-09-16 14:19:39.905793,13,12.300137519836426
2025-09-17 14:19:39.905793,13,12.544790267944336
2025-09-18 14:19:39.905793,13,12.296904563903809
2025-09-19 14:19:39.905793,13,11.954273223876951
2025-09-22 14:19:39.905793,13,12.300137519836426
2025-09-23 14:19:39.905793,13,12.544790267944336
2025-09-24 14:19:39.905793,13,12.296904563903809
2025-09-25 14:19:39.905793,13,11.954273223876951
2025-09-26 14:19:39.905793,13,12.300137519836426
2025-09-29 14:19:39.905793,13,12.544790267944336
2025-09-30 14:19:39.905793,13,12.296904563903809
2025-10-01 14:19:39.905793,13,11.954273223876951
2025-10-02 14:19:39.905793,13,12.300137519836426
2025-10-03 14:19:39.905793,13,12.544790267944336
2025-10-06 14:19:39.905793,13,12.296904563903809
2025-10-07 14:19:39.905793,13,11.954273223876951
2025-10-08 14:19:39.905793,13,12.300137519836426
2025-10-09 14:19:39.905793,13,12.544790267944336
2025-10-10 14:19:39.905793,13,12.296904563903809
2025-10-13 14:19:39.905793,13,11.954273223876951
2025-10-14 14:19:39.905793,13,12.300137519836426
2025-10-15 14:19:39.905793,13,12.544790267944336
2025-10-16 14:19:39.905793,13,12.296904563903809
2025-10-17 14:19:39.905793,13,11.954273223876951
2025-04-25 14:19:39.905793,14,6.919583797454834
2025-04-28 14:19:39.905793,14,7.5956573486328125
2025-04-29 14:19:39.905793,14,6.948797225952148
2025-04-30 14:19:39.905793,14,6.514137268066406
2025-05-01 14:19:39.905793,14,6.731334209442139
2025-05-02 14:19:39.905793,14,6.999235153198242
2025-05-05 14:19:39.905793,14,6.703402996063232
2025-05-06 14:19:39.905793,14,6.647805690765381
2025-05-07 14:19:39.905793,14,6.722290992736816
2025-05-08 14:19:39.905793,14,7.00390625
2025-05-09 14:19:39.905793,14,6.70786190032959
2025-05-12 14:19:39.905793,14,6.651573657989502
2025-05-13 14:19:39.905793,14,6.722226142883301
2025-05-14 14:19:39.905793,14,7.003885746002197
2025-05-15 14:19:39.905793,14,6.707867622375488
2025-05-16 14:19:39.905793,14,6.651680946350098
2025-05-19 14:19:39.905793,14,6.722228050231934
2025-05-20 14:19:39.905793,14,7.003887176513672
2025-05-21 14:19:39.905793,14,6.707869529724121
2025-05-22 14:19:39.905793,14,6.6516852378845215
2025-05-23 14:19:39.905793,14,6.722228527069092
2025-05-26 14:19:39.905793,14,7.003887176513672
2025-05-27 14:19:39.905793,14,6.707869529724121
2025-05-28 14:19:39.905793,14,6.651684761047363
2025-05-29 14:19:39.905793,14,6.722228050231934
2025-05-30 14:19:39.905793,14,7.003887176513672
2025-06-02 14:19:39.905793,14,6.707869529724121
2025-06-03 14:19:39.905793,14,6.6516852378845215
2025-06-04 14:19:39.905793,14,6.722228527069092
2025-06-05 14:19:39.905793,14,7.003887176513672
2025-06-06 14:19:39.905793,14,6.707869529724121
2025-06-09 14:19:39.905793,14,6.651684761047363
2025-06-10 14:19:39.905793,14,6.722228050231934
2025-06-11 14:19:39.905793,14,7.003887176513672
2025-06-12 14:19:39.905793,14,6.707869529724121
2025-06-13 14:19:39.905793,14,6.6516852378845215
2025-06-16 14:19:39.905793,14,6.722228527069092
2025-06-17 14:19:39.905793,14,7.003887176513672
2025-06-18 14:19:39.905793,14,6.707869529724121
2025-06-19 14:19:39.905793,14,6.651684761047363
2025-06-20 14:19:39.905793,14,6.722228050231934
2025-06-23 14:19:39.905793,14,7.003887176513672
2025-06-24 14:19:39.905793,14,6.707869529724121
2025-06-25 14:19:39.905793,14,6.6516852378845215
2025-06-26 14:19:39.905793,14,6.722228527069092
2025-06-27 14:19:39.905793,14,7.003887176513672
2025-06-30 14:19:39.905793,14,6.707869529724121
2025-07-01 14:19:39.905793,14,6.651684761047363
2025-07-02 14:19:39.905793,14,6.722228050231934
2025-07-03 14:19:39.905793,14,7.003887176513672
2025-07-04 14:19:39.905793,14,6.707869529724121
2025-07-07 14:19:39.905793,14,6.6516852378845215
2025-07-08 14:19:39.905793,14,6.722228527069092
2025-07-09 14:19:39.905793,14,7.003887176513672
2025-07-10 14:19:39.905793,14,6.707869529724121
2025-07-11 14:19:39.905793,14,6.651684761047363
2025-07-14 14:19:39.905793,14,6.722228050231934
2025-07-15 14:19:39.905793,14,7.003887176513672
2025-07-16 14:19:39.905793,14,6.707869529724121
2025-07-17 14:19:39.905793,14,6.6516852378845215
2025-07-18 14:19:39.905793,14,6.722228527069092
2025-07-21 14:19:39.905793,14,7.003887176513672
2025-07-22 14:19:39.905793,14,6.707869529724121
2025-07-23 14:19:39.905793,14,6.651684761047363
2025-07-24 14:19:39.905793,14,6.722228050231934
2025-07-25 14:19:39.905793,14,7.003887176513672
2025-07-28 14:19:39.905793,14,6.707869529724121
2025-07-29 14:19:39.905793,14,6.6516852378845215
2025-07-30 14:19:39.905793,14,6.722228527069092
2025-07-31 14:19:39.905793,14,7.003887176513672
2025-08-01 14:19:39.905793,14,6.707869529724121
2025-08-04 14:19:39.905793,14,6.651684761047363
2025-08-05 14:19:39.905793,14,6.722228050231934
2025-08-06 14:19:39.905793,14,7.003887176513672
2025-08-07 14:19:39.905793,14,6.707869529724121
2025-08-08 14:19:39.905793,14,6.6516852378845215
2025-08-11 14:19:39.905793,14,6.722228527069092
2025-08-12 14:19:39.905793,14,7.003887176513672
2025-08-13 14:19:39.905793,14,6.707869529724121
2025-08-14 14:19:39.905793,14,6.651684761047363
2025-08-15 14:19:39.905793,14,6.722228050231934
2025-08-18 14:19:39.905793,14,7.003887176513672
2025-08-19 14:19:39.905793,14,6.707869529724121
2025-08-20 14:19:39.905793,14,6.6516852378845215
2025-08-21 14:19:39.905793,14,6.722228527069092
2025-08-22 14:19:39.905793,14,7.003887176513672
2025-08-25 14:19:39.905793,14,6.707869529724121
2025-08-26 14:19:39.905793,14,6.651684761047363
2025-08-27 14:19:39.905793,14,6.722228050231934
2025-08-28 14:19:39.905793,14,7.003887176513672
2025-08-29 14:19:39.905793,14,6.707869529724121
2025-09-01 14:19:39.905793,14,6.6516852378845215
2025-09-02 14:19:39.905793,14,6.722228527069092
2025-09-03 14:19:39.905793,14,7.003887176513672
2025-09-04 14:19:39.905793,14,6.707869529724121
2025-09-05 14:19:39.905793,14,6.651684761047363
2025-09-08 14:19:39.905793,14,6.722228050231934
2025-09-09 14:19:39.905793,14,7.003887176513672
2025-09-10 14:19:39.905793,14,6.707869529724121
2025-09-11 14:19:39.905793,14,6.6516852378845215
2025-09-12 14:19:39.905793,14,6.722228527069092
2025-09-15 14:19:39.905793,14,7.003887176513672
2025-09-16 14:19:39.905793,14,6.707869529724121
2025-09-17 14:19:39.905793,14,6.651684761047363
2025-09-18 14:19:39.905793,14,6.722228050231934
2025-09-19 14:19:39.905793,14,7.003887176513672
2025-09-22 14:19:39.905793,14,6.707869529724121
2025-09-23 14:19:39.905793,14,6.6516852378845215
2025-09-24 14:19:39.905793,14,6.722228527069092
2025-09-25 14:19:39.905793,14,7.003887176513672
2025-09-26 14:19:39.905793,14,6.707869529724121
2025-09-29 14:19:39.905793,14,6.651684761047363
2025-09-30 14:19:39.905793,14,6.722228050231934
2025-10-01 14:19:39.905793,14,7.003887176513672
2025-10-02 14:19:39.905793,14,6.707869529724121
2025-10-03 14:19:39.905793,14,6.6516852378845215
2025-10-06 14:19:39.905793,14,6.722228527069092
2025-10-07 14:19:39.905793,14,7.003887176513672
2025-10-08 14:19:39.905793,14,6.707869529724121
2025-10-09 14:19:39.905793,14,6.651684761047363
2025-10-10 14:19:39.905793,14,6.722228050231934
2025-10-13 14:19:39.905793,14,7.003887176513672
2025-10-14 14:19:39.905793,14,6.707869529724121
2025-10-15 14:19:39.905793,14,6.6516852378845215
2025-10-16 14:19:39.905793,14,6.722228527069092
2025-10-17 14:19:39.905793,14,7.003887176513672
2025-04-25 14:19:39.905793,16,6.301807403564453
2025-04-28 14:19:39.905793,16,6.089529991149902
2025-04-29 14:19:39.905793,16,6.106517314910889
2025-04-30 14:19:39.905793,16,7.274338722229004
2025-05-01 14:19:39.905793,16,9.120853424072266
2025-05-02 14:19:39.905793,16,9.059080123901367
2025-05-05 14:19:39.905793,16,9.42088508605957
2025-05-06 14:19:39.905793,16,10.451744079589844
2025-05-07 14:19:39.905793,16,11.32148551940918
2025-05-08 14:19:39.905793,16,11.21224594116211
2025-05-09 14:19:39.905793,16,11.538084030151367
2025-05-12 14:19:39.905793,16,11.882367134094238
2025-05-13 14:19:39.905793,16,12.030892372131348
2025-05-14 14:19:39.905793,16,11.713687896728516
2025-05-15 14:19:39.905793,16,12.00147819519043
2025-05-16 14:19:39.905793,16,12.155136108398438
2025-05-19 14:19:39.905793,16,12.140920639038086
2025-05-20 14:19:39.905793,16,11.78175926208496
2025-05-21 14:19:39.905793,16,12.065691947937012
2025-05-22 14:19:39.905793,16,12.193439483642578
2025-05-23 14:19:39.905793,16,12.15478229522705
2025-05-26 14:19:39.905793,16,11.790324211120604
2025-05-27 14:19:39.905793,16,12.073951721191406
2025-05-28 14:19:39.905793,16,12.198421478271484
2025-05-29 14:19:39.905793,16,12.15652084350586
2025-05-30 14:19:39.905793,16,11.79140853881836
2025-06-02 14:19:39.905793,16,12.07500457763672
2025-06-03 14:19:39.905793,16,12.199057579040527
2025-06-04 14:19:39.905793,16,12.156740188598633
2025-06-05 14:19:39.905793,16,11.791546821594238
2025-06-06 14:19:39.905793,16,12.075139045715332
2025-06-09 14:19:39.905793,16,12.199140548706056
2025-06-10 14:19:39.905793,16,12.156767845153809
2025-06-11 14:19:39.905793,16,11.79156494140625
2025-06-12 14:19:39.905793,16,12.075157165527344
2025-06-13 14:19:39.905793,16,12.199149131774902
2025-06-16 14:19:39.905793,16,12.15677261352539
2025-06-17 14:19:39.905793,16,11.791566848754885
2025-06-18 14:19:39.905793,16,12.07515811920166
2025-06-19 14:19:39.905793,16,12.19915008544922
2025-06-20 14:19:39.905793,16,12.15677261352539
2025-06-23 14:19:39.905793,16,11.791566848754885
2025-06-24 14:19:39.905793,16,12.075159072875977
2025-06-25 14:19:39.905793,16,12.199151039123535
2025-06-26 14:19:39.905793,16,12.15677261352539
2025-06-27 14:19:39.905793,16,11.791566848754885
2025-06-30 14:19:39.905793,16,12.07515811920166
2025-07-01 14:19:39.905793,16,12.19915008544922
2025-07-02 14:19:39.905793,16,12.15677261352539
2025-07-03 14:19:39.905793,16,11.791566848754885
2025-07-04 14:19:39.905793,16,12.075159072875977
2025-07-07 14:19:39.905793,16,12.199151039123535
2025-07-08 14:19:39.905793,16,12.15677261352539
2025-07-09 14:19:39.905793,16,11.791566848754885
2025-07-10 14:19:39.905793,16,12.07515811920166
2025-07-11 14:19:39.905793,16,12.19915008544922
2025-07-14 14:19:39.905793,16,12.15677261352539
2025-07-15 14:19:39.905793,16,11.791566848754885
2025-07-16 14:19:39.905793,16,12.075159072875977
2025-07-17 14:19:39.905793,16,12.199151039123535
2025-07-18 14:19:39.905793,16,12.15677261352539
2025-07-21 14:19:39.905793,16,11.791566848754885
2025-07-22 14:19:39.905793,16,12.07515811920166
2025-07-23 14:19:39.905793,16,12.19915008544922
2025-07-24 14:19:39.905793,16,12.15677261352539
2025-07-25 14:19:39.905793,16,11.791566848754885
2025-07-28 14:19:39.905793,16,12.075159072875977
2025-07-29 14:19:39.905793,16,12.199151039123535
2025-07-30 14:19:39.905793,16,12.15677261352539
2025-07-31 14:19:39.905793,16,11.791566848754885
2025-08-01 14:19:39.905793,16,12.07515811920166
2025-08-04 14:19:39.905793,16,12.19915008544922
2025-08-05 14:19:39.905793,16,12.15677261352539
2025-08-06 14:19:39.905793,16,11.791566848754885
2025-08-07 14:19:39.905793,16,12.075159072875977
2025-08-08 14:19:39.905793,16,12.199151039123535
2025-08-11 14:19:39.905793,16,12.15677261352539
2025-08-12 14:19:39.905793,16,11.791566848754885
2025-08-13 14:19:39.905793,16,12.07515811920166
2025-08-14 14:19:39.905793,16,12.19915008544922
2025-08-15 14:19:39.905793,16,12.15677261352539
2025-08-18 14:19:39.905793,16,11.791566848754885
2025-08-19 14:19:39.905793,16,12.075159072875977
2025-08-20 14:19:39.905793,16,12.199151039123535
2025-08-21 14:19:39.905793,16,12.15677261352539
2025-08-22 14:19:39.905793,16,11.791566848754885
2025-08-25 14:19:39.905793,16,12.07515811920166
2025-08-26 14:19:39.905793,16,12.19915008544922
2025-08-27 14:19:39.905793,16,12.15677261352539
2025-08-28 14:19:39.905793,16,11.791566848754885
2025-08-29 14:19:39.905793,16,12.075159072875977
2025-09-01 14:19:39.905793,16,12.199151039123535
2025-09-02 14:19:39.905793,16,12.15677261352539
2025-09-03 14:19:39.905793,16,11.791566848754885
2025-09-04 14:19:39.905793,16,12.07515811920166
2025-09-05 14:19:39.905793,16,12.19915008544922
2025-09-08 14:19:39.905793,16,12.15677261352539
2025-09-09 14:19:39.905793,16,11.791566848754885
2025-09-10 14:19:39.905793,16,12.075159072875977
2025-09-11 14:19:39.905793,16,12.199151039123535
2025-09-12 14:19:39.905793,16,12.15677261352539
2025-09-15 14:19:39.905793,16,11.791566848754885
2025-09-16 14:19:39.905793,16,12.07515811920166
2025-09-17 14:19:39.905793,16,12.19915008544922
2025-09-18 14:19:39.905793,16,12.15677261352539
2025-09-19 14:19:39.905793,16,11.791566848754885
2025-09-22 14:19:39.905793,16,12.075159072875977
2025-09-23 14:19:39.905793,16,12.199151039123535
2025-09-24 14:19:39.905793,16,12.15677261352539
2025-09-25 14:19:39.905793,16,11.791566848754885
2025-09-26 14:19:39.905793,16,12.07515811920166
2025-09-29 14:19:39.905793,16,12.19915008544922
2025-09-30 14:19:39.905793,16,12.15677261352539
2025-10-01 14:19:39.905793,16,11.791566848754885
2025-10-02 14:19:39.905793,16,12.075159072875977
2025-10-03 14:19:39.905793,16,12.199151039123535
2025-10-06 14:19:39.905793,16,12.15677261352539
2025-10-07 14:19:39.905793,16,11.791566848754885
2025-10-08 14:19:39.905793,16,12.07515811920166
2025-10-09 14:19:39.905793,16,12.19915008544922
2025-10-10 14:19:39.905793,16,12.15677261352539
2025-10-13 14:19:39.905793,16,11.791566848754885
2025-10-14 14:19:39.905793,16,12.075159072875977
2025-10-15 14:19:39.905793,16,12.199151039123535
2025-10-16 14:19:39.905793,16,12.15677261352539
2025-10-17 14:19:39.905793,16,11.791566848754885
2025-04-25 14:19:39.905793,17,6.916619300842285
2025-04-28 14:19:39.905793,17,6.986719131469727
2025-04-29 14:19:39.905793,17,6.912203788757324
2025-04-30 14:19:39.905793,17,8.170086860656738
2025-05-01 14:19:39.905793,17,10.045759201049805
2025-05-02 14:19:39.905793,17,10.164937019348145
2025-05-05 14:19:39.905793,17,9.997111320495604
2025-05-06 14:19:39.905793,17,11.035131454467772
2025-05-07 14:19:39.905793,17,12.258005142211914
2025-05-08 14:19:39.905793,17,11.960766792297363
2025-05-09 14:19:39.905793,17,11.87800407409668
2025-05-12 14:19:39.905793,17,12.15382194519043
2025-05-13 14:19:39.905793,17,12.770559310913086
2025-05-14 14:19:39.905793,17,12.272256851196287
2025-05-15 14:19:39.905793,17,12.23840045928955
2025-05-16 14:19:39.905793,17,12.324335098266602
2025-05-19 14:19:39.905793,17,12.827183723449709
2025-05-20 14:19:39.905793,17,12.302711486816406
2025-05-21 14:19:39.905793,17,12.279958724975586
2025-05-22 14:19:39.905793,17,12.343664169311523
2025-05-23 14:19:39.905793,17,12.832679748535156
2025-05-26 14:19:39.905793,17,12.305707931518556
2025-05-27 14:19:39.905793,17,12.284358978271484
2025-05-28 14:19:39.905793,17,12.345698356628418
2025-05-29 14:19:39.905793,17,12.833236694335938
2025-05-30 14:19:39.905793,17,12.306015014648438
2025-06-02 14:19:39.905793,17,12.284819602966309
2025-06-03 14:19:39.905793,17,12.345909118652344
2025-06-04 14:19:39.905793,17,12.833293914794922
2025-06-05 14:19:39.905793,17,12.306045532226562
2025-06-06 14:19:39.905793,17,12.284866333007812
2025-06-09 14:19:39.905793,17,12.34593105316162
2025-06-10 14:19:39.905793,17,12.83329963684082
2025-06-11 14:19:39.905793,17,12.30605125427246
2025-06-12 14:19:39.905793,17,12.284872055053713
2025-06-13 14:19:39.905793,17,12.345932960510254
2025-06-16 14:19:39.905793,17,12.833300590515137
2025-06-17 14:19:39.905793,17,12.306049346923828
2025-06-18 14:19:39.905793,17,12.284872055053713
2025-06-19 14:19:39.905793,17,12.345932960510254
2025-06-20 14:19:39.905793,17,12.83329963684082
2025-06-23 14:19:39.905793,17,12.306049346923828
2025-06-24 14:19:39.905793,17,12.284872055053713
2025-06-25 14:19:39.905793,17,12.345932960510254
2025-06-26 14:19:39.905793,17,12.833300590515137
2025-06-27 14:19:39.905793,17,12.306049346923828
2025-06-30 14:19:39.905793,17,12.284872055053713
2025-07-01 14:19:39.905793,17,12.345932960510254
2025-07-02 14:19:39.905793,17,12.83329963684082
2025-07-03 14:19:39.905793,17,12.306049346923828
2025-07-04 14:19:39.905793,17,12.284872055053713
2025-07-07 14:19:39.905793,17,12.345932960510254
2025-07-08 14:19:39.905793,17,12.833300590515137
2025-07-09 14:19:39.905793,17,12.306049346923828
2025-07-10 14:19:39.905793,17,12.284872055053713
2025-07-11 14:19:39.905793,17,12.345932960510254
2025-07-14 14:19:39.905793,17,12.83329963684082
2025-07-15 14:19:39.905793,17,12.306049346923828
2025-07-16 14:19:39.905793,17,12.284872055053713
2025-07-17 14:19:39.905793,17,12.345932960510254
2025-07-18 14:19:39.905793,17,12.833300590515137
2025-07-21 14:19:39.905793,17,12.306049346923828
2025-07-22 14:19:39.905793,17,12.284872055053713
2025-07-23 14:19:39.905793,17,12.345932960510254
2025-07-24 14:19:39.905793,17,12.83329963684082
2025-07-25 14:19:39.905793,17,12.306049346923828
2025-07-28 14:19:39.905793,17,12.284872055053713
2025-07-29 14:19:39.905793,17,12.345932960510254
2025-07-30 14:19:39.905793,17,12.833300590515137
2025-07-31 14:19:39.905793,17,12.306049346923828
2025-08-01 14:19:39.905793,17,12.284872055053713
2025-08-04 14:19:39.905793,17,12.345932960510254
2025-08-05 14:19:39.905793,17,12.83329963684082
2025-08-06 14:19:39.905793,17,12.306049346923828
2025-08-07 14:19:39.905793,17,12.284872055053713
2025-08-08 14:19:39.905793,17,12.345932960510254
2025-08-11 14:19:39.905793,17,12.833300590515137
2025-08-12 14:19:39.905793,17,12.306049346923828
2025-08-13 14:19:39.905793,17,12.284872055053713
2025-08-14 14:19:39.905793,17,12.345932960510254
2025-08-15 14:19:39.905793,17,12.83329963684082
2025-08-18 14:19:39.905793,17,12.306049346923828
2025-08-19 14:19:39.905793,17,12.284872055053713
2025-08-20 14:19:39.905793,17,12.345932960510254
2025-08-21 14:19:39.905793,17,12.833300590515137
2025-08-22 14:19:39.905793,17,12.306049346923828
2025-08-25 14:19:39.905793,17,12.284872055053713
2025-08-26 14:19:39.905793,17,12.345932960510254
2025-08-27 14:19:39.905793,17,12.83329963684082
2025-08-28 14:19:39.905793,17,12.306049346923828
2025-08-29 14:19:39.905793,17,12.284872055053713
2025-09-01 14:19:39.905793,17,12.345932960510254
2025-09-02 14:19:39.905793,17,12.833300590515137
2025-09-03 14:19:39.905793,17,12.306049346923828
2025-09-04 14:19:39.905793,17,12.284872055053713
2025-09-05 14:19:39.905793,17,12.345932960510254
2025-09-08 14:19:39.905793,17,12.83329963684082
2025-09-09 14:19:39.905793,17,12.306049346923828
2025-09-10 14:19:39.905793,17,12.284872055053713
2025-09-11 14:19:39.905793,17,12.345932960510254
2025-09-12 14:19:39.905793,17,12.833300590515137
2025-09-15 14:19:39.905793,17,12.306049346923828
2025-09-16 14:19:39.905793,17,12.284872055053713
2025-09-17 14:19:39.905793,17,12.345932960510254
2025-09-18 14:19:39.905793,17,12.83329963684082
2025-09-19 14:19:39.905793,17,12.306049346923828
2025-09-22 14:19:39.905793,17,12.284872055053713
2025-09-23 14:19:39.905793,17,12.345932960510254
2025-09-24 14:19:39.905793,17,12.833300590515137
2025-09-25 14:19:39.905793,17,12.306049346923828
2025-09-26 14:19:39.905793,17,12.284872055053713
2025-09-29 14:19:39.905793,17,12.345932960510254
2025-09-30 14:19:39.905793,17,12.83329963684082
2025-10-01 14:19:39.905793,17,12.306049346923828
2025-10-02 14:19:39.905793,17,12.284872055053713
2025-10-03 14:19:39.905793,17,12.345932960510254
2025-10-06 14:19:39.905793,17,12.833300590515137
2025-10-07 14:19:39.905793,17,12.306049346923828
2025-10-08 14:19:39.905793,17,12.284872055053713
2025-10-09 14:19:39.905793,17,12.345932960510254
2025-10-10 14:19:39.905793,17,12.83329963684082
2025-10-13 14:19:39.905793,17,12.306049346923828
2025-10-14 14:19:39.905793,17,12.284872055053713
2025-10-15 14:19:39.905793,17,12.345932960510254
2025-10-16 14:19:39.905793,17,12.833300590515137
2025-10-17 14:19:39.905793,17,12.306049346923828
2025-04-25 14:19:39.905793,18,7.845708847045898
2025-04-28 14:19:39.905793,18,7.559909820556641
2025-04-29 14:19:39.905793,18,7.729584217071533
2025-04-30 14:19:39.905793,18,8.49627685546875
2025-05-01 14:19:39.905793,18,7.725173950195312
2025-05-02 14:19:39.905793,18,7.554862976074219
2025-05-05 14:19:39.905793,18,7.993260383605957
2025-05-06 14:19:39.905793,18,8.456635475158691
2025-05-07 14:19:39.905793,18,7.73826789855957
2025-05-08 14:19:39.905793,18,7.5634074211120605
2025-05-09 14:19:39.905793,18,8.000359535217285
2025-05-12 14:19:39.905793,18,8.45784854888916
2025-05-13 14:19:39.905793,18,7.738892555236816
2025-05-14 14:19:39.905793,18,7.564007759094238
2025-05-15 14:19:39.905793,18,8.0006742477417
2025-05-16 14:19:39.905793,18,8.457908630371094
2025-05-19 14:19:39.905793,18,7.738924980163574
2025-05-20 14:19:39.905793,18,7.564040184020996
2025-05-21 14:19:39.905793,18,8.000689506530762
2025-05-22 14:19:39.905793,18,8.457911491394043
2025-05-23 14:19:39.905793,18,7.738926887512207
2025-05-26 14:19:39.905793,18,7.564043045043945
2025-05-27 14:19:39.905793,18,8.000690460205078
2025-05-28 14:19:39.905793,18,8.457911491394043
2025-05-29 14:19:39.905793,18,7.738927841186523
2025-05-30 14:19:39.905793,18,7.564042091369629
2025-06-02 14:19:39.905793,18,8.000690460205078
2025-06-03 14:19:39.905793,18,8.457911491394043
2025-06-04 14:19:39.905793,18,7.738926887512207
2025-06-05 14:19:39.905793,18,7.564042568206787
2025-06-06 14:19:39.905793,18,8.000690460205078
2025-06-09 14:19:39.905793,18,8.457911491394043
2025-06-10 14:19:39.905793,18,7.738926887512207
2025-06-11 14:19:39.905793,18,7.564042568206787
2025-06-12 14:19:39.905793,18,8.000690460205078
2025-06-13 14:19:39.905793,18,8.457911491394043
2025-06-16 14:19:39.905793,18,7.738926887512207
2025-06-17 14:19:39.905793,18,7.564042568206787
2025-06-18 14:19:39.905793,18,8.000690460205078
2025-06-19 14:19:39.905793,18,8.457911491394043
2025-06-20 14:19:39.905793,18,7.738926887512207
2025-06-23 14:19:39.905793,18,7.564042568206787
2025-06-24 14:19:39.905793,18,8.000690460205078
2025-06-25 14:19:39.905793,18,8.457911491394043
2025-06-26 14:19:39.905793,18,7.738926887512207
2025-06-27 14:19:39.905793,18,7.564042568206787
2025-06-30 14:19:39.905793,18,8.000690460205078
2025-07-01 14:19:39.905793,18,8.457911491394043
2025-07-02 14:19:39.905793,18,7.738926887512207
2025-07-03 14:19:39.905793,18,7.564042568206787
2025-07-04 14:19:39.905793,18,8.000690460205078
2025-07-07 14:19:39.905793,18,8.457911491394043
2025-07-08 14:19:39.905793,18,7.738926887512207
2025-07-09 14:19:39.905793,18,7.564042568206787
2025-07-10 14:19:39.905793,18,8.000690460205078
2025-07-11 14:19:39.905793,18,8.457911491394043
2025-07-14 14:19:39.905793,18,7.738926887512207
2025-07-15 14:19:39.905793,18,7.564042568206787
2025-07-16 14:19:39.905793,18,8.000690460205078
2025-07-17 14:19:39.905793,18,8.457911491394043
2025-07-18 14:19:39.905793,18,7.738926887512207
2025-07-21 14:19:39.905793,18,7.564042568206787
2025-07-22 14:19:39.905793,18,8.000690460205078
2025-07-23 14:19:39.905793,18,8.457911491394043
2025-07-24 14:19:39.905793,18,7.738926887512207
2025-07-25 14:19:39.905793,18,7.564042568206787
2025-07-28 14:19:39.905793,18,8.000690460205078
2025-07-29 14:19:39.905793,18,8.457911491394043
2025-07-30 14:19:39.905793,18,7.738926887512207
2025-07-31 14:19:39.905793,18,7.564042568206787
2025-08-01 14:19:39.905793,18,8.000690460205078
2025-08-04 14:19:39.905793,18,8.457911491394043
2025-08-05 14:19:39.905793,18,7.738926887512207
2025-08-06 14:19:39.905793,18,7.564042568206787
2025-08-07 14:19:39.905793,18,8.000690460205078
2025-08-08 14:19:39.905793,18,8.457911491394043
2025-08-11 14:19:39.905793,18,7.738926887512207
2025-08-12 14:19:39.905793,18,7.564042568206787
2025-08-13 14:19:39.905793,18,8.000690460205078
2025-08-14 14:19:39.905793,18,8.457911491394043
2025-08-15 14:19:39.905793,18,7.738926887512207
2025-08-18 14:19:39.905793,18,7.564042568206787
2025-08-19 14:19:39.905793,18,8.000690460205078
2025-08-20 14:19:39.905793,18,8.457911491394043
2025-08-21 14:19:39.905793,18,7.738926887512207
2025-08-22 14:19:39.905793,18,7.564042568206787
2025-08-25 14:19:39.905793,18,8.000690460205078
2025-08-26 14:19:39.905793,18,8.457911491394043
2025-08-27 14:19:39.905793,18,7.738926887512207
2025-08-28 14:19:39.905793,18,7.564042568206787
2025-08-29 14:19:39.905793,18,8.000690460205078
2025-09-01 14:19:39.905793,18,8.457911491394043
2025-09-02 14:19:39.905793,18,7.738926887512207
2025-09-03 14:19:39.905793,18,7.564042568206787
2025-09-04 14:19:39.905793,18,8.000690460205078
2025-09-05 14:19:39.905793,18,8.457911491394043
2025-09-08 14:19:39.905793,18,7.738926887512207
2025-09-09 14:19:39.905793,18,7.564042568206787
2025-09-10 14:19:39.905793,18,8.000690460205078
2025-09-11 14:19:39.905793,18,8.457911491394043
2025-09-12 14:19:39.905793,18,7.738926887512207
2025-09-15 14:19:39.905793,18,7.564042568206787
2025-09-16 14:19:39.905793,18,8.000690460205078
2025-09-17 14:19:39.905793,18,8.457911491394043
2025-09-18 14:19:39.905793,18,7.738926887512207
2025-09-19 14:19:39.905793,18,7.564042568206787
2025-09-22 14:19:39.905793,18,8.000690460205078
2025-09-23 14:19:39.905793,18,8.457911491394043
2025-09-24 14:19:39.905793,18,7.738926887512207
2025-09-25 14:19:39.905793,18,7.564042568206787
2025-09-26 14:19:39.905793,18,8.000690460205078
2025-09-29 14:19:39.905793,18,8.457911491394043
2025-09-30 14:19:39.905793,18,7.738926887512207
2025-10-01 14:19:39.905793,18,7.564042568206787
2025-10-02 14:19:39.905793,18,8.000690460205078
2025-10-03 14:19:39.905793,18,8.457911491394043
2025-10-06 14:19:39.905793,18,7.738926887512207
2025-10-07 14:19:39.905793,18,7.564042568206787
2025-10-08 14:19:39.905793,18,8.000690460205078
2025-10-09 14:19:39.905793,18,8.457911491394043
2025-10-10 14:19:39.905793,18,7.738926887512207
2025-10-13 14:19:39.905793,18,7.564042568206787
2025-10-14 14:19:39.905793,18,8.000690460205078
2025-10-15 14:19:39.905793,18,8.457911491394043
2025-10-16 14:19:39.905793,18,7.738926887512207
2025-10-17 14:19:39.905793,18,7.564042568206787
2025-04-25 14:19:39.905793,19,6.149362564086914
2025-04-28 14:19:39.905793,19,6.871856689453125
2025-04-29 14:19:39.905793,19,7.140926837921143
2025-04-30 14:19:39.905793,19,7.458221912384033
2025-05-01 14:19:39.905793,19,7.881202220916748
2025-05-02 14:19:39.905793,19,7.83833646774292
2025-05-05 14:19:39.905793,19,7.339329719543457
2025-05-06 14:19:39.905793,19,7.792902946472168
2025-05-07 14:19:39.905793,19,8.087773323059082
2025-05-08 14:19:39.905793,19,7.921779155731201
2025-05-09 14:19:39.905793,19,7.367879867553711
2025-05-12 14:19:39.905793,19,7.824685096740723
2025-05-13 14:19:39.905793,19,8.107935905456543
2025-05-14 14:19:39.905793,19,7.9295783042907715
2025-05-15 14:19:39.905793,19,7.370326042175293
2025-05-16 14:19:39.905793,19,7.827656745910644
2025-05-19 14:19:39.905793,19,8.109816551208496
2025-05-20 14:19:39.905793,19,7.930295944213867
2025-05-21 14:19:39.905793,19,7.370555877685547
2025-05-22 14:19:39.905793,19,7.827934265136719
2025-05-23 14:19:39.905793,19,8.109991073608398
2025-05-26 14:19:39.905793,19,7.930362701416016
2025-05-27 14:19:39.905793,19,7.370578289031982
2025-05-28 14:19:39.905793,19,7.827959537506103
2025-05-29 14:19:39.905793,19,8.110007286071777
2025-05-30 14:19:39.905793,19,7.9303693771362305
2025-06-02 14:19:39.905793,19,7.370579719543457
2025-06-03 14:19:39.905793,19,7.8279619216918945
2025-06-04 14:19:39.905793,19,8.11000919342041
2025-06-05 14:19:39.905793,19,7.930370330810547
2025-06-06 14:19:39.905793,19,7.370580196380615
2025-06-09 14:19:39.905793,19,7.8279619216918945
2025-06-10 14:19:39.905793,19,8.11000919342041
2025-06-11 14:19:39.905793,19,7.930369853973389
2025-06-12 14:19:39.905793,19,7.370580673217773
2025-06-13 14:19:39.905793,19,7.8279619216918945
2025-06-16 14:19:39.905793,19,8.11000919342041
2025-06-17 14:19:39.905793,19,7.930369853973389
2025-06-18 14:19:39.905793,19,7.370579719543457
2025-06-19 14:19:39.905793,19,7.8279619216918945
2025-06-20 14:19:39.905793,19,8.11000919342041
2025-06-23 14:19:39.905793,19,7.930370330810547
2025-06-24 14:19:39.905793,19,7.370580196380615
2025-06-25 14:19:39.905793,19,7.8279619216918945
2025-06-26 14:19:39.905793,19,8.11000919342041
2025-06-27 14:19:39.905793,19,7.930369853973389
2025-06-30 14:19:39.905793,19,7.370580673217773
2025-07-01 14:19:39.905793,19,7.8279619216918945
2025-07-02 14:19:39.905793,19,8.11000919342041
2025-07-03 14:19:39.905793,19,7.930369853973389
2025-07-04 14:19:39.905793,19,7.370579719543457
2025-07-07 14:19:39.905793,19,7.8279619216918945
2025-07-08 14:19:39.905793,19,8.11000919342041
2025-07-09 14:19:39.905793,19,7.930370330810547
2025-07-10 14:19:39.905793,19,7.370580196380615
2025-07-11 14:19:39.905793,19,7.8279619216918945
2025-07-14 14:19:39.905793,19,8.11000919342041
2025-07-15 14:19:39.905793,19,7.930369853973389
2025-07-16 14:19:39.905793,19,7.370580673217773
2025-07-17 14:19:39.905793,19,7.8279619216918945
2025-07-18 14:19:39.905793,19,8.11000919342041
2025-07-21 14:19:39.905793,19,7.930369853973389
2025-07-22 14:19:39.905793,19,7.370579719543457
2025-07-23 14:19:39.905793,19,7.8279619216918945
2025-07-24 14:19:39.905793,19,8.11000919342041
2025-07-25 14:19:39.905793,19,7.930370330810547
2025-07-28 14:19:39.905793,19,7.370580196380615
2025-07-29 14:19:39.905793,19,7.8279619216918945
2025-07-30 14:19:39.905793,19,8.11000919342041
2025-07-31 14:19:39.905793,19,7.930369853973389
2025-08-01 14:19:39.905793,19,7.370580673217773
2025-08-04 14:19:39.905793,19,7.8279619216918945
2025-08-05 14:19:39.905793,19,8.11000919342041
2025-08-06 14:19:39.905793,19,7.930369853973389
2025-08-07 14:19:39.905793,19,7.370579719543457
2025-08-08 14:19:39.905793,19,7.8279619216918945
2025-08-11 14:19:39.905793,19,8.11000919342041
2025-08-12 14:19:39.905793,19,7.930370330810547
2025-08-13 14:19:39.905793,19,7.370580196380615
2025-08-14 14:19:39.905793,19,7.8279619216918945
2025-08-15 14:19:39.905793,19,8.11000919342041
2025-08-18 14:19:39.905793,19,7.930369853973389
2025-08-19 14:19:39.905793,19,7.370580673217773
2025-08-20 14:19:39.905793,19,7.8279619216918945
2025-08-21 14:19:39.905793,19,8.11000919342041
2025-08-22 14:19:39.905793,19,7.930369853973389
2025-08-25 14:19:39.905793,19,7.370579719543457
2025-08-26 14:19:39.905793,19,7.8279619216918945
2025-08-27 14:19:39.905793,19,8.11000919342041
2025-08-28 14:19:39.905793,19,7.930370330810547
2025-08-29 14:19:39.905793,19,7.370580196380615
2025-09-01 14:19:39.905793,19,7.8279619216918945
2025-09-02 14:19:39.905793,19,8.11000919342041
2025-09-03 14:19:39.905793,19,7.930369853973389
2025-09-04 14:19:39.905793,19,7.370580673217773
2025-09-05 14:19:39.905793,19,7.8279619216918945
2025-09-08 14:19:39.905793,19,8.11000919342041
2025-09-09 14:19:39.905793,19,7.930369853973389
2025-09-10 14:19:39.905793,19,7.370579719543457
2025-09-11 14:19:39.905793,19,7.8279619216918945
2025-09-12 14:19:39.905793,19,8.11000919342041
2025-09-15 14:19:39.905793,19,7.930370330810547
2025-09-16 14:19:39.905793,19,7.370580196380615
2025-09-17 14:19:39.905793,19,7.8279619216918945
2025-09-18 14:19:39.905793,19,8.11000919342041
2025-09-19 14:19:39.905793,19,7.930369853973389
2025-09-22 14:19:39.905793,19,7.370580673217773
2025-09-23 14:19:39.905793,19,7.8279619216918945
2025-09-24 14:19:39.905793,19,8.11000919342041
2025-09-25 14:19:39.905793,19,7.930369853973389
2025-09-26 14:19:39.905793,19,7.370579719543457
2025-09-29 14:19:39.905793,19,7.8279619216918945
2025-09-30 14:19:39.905793,19,8.11000919342041
2025-10-01 14:19:39.905793,19,7.930370330810547
2025-10-02 14:19:39.905793,19,7.370580196380615
2025-10-03 14:19:39.905793,19,7.8279619216918945
2025-10-06 14:19:39.905793,19,8.11000919342041
2025-10-07 14:19:39.905793,19,7.930369853973389
2025-10-08 14:19:39.905793,19,7.370580673217773
2025-10-09 14:19:39.905793,19,7.8279619216918945
2025-10-10 14:19:39.905793,19,8.11000919342041
2025-10-13 14:19:39.905793,19,7.930369853973389
2025-10-14 14:19:39.905793,19,7.370579719543457
2025-10-15 14:19:39.905793,19,7.8279619216918945
2025-10-16 14:19:39.905793,19,8.11000919342041
2025-10-17 14:19:39.905793,19,7.930370330810547
2025-04-25 14:19:39.905793,20,13.083449363708496
2025-04-28 14:19:39.905793,20,12.278386116027832
2025-04-29 14:19:39.905793,20,11.408368110656738
2025-04-30 14:19:39.905793,20,10.32568359375
2025-05-01 14:19:39.905793,20,8.858226776123047
2025-05-02 14:19:39.905793,20,9.402447700500488
2025-05-05 14:19:39.905793,20,9.955976486206056
2025-05-06 14:19:39.905793,20,10.261600494384766
2025-05-07 14:19:39.905793,20,9.652137756347656
2025-05-08 14:19:39.905793,20,9.847026824951172
2025-05-09 14:19:39.905793,20,10.015874862670898
2025-05-12 14:19:39.905793,20,10.148221969604492
2025-05-13 14:19:39.905793,20,9.510869979858398
2025-05-14 14:19:39.905793,20,9.803173065185549
2025-05-15 14:19:39.905793,20,10.034753799438477
2025-05-16 14:19:39.905793,20,10.17668914794922
2025-05-19 14:19:39.905793,20,9.528307914733888
2025-05-20 14:19:39.905793,20,9.803009033203123
2025-05-21 14:19:39.905793,20,10.028594970703123
2025-05-22 14:19:39.905793,20,10.172330856323242
2025-05-23 14:19:39.905793,20,9.527139663696287
2025-05-26 14:19:39.905793,20,9.804158210754396
2025-05-27 14:19:39.905793,20,10.02968978881836
2025-05-28 14:19:39.905793,20,10.172747611999512
2025-05-29 14:19:39.905793,20,9.527027130126951
2025-05-30 14:19:39.905793,20,9.80386447906494
2025-06-02 14:19:39.905793,20,10.02956199645996
2025-06-03 14:19:39.905793,20,10.172746658325195
2025-06-04 14:19:39.905793,20,9.52708339691162
2025-06-05 14:19:39.905793,20,9.803912162780762
2025-06-06 14:19:39.905793,20,10.02956771850586
2025-06-09 14:19:39.905793,20,10.172737121582031
2025-06-10 14:19:39.905793,20,9.527070999145508
2025-06-11 14:19:39.905793,20,9.803906440734863
2025-06-12 14:19:39.905793,20,10.029568672180176
2025-06-13 14:19:39.905793,20,10.17273998260498
2025-06-16 14:19:39.905793,20,9.52707290649414
2025-06-17 14:19:39.905793,20,9.80390739440918
2025-06-18 14:19:39.905793,20,10.02956771850586
2025-06-19 14:19:39.905793,20,10.172739028930664
2025-06-20 14:19:39.905793,20,9.52707290649414
2025-06-23 14:19:39.905793,20,9.80390739440918
2025-06-24 14:19:39.905793,20,10.029568672180176
2025-06-25 14:19:39.905793,20,10.172739028930664
2025-06-26 14:19:39.905793,20,9.52707290649414
2025-06-27 14:19:39.905793,20,9.80390739440918
2025-06-30 14:19:39.905793,20,10.02956771850586
2025-07-01 14:19:39.905793,20,10.172739028930664
2025-07-02 14:19:39.905793,20,9.52707290649414
2025-07-03 14:19:39.905793,20,9.80390739440918
2025-07-04 14:19:39.905793,20,10.029568672180176
2025-07-07 14:19:39.905793,20,10.172739028930664
2025-07-08 14:19:39.905793,20,9.52707290649414
2025-07-09 14:19:39.905793,20,9.80390739440918
2025-07-10 14:19:39.905793,20,10.02956771850586
2025-07-11 14:19:39.905793,20,10.172739028930664
2025-07-14 14:19:39.905793,20,9.52707290649414
2025-07-15 14:19:39.905793,20,9.80390739440918
2025-07-16 14:19:39.905793,20,10.029568672180176
2025-07-17 14:19:39.905793,20,10.172739028930664
2025-07-18 14:19:39.905793,20,9.52707290649414
2025-07-21 14:19:39.905793,20,9.80390739440918
2025-07-22 14:19:39.905793,20,10.02956771850586
2025-07-23 14:19:39.905793,20,10.172739028930664
2025-07-24 14:19:39.905793,20,9.52707290649414
2025-07-25 14:19:39.905793,20,9.80390739440918
2025-07-28 14:19:39.905793,20,10.029568672180176
2025-07-29 14:19:39.905793,20,10.172739028930664
2025-07-30 14:19:39.905793,20,9.52707290649414
2025-07-31 14:19:39.905793,20,9.80390739440918
2025-08-01 14:19:39.905793,20,10.02956771850586
2025-08-04 14:19:39.905793,20,10.172739028930664
2025-08-05 14:19:39.905793,20,9.52707290649414
2025-08-06 14:19:39.905793,20,9.80390739440918
2025-08-07 14:19:39.905793,20,10.029568672180176
2025-08-08 14:19:39.905793,20,10.172739028930664
2025-08-11 14:19:39.905793,20,9.52707290649414
2025-08-12 14:19:39.905793,20,9.80390739440918
2025-08-13 14:19:39.905793,20,10.02956771850586
2025-08-14 14:19:39.905793,20,10.172739028930664
2025-08-15 14:19:39.905793,20,9.52707290649414
2025-08-18 14:19:39.905793,20,9.80390739440918
2025-08-19 14:19:39.905793,20,10.029568672180176
2025-08-20 14:19:39.905793,20,10.172739028930664
2025-08-21 14:19:39.905793,20,9.52707290649414
2025-08-22 14:19:39.905793,20,9.80390739440918
2025-08-25 14:19:39.905793,20,10.02956771850586
2025-08-26 14:19:39.905793,20,10.172739028930664
2025-08-27 14:19:39.905793,20,9.52707290649414
2025-08-28 14:19:39.905793,20,9.80390739440918
2025-08-29 14:19:39.905793,20,10.029568672180176
2025-09-01 14:19:39.905793,20,10.172739028930664
2025-09-02 14:19:39.905793,20,9.52707290649414
2025-09-03 14:19:39.905793,20,9.80390739440918
2025-09-04 14:19:39.905793,20,10.02956771850586
2025-09-05 14:19:39.905793,20,10.172739028930664
2025-09-08 14:19:39.905793,20,9.52707290649414
2025-09-09 14:19:39.905793,20,9.80390739440918
2025-09-10 14:19:39.905793,20,10.029568672180176
2025-09-11 14:19:39.905793,20,10.172739028930664
2025-09-12 14:19:39.905793,20,9.52707290649414
2025-09-15 14:19:39.905793,20,9.80390739440918
2025-09-16 14:19:39.905793,20,10.02956771850586
2025-09-17 14:19:39.905793,20,10.172739028930664
2025-09-18 14:19:39.905793,20,9.52707290649414
2025-09-19 14:19:39.905793,20,9.80390739440918
2025-09-22 14:19:39.905793,20,10.029568672180176
2025-09-23 14:19:39.905793,20,10.172739028930664
2025-09-24 14:19:39.905793,20,9.52707290649414
2025-09-25 14:19:39.905793,20,9.80390739440918
2025-09-26 14:19:39.905793,20,10.02956771850586
2025-09-29 14:19:39.905793,20,10.172739028930664
2025-09-30 14:19:39.905793,20,9.52707290649414
2025-10-01 14:19:39.905793,20,9.80390739440918
2025-10-02 14:19:39.905793,20,10.029568672180176
2025-10-03 14:19:39.905793,20,10.172739028930664
2025-10-06 14:19:39.905793,20,9.52707290649414
2025-10-07 14:19:39.905793,20,9.80390739440918
2025-10-08 14:19:39.905793,20,10.02956771850586
2025-10-09 14:19:39.905793,20,10.172739028930664
2025-10-10 14:19:39.905793,20,9.52707290649414
2025-10-13 14:19:39.905793,20,9.80390739440918
2025-10-14 14:19:39.905793,20,10.029568672180176
2025-10-15 14:19:39.905793,20,10.172739028930664
2025-10-16 14:19:39.905793,20,9.52707290649414
2025-10-17 14:19:39.905793,20,9.80390739440918
2025-04-25 14:19:39.905793,21,5.861466407775879
2025-04-28 14:19:39.905793,21,5.864250183105469
2025-04-29 14:19:39.905793,21,6.130495071411133
2025-04-30 14:19:39.905793,21,6.440284729003906
2025-05-01 14:19:39.905793,21,7.160652160644531
2025-05-02 14:19:39.905793,21,7.297213554382324
2025-05-05 14:19:39.905793,21,7.469210624694824
2025-05-06 14:19:39.905793,21,7.3282880783081055
2025-05-07 14:19:39.905793,21,7.857114791870117
2025-05-08 14:19:39.905793,21,7.859282493591309
2025-05-09 14:19:39.905793,21,7.89757776260376
2025-05-12 14:19:39.905793,21,7.655874729156494
2025-05-13 14:19:39.905793,21,8.166982650756836
2025-05-14 14:19:39.905793,21,8.064175605773926
2025-05-15 14:19:39.905793,21,8.058164596557617
2025-05-16 14:19:39.905793,21,7.796164512634277
2025-05-19 14:19:39.905793,21,8.294159889221191
2025-05-20 14:19:39.905793,21,8.142776489257812
2025-05-21 14:19:39.905793,21,8.123601913452148
2025-05-22 14:19:39.905793,21,7.855655670166016
2025-05-23 14:19:39.905793,21,8.345691680908203
2025-05-26 14:19:39.905793,21,8.174399375915527
2025-05-27 14:19:39.905793,21,8.150818824768066
2025-05-28 14:19:39.905793,21,7.880477905273437
2025-05-29 14:19:39.905793,21,8.366720199584961
2025-05-30 14:19:39.905793,21,8.187398910522461
2025-06-02 14:19:39.905793,21,8.16214370727539
2025-06-03 14:19:39.905793,21,7.890767097473144
2025-06-04 14:19:39.905793,21,8.375368118286133
2025-06-05 14:19:39.905793,21,8.192777633666992
2025-06-06 14:19:39.905793,21,8.16684627532959
2025-06-09 14:19:39.905793,21,7.895028591156006
2025-06-10 14:19:39.905793,21,8.37894058227539
2025-06-11 14:19:39.905793,21,8.195006370544434
2025-06-12 14:19:39.905793,21,8.16879653930664
2025-06-13 14:19:39.905793,21,7.896792411804199
2025-06-16 14:19:39.905793,21,8.38041877746582
2025-06-17 14:19:39.905793,21,8.195928573608398
2025-06-18 14:19:39.905793,21,8.169605255126953
2025-06-19 14:19:39.905793,21,7.897523880004883
2025-06-20 14:19:39.905793,21,8.381032943725586
2025-06-23 14:19:39.905793,21,8.196311950683594
2025-06-24 14:19:39.905793,21,8.169939994812012
2025-06-25 14:19:39.905793,21,7.897827625274658
2025-06-26 14:19:39.905793,21,8.381284713745117
2025-06-27 14:19:39.905793,21,8.196470260620117
2025-06-30 14:19:39.905793,21,8.17007827758789
2025-07-01 14:19:39.905793,21,7.897952079772949
2025-07-02 14:19:39.905793,21,8.381389617919922
2025-07-03 14:19:39.905793,21,8.196535110473633
2025-07-04 14:19:39.905793,21,8.170136451721191
2025-07-07 14:19:39.905793,21,7.898004531860352
2025-07-08 14:19:39.905793,21,8.381433486938477
2025-07-09 14:19:39.905793,21,8.196564674377441
2025-07-10 14:19:39.905793,21,8.170160293579102
2025-07-11 14:19:39.905793,21,7.898026466369629
2025-07-14 14:19:39.905793,21,8.381451606750488
2025-07-15 14:19:39.905793,21,8.196575164794922
2025-07-16 14:19:39.905793,21,8.170169830322266
2025-07-17 14:19:39.905793,21,7.898035049438477
2025-07-18 14:19:39.905793,21,8.381458282470703
2025-07-21 14:19:39.905793,21,8.196578979492188
2025-07-22 14:19:39.905793,21,8.170173645019531
2025-07-23 14:19:39.905793,21,7.898038864135742
2025-07-24 14:19:39.905793,21,8.381462097167969
2025-07-25 14:19:39.905793,21,8.19658088684082
2025-07-28 14:19:39.905793,21,8.17017650604248
2025-07-29 14:19:39.905793,21,7.898039817810059
2025-07-30 14:19:39.905793,21,8.381463050842285
2025-07-31 14:19:39.905793,21,8.196582794189453
2025-08-01 14:19:39.905793,21,8.170177459716797
2025-08-04 14:19:39.905793,21,7.898040294647217
2025-08-05 14:19:39.905793,21,8.381464004516602
2025-08-06 14:19:39.905793,21,8.196582794189453
2025-08-07 14:19:39.905793,21,8.170177459716797
2025-08-08 14:19:39.905793,21,7.898040771484375
2025-08-11 14:19:39.905793,21,8.381464004516602
2025-08-12 14:19:39.905793,21,8.196582794189453
2025-08-13 14:19:39.905793,21,8.17017650604248
2025-08-14 14:19:39.905793,21,7.898040771484375
2025-08-15 14:19:39.905793,21,8.381464004516602
2025-08-18 14:19:39.905793,21,8.196582794189453
2025-08-19 14:19:39.905793,21,8.170177459716797
2025-08-20 14:19:39.905793,21,7.898040771484375
2025-08-21 14:19:39.905793,21,8.381464004516602
2025-08-22 14:19:39.905793,21,8.196582794189453
2025-08-25 14:19:39.905793,21,8.17017650604248
2025-08-26 14:19:39.905793,21,7.898040771484375
2025-08-27 14:19:39.905793,21,8.381464004516602
2025-08-28 14:19:39.905793,21,8.196582794189453
2025-08-29 14:19:39.905793,21,8.170177459716797
2025-09-01 14:19:39.905793,21,7.898040771484375
2025-09-02 14:19:39.905793,21,8.381464004516602
2025-09-03 14:19:39.905793,21,8.196582794189453
2025-09-04 14:19:39.905793,21,8.17017650604248
2025-09-05 14:19:39.905793,21,7.898040771484375
2025-09-08 14:19:39.905793,21,8.381464004516602
2025-09-09 14:19:39.905793,21,8.196582794189453
2025-09-10 14:19:39.905793,21,8.170177459716797
2025-09-11 14:19:39.905793,21,7.898040771484375
2025-09-12 14:19:39.905793,21,8.381464004516602
2025-09-15 14:19:39.905793,21,8.196582794189453
2025-09-16 14:19:39.905793,21,8.17017650604248
2025-09-17 14:19:39.905793,21,7.898040771484375
2025-09-18 14:19:39.905793,21,8.381464004516602
2025-09-19 14:19:39.905793,21,8.196582794189453
2025-09-22 14:19:39.905793,21,8.170177459716797
2025-09-23 14:19:39.905793,21,7.898040771484375
2025-09-24 14:19:39.905793,21,8.381464004516602
2025-09-25 14:19:39.905793,21,8.196582794189453
2025-09-26 14:19:39.905793,21,8.17017650604248
2025-09-29 14:19:39.905793,21,7.898040771484375
2025-09-30 14:19:39.905793,21,8.381464004516602
2025-10-01 14:19:39.905793,21,8.196582794189453
2025-10-02 14:19:39.905793,21,8.170177459716797
2025-10-03 14:19:39.905793,21,7.898040771484375
2025-10-06 14:19:39.905793,21,8.381464004516602
2025-10-07 14:19:39.905793,21,8.196582794189453
2025-10-08 14:19:39.905793,21,8.17017650604248
2025-10-09 14:19:39.905793,21,7.898040771484375
2025-10-10 14:19:39.905793,21,8.381464004516602
2025-10-13 14:19:39.905793,21,8.196582794189453
2025-10-14 14:19:39.905793,21,8.170177459716797
2025-10-15 14:19:39.905793,21,7.898040771484375
2025-10-16 14:19:39.905793,21,8.381464004516602
2025-10-17 14:19:39.905793,21,8.196582794189453
2025-04-25 14:19:39.905793,22,5.215304374694824
2025-04-28 14:19:39.905793,22,5.350669860839844
2025-04-29 14:19:39.905793,22,5.684341430664063
2025-04-30 14:19:39.905793,22,6.040952682495117
2025-05-01 14:19:39.905793,22,6.131919860839844
2025-05-02 14:19:39.905793,22,6.425034046173096
2025-05-05 14:19:39.905793,22,6.381711959838867
2025-05-06 14:19:39.905793,22,6.373934745788574
2025-05-07 14:19:39.905793,22,6.269265174865723
2025-05-08 14:19:39.905793,22,6.570385932922363
2025-05-09 14:19:39.905793,22,6.4496588706970215
2025-05-12 14:19:39.905793,22,6.404681205749512
2025-05-13 14:19:39.905793,22,6.287935256958008
2025-05-14 14:19:39.905793,22,6.588800430297852
2025-05-15 14:19:39.905793,22,6.45680046081543
2025-05-16 14:19:39.905793,22,6.408089637756348
2025-05-19 14:19:39.905793,22,6.290303707122803
2025-05-20 14:19:39.905793,22,6.591030120849609
2025-05-21 14:19:39.905793,22,6.457595348358154
2025-05-22 14:19:39.905793,22,6.408490180969238
2025-05-23 14:19:39.905793,22,6.290592670440674
2025-05-26 14:19:39.905793,22,6.59129524230957
2025-05-27 14:19:39.905793,22,6.457686901092529
2025-05-28 14:19:39.905793,22,6.408537864685059
2025-05-29 14:19:39.905793,22,6.290627479553223
2025-05-30 14:19:39.905793,22,6.591326713562012
2025-06-02 14:19:39.905793,22,6.457698345184326
2025-06-03 14:19:39.905793,22,6.408544540405273
2025-06-04 14:19:39.905793,22,6.290631771087647
2025-06-05 14:19:39.905793,22,6.591330051422119
2025-06-06 14:19:39.905793,22,6.457699298858643
2025-06-09 14:19:39.905793,22,6.408545017242432
2025-06-10 14:19:39.905793,22,6.290631771087647
2025-06-11 14:19:39.905793,22,6.591330051422119
2025-06-12 14:19:39.905793,22,6.457699298858643
2025-06-13 14:19:39.905793,22,6.408545017242432
2025-06-16 14:19:39.905793,22,6.290631771087647
2025-06-17 14:19:39.905793,22,6.591330051422119
2025-06-18 14:19:39.905793,22,6.457699298858643
2025-06-19 14:19:39.905793,22,6.408545017242432
2025-06-20 14:19:39.905793,22,6.290631771087647
2025-06-23 14:19:39.905793,22,6.591330051422119
2025-06-24 14:19:39.905793,22,6.457699298858643
2025-06-25 14:19:39.905793,22,6.408545017242432
2025-06-26 14:19:39.905793,22,6.290631771087647
2025-06-27 14:19:39.905793,22,6.591330051422119
2025-06-30 14:19:39.905793,22,6.457699298858643
2025-07-01 14:19:39.905793,22,6.408545017242432
2025-07-02 14:19:39.905793,22,6.290631771087647
2025-07-03 14:19:39.905793,22,6.591330051422119
2025-07-04 14:19:39.905793,22,6.457699298858643
2025-07-07 14:19:39.905793,22,6.408545017242432
2025-07-08 14:19:39.905793,22,6.290631771087647
2025-07-09 14:19:39.905793,22,6.591330051422119
2025-07-10 14:19:39.905793,22,6.457699298858643
2025-07-11 14:19:39.905793,22,6.408545017242432
2025-07-14 14:19:39.905793,22,6.290631771087647
2025-07-15 14:19:39.905793,22,6.591330051422119
2025-07-16 14:19:39.905793,22,6.457699298858643
2025-07-17 14:19:39.905793,22,6.408545017242432
2025-07-18 14:19:39.905793,22,6.290631771087647
2025-07-21 14:19:39.905793,22,6.591330051422119
2025-07-22 14:19:39.905793,22,6.457699298858643
2025-07-23 14:19:39.905793,22,6.408545017242432
2025-07-24 14:19:39.905793,22,6.290631771087647
2025-07-25 14:19:39.905793,22,6.591330051422119
2025-07-28 14:19:39.905793,22,6.457699298858643
2025-07-29 14:19:39.905793,22,6.408545017242432
2025-07-30 14:19:39.905793,22,6.290631771087647
2025-07-31 14:19:39.905793,22,6.591330051422119
2025-08-01 14:19:39.905793,22,6.457699298858643
2025-08-04 14:19:39.905793,22,6.408545017242432
2025-08-05 14:19:39.905793,22,6.290631771087647
2025-08-06 14:19:39.905793,22,6.591330051422119
2025-08-07 14:19:39.905793,22,6.457699298858643
2025-08-08 14:19:39.905793,22,6.408545017242432
2025-08-11 14:19:39.905793,22,6.290631771087647
2025-08-12 14:19:39.905793,22,6.591330051422119
2025-08-13 14:19:39.905793,22,6.457699298858643
2025-08-14 14:19:39.905793,22,6.408545017242432
2025-08-15 14:19:39.905793,22,6.290631771087647
2025-08-18 14:19:39.905793,22,6.591330051422119
2025-08-19 14:19:39.905793,22,6.457699298858643
2025-08-20 14:19:39.905793,22,6.408545017242432
2025-08-21 14:19:39.905793,22,6.290631771087647
2025-08-22 14:19:39.905793,22,6.591330051422119
2025-08-25 14:19:39.905793,22,6.457699298858643
2025-08-26 14:19:39.905793,22,6.408545017242432
2025-08-27 14:19:39.905793,22,6.290631771087647
2025-08-28 14:19:39.905793,22,6.591330051422119
2025-08-29 14:19:39.905793,22,6.457699298858643
2025-09-01 14:19:39.905793,22,6.408545017242432
2025-09-02 14:19:39.905793,22,6.290631771087647
2025-09-03 14:19:39.905793,22,6.591330051422119
2025-09-04 14:19:39.905793,22,6.457699298858643
2025-09-05 14:19:39.905793,22,6.408545017242432
2025-09-08 14:19:39.905793,22,6.290631771087647
2025-09-09 14:19:39.905793,22,6.591330051422119
2025-09-10 14:19:39.905793,22,6.457699298858643
2025-09-11 14:19:39.905793,22,6.408545017242432
2025-09-12 14:19:39.905793,22,6.290631771087647
2025-09-15 14:19:39.905793,22,6.591330051422119
2025-09-16 14:19:39.905793,22,6.457699298858643
2025-09-17 14:19:39.905793,22,6.408545017242432
2025-09-18 14:19:39.905793,22,6.290631771087647
2025-09-19 14:19:39.905793,22,6.591330051422119
2025-09-22 14:19:39.905793,22,6.457699298858643
2025-09-23 14:19:39.905793,22,6.408545017242432
2025-09-24 14:19:39.905793,22,6.290631771087647
2025-09-25 14:19:39.905793,22,6.591330051422119
2025-09-26 14:19:39.905793,22,6.457699298858643
2025-09-29 14:19:39.905793,22,6.408545017242432
2025-09-30 14:19:39.905793,22,6.290631771087647
2025-10-01 14:19:39.905793,22,6.591330051422119
2025-10-02 14:19:39.905793,22,6.457699298858643
2025-10-03 14:19:39.905793,22,6.408545017242432
2025-10-06 14:19:39.905793,22,6.290631771087647
2025-10-07 14:19:39.905793,22,6.591330051422119
2025-10-08 14:19:39.905793,22,6.457699298858643
2025-10-09 14:19:39.905793,22,6.408545017242432
2025-10-10 14:19:39.905793,22,6.290631771087647
2025-10-13 14:19:39.905793,22,6.591330051422119
2025-10-14 14:19:39.905793,22,6.457699298858643
2025-10-15 14:19:39.905793,22,6.408545017242432
2025-10-16 14:19:39.905793,22,6.290631771087647
2025-10-17 14:19:39.905793,22,6.591330051422119
2025-04-25 14:19:39.905793,23,11.197818756103516
2025-04-28 14:19:39.905793,23,10.32131004333496
2025-04-29 14:19:39.905793,23,8.700713157653809
2025-04-30 14:19:39.905793,23,10.939126968383787
2025-05-01 14:19:39.905793,23,11.729323387145996
2025-05-02 14:19:39.905793,23,11.249858856201172
2025-05-05 14:19:39.905793,23,11.170001983642578
2025-05-06 14:19:39.905793,23,11.497583389282228
2025-05-07 14:19:39.905793,23,11.624753952026367
2025-05-08 14:19:39.905793,23,11.186189651489258
2025-05-09 14:19:39.905793,23,11.300308227539062
2025-05-12 14:19:39.905793,23,11.509391784667969
2025-05-13 14:19:39.905793,23,11.627847671508787
2025-05-14 14:19:39.905793,23,11.184473991394045
2025-05-15 14:19:39.905793,23,11.304516792297363
2025-05-16 14:19:39.905793,23,11.50963020324707
2025-05-19 14:19:39.905793,23,11.627679824829102
2025-05-20 14:19:39.905793,23,11.184412956237791
2025-05-21 14:19:39.905793,23,11.30463981628418
2025-05-22 14:19:39.905793,23,11.50963306427002
2025-05-23 14:19:39.905793,23,11.627685546875
2025-05-26 14:19:39.905793,23,11.184410095214844
2025-05-27 14:19:39.905793,23,11.304641723632812
2025-05-28 14:19:39.905793,23,11.509634017944336
2025-05-29 14:19:39.905793,23,11.627686500549316
2025-05-30 14:19:39.905793,23,11.18441104888916
2025-06-02 14:19:39.905793,23,11.304641723632812
2025-06-03 14:19:39.905793,23,11.50963306427002
2025-06-04 14:19:39.905793,23,11.627685546875
2025-06-05 14:19:39.905793,23,11.18441104888916
2025-06-06 14:19:39.905793,23,11.304641723632812
2025-06-09 14:19:39.905793,23,11.50963306427002
2025-06-10 14:19:39.905793,23,11.627686500549316
2025-06-11 14:19:39.905793,23,11.18441104888916
2025-06-12 14:19:39.905793,23,11.304641723632812
2025-06-13 14:19:39.905793,23,11.509634017944336
2025-06-16 14:19:39.905793,23,11.627686500549316
2025-06-17 14:19:39.905793,23,11.18441104888916
2025-06-18 14:19:39.905793,23,11.304641723632812
2025-06-19 14:19:39.905793,23,11.50963306427002
2025-06-20 14:19:39.905793,23,11.627685546875
2025-06-23 14:19:39.905793,23,11.18441104888916
2025-06-24 14:19:39.905793,23,11.304641723632812
2025-06-25 14:19:39.905793,23,11.50963306427002
2025-06-26 14:19:39.905793,23,11.627686500549316
2025-06-27 14:19:39.905793,23,11.18441104888916
2025-06-30 14:19:39.905793,23,11.304641723632812
2025-07-01 14:19:39.905793,23,11.509634017944336
2025-07-02 14:19:39.905793,23,11.627686500549316
2025-07-03 14:19:39.905793,23,11.18441104888916
2025-07-04 14:19:39.905793,23,11.304641723632812
2025-07-07 14:19:39.905793,23,11.50963306427002
2025-07-08 14:19:39.905793,23,11.627685546875
2025-07-09 14:19:39.905793,23,11.18441104888916
2025-07-10 14:19:39.905793,23,11.304641723632812
2025-07-11 14:19:39.905793,23,11.50963306427002
2025-07-14 14:19:39.905793,23,11.627686500549316
2025-07-15 14:19:39.905793,23,11.18441104888916
2025-07-16 14:19:39.905793,23,11.304641723632812
2025-07-17 14:19:39.905793,23,11.509634017944336
2025-07-18 14:19:39.905793,23,11.627686500549316
2025-07-21 14:19:39.905793,23,11.18441104888916
2025-07-22 14:19:39.905793,23,11.304641723632812
2025-07-23 14:19:39.905793,23,11.50963306427002
2025-07-24 14:19:39.905793,23,11.627685546875
2025-07-25 14:19:39.905793,23,11.18441104888916
2025-07-28 14:19:39.905793,23,11.304641723632812
2025-07-29 14:19:39.905793,23,11.50963306427002
2025-07-30 14:19:39.905793,23,11.627686500549316
2025-07-31 14:19:39.905793,23,11.18441104888916
2025-08-01 14:19:39.905793,23,11.304641723632812
2025-08-04 14:19:39.905793,23,11.509634017944336
2025-08-05 14:19:39.905793,23,11.627686500549316
2025-08-06 14:19:39.905793,23,11.18441104888916
2025-08-07 14:19:39.905793,23,11.304641723632812
2025-08-08 14:19:39.905793,23,11.50963306427002
2025-08-11 14:19:39.905793,23,11.627685546875
2025-08-12 14:19:39.905793,23,11.18441104888916
2025-08-13 14:19:39.905793,23,11.304641723632812
2025-08-14 14:19:39.905793,23,11.50963306427002
2025-08-15 14:19:39.905793,23,11.627686500549316
2025-08-18 14:19:39.905793,23,11.18441104888916
2025-08-19 14:19:39.905793,23,11.304641723632812
2025-08-20 14:19:39.905793,23,11.509634017944336
2025-08-21 14:19:39.905793,23,11.627686500549316
2025-08-22 14:19:39.905793,23,11.18441104888916
2025-08-25 14:19:39.905793,23,11.304641723632812
2025-08-26 14:19:39.905793,23,11.50963306427002
2025-08-27 14:19:39.905793,23,11.627685546875
2025-08-28 14:19:39.905793,23,11.18441104888916
2025-08-29 14:19:39.905793,23,11.304641723632812
2025-09-01 14:19:39.905793,23,11.50963306427002
2025-09-02 14:19:39.905793,23,11.627686500549316
2025-09-03 14:19:39.905793,23,11.18441104888916
2025-09-04 14:19:39.905793,23,11.304641723632812
2025-09-05 14:19:39.905793,23,11.509634017944336
2025-09-08 14:19:39.905793,23,11.627686500549316
2025-09-09 14:19:39.905793,23,11.18441104888916
2025-09-10 14:19:39.905793,23,11.304641723632812
2025-09-11 14:19:39.905793,23,11.50963306427002
2025-09-12 14:19:39.905793,23,11.627685546875
2025-09-15 14:19:39.905793,23,11.18441104888916
2025-09-16 14:19:39.905793,23,11.304641723632812
2025-09-17 14:19:39.905793,23,11.50963306427002
2025-09-18 14:19:39.905793,23,11.627686500549316
2025-09-19 14:19:39.905793,23,11.18441104888916
2025-09-22 14:19:39.905793,23,11.304641723632812
2025-09-23 14:19:39.905793,23,11.509634017944336
2025-09-24 14:19:39.905793,23,11.627686500549316
2025-09-25 14:19:39.905793,23,11.18441104888916
2025-09-26 14:19:39.905793,23,11.304641723632812
2025-09-29 14:19:39.905793,23,11.50963306427002
2025-09-30 14:19:39.905793,23,11.627685546875
2025-10-01 14:19:39.905793,23,11.18441104888916
2025-10-02 14:19:39.905793,23,11.304641723632812
2025-10-03 14:19:39.905793,23,11.50963306427002
2025-10-06 14:19:39.905793,23,11.627686500549316
2025-10-07 14:19:39.905793,23,11.18441104888916
2025-10-08 14:19:39.905793,23,11.304641723632812
2025-10-09 14:19:39.905793,23,11.509634017944336
2025-10-10 14:19:39.905793,23,11.627686500549316
2025-10-13 14:19:39.905793,23,11.18441104888916
2025-10-14 14:19:39.905793,23,11.304641723632812
2025-10-15 14:19:39.905793,23,11.50963306427002
2025-10-16 14:19:39.905793,23,11.627685546875
2025-10-17 14:19:39.905793,23,11.18441104888916
2025-04-25 14:19:39.905793,24,7.963747978210449
2025-04-28 14:19:39.905793,24,8.916784286499023
2025-04-29 14:19:39.905793,24,9.105390548706056
2025-04-30 14:19:39.905793,24,9.446138381958008
2025-05-01 14:19:39.905793,24,10.16257667541504
2025-05-02 14:19:39.905793,24,10.786639213562012
2025-05-05 14:19:39.905793,24,10.552184104919434
2025-05-06 14:19:39.905793,24,10.807353019714355
2025-05-07 14:19:39.905793,24,11.15985870361328
2025-05-08 14:19:39.905793,24,11.45900058746338
2025-05-09 14:19:39.905793,24,11.223766326904297
2025-05-12 14:19:39.905793,24,11.363988876342772
2025-05-13 14:19:39.905793,24,11.48284149169922
2025-05-14 14:19:39.905793,24,11.590828895568848
2025-05-15 14:19:39.905793,24,11.415730476379396
2025-05-16 14:19:39.905793,24,11.50588607788086
2025-05-19 14:19:39.905793,24,11.550020217895508
2025-05-20 14:19:39.905793,24,11.609790802001951
2025-05-21 14:19:39.905793,24,11.453805923461914
2025-05-22 14:19:39.905793,24,11.533819198608398
2025-05-23 14:19:39.905793,24,11.561851501464844
2025-05-26 14:19:39.905793,24,11.61281967163086
2025-05-27 14:19:39.905793,24,11.46064567565918
2025-05-28 14:19:39.905793,24,11.53889274597168
2025-05-29 14:19:39.905793,24,11.563907623291016
2025-05-30 14:19:39.905793,24,11.613344192504885
2025-06-02 14:19:39.905793,24,11.4618558883667
2025-06-03 14:19:39.905793,24,11.539796829223633
2025-06-04 14:19:39.905793,24,11.5642671585083
2025-06-05 14:19:39.905793,24,11.613435745239258
2025-06-06 14:19:39.905793,24,11.46207046508789
2025-06-09 14:19:39.905793,24,11.539955139160156
2025-06-10 14:19:39.905793,24,11.5643310546875
2025-06-11 14:19:39.905793,24,11.613451957702637
2025-06-12 14:19:39.905793,24,11.462108612060549
2025-06-13 14:19:39.905793,24,11.539983749389648
2025-06-16 14:19:39.905793,24,11.56434154510498
2025-06-17 14:19:39.905793,24,11.61345386505127
2025-06-18 14:19:39.905793,24,11.462115287780762
2025-06-19 14:19:39.905793,24,11.53998851776123
2025-06-20 14:19:39.905793,24,11.564343452453612
2025-06-23 14:19:39.905793,24,11.613454818725586
2025-06-24 14:19:39.905793,24,11.462116241455078
2025-06-25 14:19:39.905793,24,11.539989471435549
2025-06-26 14:19:39.905793,24,11.564343452453612
2025-06-27 14:19:39.905793,24,11.613454818725586
2025-06-30 14:19:39.905793,24,11.462116241455078
2025-07-01 14:19:39.905793,24,11.539989471435549
2025-07-02 14:19:39.905793,24,11.564343452453612
2025-07-03 14:19:39.905793,24,11.613454818725586
2025-07-04 14:19:39.905793,24,11.462116241455078
2025-07-07 14:19:39.905793,24,11.539989471435549
2025-07-08 14:19:39.905793,24,11.564343452453612
2025-07-09 14:19:39.905793,24,11.613454818725586
2025-07-10 14:19:39.905793,24,11.462116241455078
2025-07-11 14:19:39.905793,24,11.539989471435549
2025-07-14 14:19:39.905793,24,11.564343452453612
2025-07-15 14:19:39.905793,24,11.613454818725586
2025-07-16 14:19:39.905793,24,11.462116241455078
2025-07-17 14:19:39.905793,24,11.539989471435549
2025-07-18 14:19:39.905793,24,11.564343452453612
2025-07-21 14:19:39.905793,24,11.613454818725586
2025-07-22 14:19:39.905793,24,11.462116241455078
2025-07-23 14:19:39.905793,24,11.539989471435549
2025-07-24 14:19:39.905793,24,11.564343452453612
2025-07-25 14:19:39.905793,24,11.613454818725586
2025-07-28 14:19:39.905793,24,11.462116241455078
2025-07-29 14:19:39.905793,24,11.539989471435549
2025-07-30 14:19:39.905793,24,11.564343452453612
2025-07-31 14:19:39.905793,24,11.613454818725586
2025-08-01 14:19:39.905793,24,11.462116241455078
2025-08-04 14:19:39.905793,24,11.539989471435549
2025-08-05 14:19:39.905793,24,11.564343452453612
2025-08-06 14:19:39.905793,24,11.613454818725586
2025-08-07 14:19:39.905793,24,11.462116241455078
2025-08-08 14:19:39.905793,24,11.539989471435549
2025-08-11 14:19:39.905793,24,11.564343452453612
2025-08-12 14:19:39.905793,24,11.613454818725586
2025-08-13 14:19:39.905793,24,11.462116241455078
2025-08-14 14:19:39.905793,24,11.539989471435549
2025-08-15 14:19:39.905793,24,11.564343452453612
2025-08-18 14:19:39.905793,24,11.613454818725586
2025-08-19 14:19:39.905793,24,11.462116241455078
2025-08-20 14:19:39.905793,24,11.539989471435549
2025-08-21 14:19:39.905793,24,11.564343452453612
2025-08-22 14:19:39.905793,24,11.613454818725586
2025-08-25 14:19:39.905793,24,11.462116241455078
2025-08-26 14:19:39.905793,24,11.539989471435549
2025-08-27 14:19:39.905793,24,11.564343452453612
2025-08-28 14:19:39.905793,24,11.613454818725586
2025-08-29 14:19:39.905793,24,11.462116241455078
2025-09-01 14:19:39.905793,24,11.539989471435549
2025-09-02 14:19:39.905793,24,11.564343452453612
2025-09-03 14:19:39.905793,24,11.613454818725586
2025-09-04 14:19:39.905793,24,11.462116241455078
2025-09-05 14:19:39.905793,24,11.539989471435549
2025-09-08 14:19:39.905793,24,11.564343452453612
2025-09-09 14:19:39.905793,24,11.613454818725586
2025-09-10 14:19:39.905793,24,11.462116241455078
2025-09-11 14:19:39.905793,24,11.539989471435549
2025-09-12 14:19:39.905793,24,11.564343452453612
2025-09-15 14:19:39.905793,24,11.613454818725586
2025-09-16 14:19:39.905793,24,11.462116241455078
2025-09-17 14:19:39.905793,24,11.539989471435549
2025-09-18 14:19:39.905793,24,11.564343452453612
2025-09-19 14:19:39.905793,24,11.613454818725586
2025-09-22 14:19:39.905793,24,11.462116241455078
2025-09-23 14:19:39.905793,24,11.539989471435549
2025-09-24 14:19:39.905793,24,11.564343452453612
2025-09-25 14:19:39.905793,24,11.613454818725586
2025-09-26 14:19:39.905793,24,11.462116241455078
2025-09-29 14:19:39.905793,24,11.539989471435549
2025-09-30 14:19:39.905793,24,11.564343452453612
2025-10-01 14:19:39.905793,24,11.613454818725586
2025-10-02 14:19:39.905793,24,11.462116241455078
2025-10-03 14:19:39.905793,24,11.539989471435549
2025-10-06 14:19:39.905793,24,11.564343452453612
2025-10-07 14:19:39.905793,24,11.613454818725586
2025-10-08 14:19:39.905793,24,11.462116241455078
2025-10-09 14:19:39.905793,24,11.539989471435549
2025-10-10 14:19:39.905793,24,11.564343452453612
2025-10-13 14:19:39.905793,24,11.613454818725586
2025-10-14 14:19:39.905793,24,11.462116241455078
2025-10-15 14:19:39.905793,24,11.539989471435549
2025-10-16 14:19:39.905793,24,11.564343452453612
2025-10-17 14:19:39.905793,24,11.613454818725586
2025-04-25 14:19:39.905793,25,6.925357818603516
2025-04-28 14:19:39.905793,25,6.875863075256348
2025-04-29 14:19:39.905793,25,7.273494243621826
2025-04-30 14:19:39.905793,25,8.90335464477539
2025-05-01 14:19:39.905793,25,9.642534255981444
2025-05-02 14:19:39.905793,25,9.56884765625
2025-05-05 14:19:39.905793,25,10.105205535888672
2025-05-06 14:19:39.905793,25,10.4971923828125
2025-05-07 14:19:39.905793,25,10.235577583312988
2025-05-08 14:19:39.905793,25,10.128664016723633
2025-05-09 14:19:39.905793,25,10.560527801513672
2025-05-12 14:19:39.905793,25,10.68737506866455
2025-05-13 14:19:39.905793,25,10.32958984375
2025-05-14 14:19:39.905793,25,10.20895767211914
2025-05-15 14:19:39.905793,25,10.624691009521484
2025-05-16 14:19:39.905793,25,10.71259880065918
2025-05-19 14:19:39.905793,25,10.343667984008787
2025-05-20 14:19:39.905793,25,10.220207214355469
2025-05-21 14:19:39.905793,25,10.633654594421388
2025-05-22 14:19:39.905793,25,10.716135025024414
2025-05-23 14:19:39.905793,25,10.345705032348633
2025-05-26 14:19:39.905793,25,10.221779823303224
2025-05-27 14:19:39.905793,25,10.634912490844728
2025-05-28 14:19:39.905793,25,10.716636657714844
2025-05-29 14:19:39.905793,25,10.345993041992188
2025-05-30 14:19:39.905793,25,10.221999168395996
2025-06-02 14:19:39.905793,25,10.635089874267578
2025-06-03 14:19:39.905793,25,10.716707229614258
2025-06-04 14:19:39.905793,25,10.34603500366211
2025-06-05 14:19:39.905793,25,10.222030639648438
2025-06-06 14:19:39.905793,25,10.635114669799805
2025-06-09 14:19:39.905793,25,10.716716766357422
2025-06-10 14:19:39.905793,25,10.346040725708008
2025-06-11 14:19:39.905793,25,10.222034454345703
2025-06-12 14:19:39.905793,25,10.63511848449707
2025-06-13 14:19:39.905793,25,10.716719627380373
2025-06-16 14:19:39.905793,25,10.346040725708008
2025-06-17 14:19:39.905793,25,10.22203540802002
2025-06-18 14:19:39.905793,25,10.635120391845703
2025-06-19 14:19:39.905793,25,10.716718673706056
2025-06-20 14:19:39.905793,25,10.346040725708008
2025-06-23 14:19:39.905793,25,10.222036361694336
2025-06-24 14:19:39.905793,25,10.635120391845703
2025-06-25 14:19:39.905793,25,10.716718673706056
2025-06-26 14:19:39.905793,25,10.346041679382324
2025-06-27 14:19:39.905793,25,10.222036361694336
2025-06-30 14:19:39.905793,25,10.635119438171388
2025-07-01 14:19:39.905793,25,10.716718673706056
2025-07-02 14:19:39.905793,25,10.346040725708008
2025-07-03 14:19:39.905793,25,10.22203540802002
2025-07-04 14:19:39.905793,25,10.635120391845703
2025-07-07 14:19:39.905793,25,10.716718673706056
2025-07-08 14:19:39.905793,25,10.346040725708008
2025-07-09 14:19:39.905793,25,10.222036361694336
2025-07-10 14:19:39.905793,25,10.635120391845703
2025-07-11 14:19:39.905793,25,10.716718673706056
2025-07-14 14:19:39.905793,25,10.346041679382324
2025-07-15 14:19:39.905793,25,10.222036361694336
2025-07-16 14:19:39.905793,25,10.635119438171388
2025-07-17 14:19:39.905793,25,10.716718673706056
2025-07-18 14:19:39.905793,25,10.346040725708008
2025-07-21 14:19:39.905793,25,10.22203540802002
2025-07-22 14:19:39.905793,25,10.635120391845703
2025-07-23 14:19:39.905793,25,10.716718673706056
2025-07-24 14:19:39.905793,25,10.346040725708008
2025-07-25 14:19:39.905793,25,10.222036361694336
2025-07-28 14:19:39.905793,25,10.635120391845703
2025-07-29 14:19:39.905793,25,10.716718673706056
2025-07-30 14:19:39.905793,25,10.346041679382324
2025-07-31 14:19:39.905793,25,10.222036361694336
2025-08-01 14:19:39.905793,25,10.635119438171388
2025-08-04 14:19:39.905793,25,10.716718673706056
2025-08-05 14:19:39.905793,25,10.346040725708008
2025-08-06 14:19:39.905793,25,10.22203540802002
2025-08-07 14:19:39.905793,25,10.635120391845703
2025-08-08 14:19:39.905793,25,10.716718673706056
2025-08-11 14:19:39.905793,25,10.346040725708008
2025-08-12 14:19:39.905793,25,10.222036361694336
2025-08-13 14:19:39.905793,25,10.635120391845703
2025-08-14 14:19:39.905793,25,10.716718673706056
2025-08-15 14:19:39.905793,25,10.346041679382324
2025-08-18 14:19:39.905793,25,10.222036361694336
2025-08-19 14:19:39.905793,25,10.635119438171388
2025-08-20 14:19:39.905793,25,10.716718673706056
2025-08-21 14:19:39.905793,25,10.346040725708008
2025-08-22 14:19:39.905793,25,10.22203540802002
2025-08-25 14:19:39.905793,25,10.635120391845703
2025-08-26 14:19:39.905793,25,10.716718673706056
2025-08-27 14:19:39.905793,25,10.346040725708008
2025-08-28 14:19:39.905793,25,10.222036361694336
2025-08-29 14:19:39.905793,25,10.635120391845703
2025-09-01 14:19:39.905793,25,10.716718673706056
2025-09-02 14:19:39.905793,25,10.346041679382324
2025-09-03 14:19:39.905793,25,10.222036361694336
2025-09-04 14:19:39.905793,25,10.635119438171388
2025-09-05 14:19:39.905793,25,10.716718673706056
2025-09-08 14:19:39.905793,25,10.346040725708008
2025-09-09 14:19:39.905793,25,10.22203540802002
2025-09-10 14:19:39.905793,25,10.635120391845703
2025-09-11 14:19:39.905793,25,10.716718673706056
2025-09-12 14:19:39.905793,25,10.346040725708008
2025-09-15 14:19:39.905793,25,10.222036361694336
2025-09-16 14:19:39.905793,25,10.635120391845703
2025-09-17 14:19:39.905793,25,10.716718673706056
2025-09-18 14:19:39.905793,25,10.346041679382324
2025-09-19 14:19:39.905793,25,10.222036361694336
2025-09-22 14:19:39.905793,25,10.635119438171388
2025-09-23 14:19:39.905793,25,10.716718673706056
2025-09-24 14:19:39.905793,25,10.346040725708008
2025-09-25 14:19:39.905793,25,10.22203540802002
2025-09-26 14:19:39.905793,25,10.635120391845703
2025-09-29 14:19:39.905793,25,10.716718673706056
2025-09-30 14:19:39.905793,25,10.346040725708008
2025-10-01 14:19:39.905793,25,10.222036361694336
2025-10-02 14:19:39.905793,25,10.635120391845703
2025-10-03 14:19:39.905793,25,10.716718673706056
2025-10-06 14:19:39.905793,25,10.346041679382324
2025-10-07 14:19:39.905793,25,10.222036361694336
2025-10-08 14:19:39.905793,25,10.635119438171388
2025-10-09 14:19:39.905793,25,10.716718673706056
2025-10-10 14:19:39.905793,25,10.346040725708008
2025-10-13 14:19:39.905793,25,10.22203540802002
2025-10-14 14:19:39.905793,25,10.635120391845703
2025-10-15 14:19:39.905793,25,10.716718673706056
2025-10-16 14:19:39.905793,25,10.346040725708008
2025-10-17 14:19:39.905793,25,10.222036361694336
2025-04-25 14:19:39.905793,26,5.127101898193359
2025-04-28 14:19:39.905793,26,5.010986328125
2025-04-29 14:19:39.905793,26,4.975971698760986
2025-04-30 14:19:39.905793,26,5.871632099151611
2025-05-01 14:19:39.905793,26,5.851572513580322
2025-05-02 14:19:39.905793,26,5.57438850402832
2025-05-05 14:19:39.905793,26,5.722442626953125
2025-05-06 14:19:39.905793,26,6.3433990478515625
2025-05-07 14:19:39.905793,26,6.056729316711426
2025-05-08 14:19:39.905793,26,5.733744621276856
2025-05-09 14:19:39.905793,26,5.894850730895996
2025-05-12 14:19:39.905793,26,6.437625408172607
2025-05-13 14:19:39.905793,26,6.1082444190979
2025-05-14 14:19:39.905793,26,5.772624969482422
2025-05-15 14:19:39.905793,26,5.934589385986328
2025-05-16 14:19:39.905793,26,6.458770751953125
2025-05-19 14:19:39.905793,26,6.120534896850586
2025-05-20 14:19:39.905793,26,5.781760215759277
2025-05-21 14:19:39.905793,26,5.943787574768066
2025-05-22 14:19:39.905793,26,6.463659763336182
2025-05-23 14:19:39.905793,26,6.123415946960449
2025-05-26 14:19:39.905793,26,5.783888816833496
2025-05-27 14:19:39.905793,26,5.945923328399658
2025-05-28 14:19:39.905793,26,6.464796543121338
2025-05-29 14:19:39.905793,26,6.124087333679199
2025-05-30 14:19:39.905793,26,5.784383296966553
2025-06-02 14:19:39.905793,26,5.946419715881348
2025-06-03 14:19:39.905793,26,6.465061187744141
2025-06-04 14:19:39.905793,26,6.12424373626709
2025-06-05 14:19:39.905793,26,5.78449821472168
2025-06-06 14:19:39.905793,26,5.946535110473633
2025-06-09 14:19:39.905793,26,6.465123653411865
2025-06-10 14:19:39.905793,26,6.124280452728272
2025-06-11 14:19:39.905793,26,5.784525871276856
2025-06-12 14:19:39.905793,26,5.946562767028809
2025-06-13 14:19:39.905793,26,6.465137481689453
2025-06-16 14:19:39.905793,26,6.124289512634277
2025-06-17 14:19:39.905793,26,5.784531593322754
2025-06-18 14:19:39.905793,26,5.946568965911865
2025-06-19 14:19:39.905793,26,6.4651408195495605
2025-06-20 14:19:39.905793,26,6.124290466308594
2025-06-23 14:19:39.905793,26,5.78453254699707
2025-06-24 14:19:39.905793,26,5.94657039642334
2025-06-25 14:19:39.905793,26,6.465141296386719
2025-06-26 14:19:39.905793,26,6.124290466308594
2025-06-27 14:19:39.905793,26,5.784533500671387
2025-06-30 14:19:39.905793,26,5.94657039642334
2025-07-01 14:19:39.905793,26,6.465141296386719
2025-07-02 14:19:39.905793,26,6.124290943145752
2025-07-03 14:19:39.905793,26,5.784533500671387
2025-07-04 14:19:39.905793,26,5.946571350097656
2025-07-07 14:19:39.905793,26,6.465141296386719
2025-07-08 14:19:39.905793,26,6.124290943145752
2025-07-09 14:19:39.905793,26,5.784533500671387
2025-07-10 14:19:39.905793,26,5.946570873260498
2025-07-11 14:19:39.905793,26,6.465141296386719
2025-07-14 14:19:39.905793,26,6.124290943145752
2025-07-15 14:19:39.905793,26,5.784533500671387
2025-07-16 14:19:39.905793,26,5.946570873260498
2025-07-17 14:19:39.905793,26,6.465141296386719
2025-07-18 14:19:39.905793,26,6.124290943145752
2025-07-21 14:19:39.905793,26,5.784533500671387
2025-07-22 14:19:39.905793,26,5.946570873260498
2025-07-23 14:19:39.905793,26,6.465141296386719
2025-07-24 14:19:39.905793,26,6.124290943145752
2025-07-25 14:19:39.905793,26,5.784533500671387
2025-07-28 14:19:39.905793,26,5.946570873260498
2025-07-29 14:19:39.905793,26,6.465141296386719
2025-07-30 14:19:39.905793,26,6.124290943145752
2025-07-31 14:19:39.905793,26,5.784533500671387
2025-08-01 14:19:39.905793,26,5.946570873260498
2025-08-04 14:19:39.905793,26,6.465141296386719
2025-08-05 14:19:39.905793,26,6.124290943145752
2025-08-06 14:19:39.905793,26,5.784533500671387
2025-08-07 14:19:39.905793,26,5.946570873260498
2025-08-08 14:19:39.905793,26,6.465141296386719
2025-08-11 14:19:39.905793,26,6.124290943145752
2025-08-12 14:19:39.905793,26,5.784533500671387
2025-08-13 14:19:39.905793,26,5.946570873260498
2025-08-14 14:19:39.905793,26,6.465141296386719
2025-08-15 14:19:39.905793,26,6.124290943145752
2025-08-18 14:19:39.905793,26,5.784533500671387
2025-08-19 14:19:39.905793,26,5.946570873260498
2025-08-20 14:19:39.905793,26,6.465141296386719
2025-08-21 14:19:39.905793,26,6.124290943145752
2025-08-22 14:19:39.905793,26,5.784533500671387
2025-08-25 14:19:39.905793,26,5.946570873260498
2025-08-26 14:19:39.905793,26,6.465141296386719
2025-08-27 14:19:39.905793,26,6.124290943145752
2025-08-28 14:19:39.905793,26,5.784533500671387
2025-08-29 14:19:39.905793,26,5.946570873260498
2025-09-01 14:19:39.905793,26,6.465141296386719
2025-09-02 14:19:39.905793,26,6.124290943145752
2025-09-03 14:19:39.905793,26,5.784533500671387
2025-09-04 14:19:39.905793,26,5.946570873260498
2025-09-05 14:19:39.905793,26,6.465141296386719
2025-09-08 14:19:39.905793,26,6.124290943145752
2025-09-09 14:19:39.905793,26,5.784533500671387
2025-09-10 14:19:39.905793,26,5.946570873260498
2025-09-11 14:19:39.905793,26,6.465141296386719
2025-09-12 14:19:39.905793,26,6.124290943145752
2025-09-15 14:19:39.905793,26,5.784533500671387
2025-09-16 14:19:39.905793,26,5.946570873260498
2025-09-17 14:19:39.905793,26,6.465141296386719
2025-09-18 14:19:39.905793,26,6.124290943145752
2025-09-19 14:19:39.905793,26,5.784533500671387
2025-09-22 14:19:39.905793,26,5.946570873260498
2025-09-23 14:19:39.905793,26,6.465141296386719
2025-09-24 14:19:39.905793,26,6.124290943145752
2025-09-25 14:19:39.905793,26,5.784533500671387
2025-09-26 14:19:39.905793,26,5.946570873260498
2025-09-29 14:19:39.905793,26,6.465141296386719
2025-09-30 14:19:39.905793,26,6.124290943145752
2025-10-01 14:19:39.905793,26,5.784533500671387
2025-10-02 14:19:39.905793,26,5.946570873260498
2025-10-03 14:19:39.905793,26,6.465141296386719
2025-10-06 14:19:39.905793,26,6.124290943145752
2025-10-07 14:19:39.905793,26,5.784533500671387
2025-10-08 14:19:39.905793,26,5.946570873260498
2025-10-09 14:19:39.905793,26,6.465141296386719
2025-10-10 14:19:39.905793,26,6.124290943145752
2025-10-13 14:19:39.905793,26,5.784533500671387
2025-10-14 14:19:39.905793,26,5.946570873260498
2025-10-15 14:19:39.905793,26,6.465141296386719
2025-10-16 14:19:39.905793,26,6.124290943145752
2025-10-17 14:19:39.905793,26,5.784533500671387
2025-04-25 14:19:39.905793,27,6.78429126739502
2025-04-28 14:19:39.905793,27,6.82454252243042
2025-04-29 14:19:39.905793,27,8.134613990783691
2025-04-30 14:19:39.905793,27,10.75955581665039
2025-05-01 14:19:39.905793,27,11.422733306884766
2025-05-02 14:19:39.905793,27,11.35642910003662
2025-05-05 14:19:39.905793,27,12.12799072265625
2025-05-06 14:19:39.905793,27,12.507349014282228
2025-05-07 14:19:39.905793,27,12.126890182495115
2025-05-08 14:19:39.905793,27,11.805865287780762
2025-05-09 14:19:39.905793,27,12.339654922485352
2025-05-12 14:19:39.905793,27,12.531158447265623
2025-05-13 14:19:39.905793,27,12.124263763427734
2025-05-14 14:19:39.905793,27,11.81148910522461
2025-05-15 14:19:39.905793,27,12.34168815612793
2025-05-16 14:19:39.905793,27,12.531295776367188
2025-05-19 14:19:39.905793,27,12.124433517456056
2025-05-20 14:19:39.905793,27,11.81154441833496
2025-05-21 14:19:39.905793,27,12.341711044311523
2025-05-22 14:19:39.905793,27,12.531295776367188
2025-05-23 14:19:39.905793,27,12.124429702758787
2025-05-26 14:19:39.905793,27,11.811546325683594
2025-05-27 14:19:39.905793,27,12.341711044311523
2025-05-28 14:19:39.905793,27,12.531295776367188
2025-05-29 14:19:39.905793,27,12.124429702758787
2025-05-30 14:19:39.905793,27,11.811546325683594
2025-06-02 14:19:39.905793,27,12.341711044311523
2025-06-03 14:19:39.905793,27,12.531295776367188
2025-06-04 14:19:39.905793,27,12.124429702758787
2025-06-05 14:19:39.905793,27,11.811546325683594
2025-06-06 14:19:39.905793,27,12.341711044311523
2025-06-09 14:19:39.905793,27,12.531295776367188
2025-06-10 14:19:39.905793,27,12.124429702758787
2025-06-11 14:19:39.905793,27,11.811546325683594
2025-06-12 14:19:39.905793,27,12.341711044311523
2025-06-13 14:19:39.905793,27,12.531295776367188
2025-06-16 14:19:39.905793,27,12.124429702758787
2025-06-17 14:19:39.905793,27,11.811546325683594
2025-06-18 14:19:39.905793,27,12.341711044311523
2025-06-19 14:19:39.905793,27,12.531295776367188
2025-06-20 14:19:39.905793,27,12.124429702758787
2025-06-23 14:19:39.905793,27,11.811546325683594
2025-06-24 14:19:39.905793,27,12.341711044311523
2025-06-25 14:19:39.905793,27,12.531295776367188
2025-06-26 14:19:39.905793,27,12.124429702758787
2025-06-27 14:19:39.905793,27,11.811546325683594
2025-06-30 14:19:39.905793,27,12.341711044311523
2025-07-01 14:19:39.905793,27,12.531295776367188
2025-07-02 14:19:39.905793,27,12.124429702758787
2025-07-03 14:19:39.905793,27,11.811546325683594
2025-07-04 14:19:39.905793,27,12.341711044311523
2025-07-07 14:19:39.905793,27,12.531295776367188
2025-07-08 14:19:39.905793,27,12.124429702758787
2025-07-09 14:19:39.905793,27,11.811546325683594
2025-07-10 14:19:39.905793,27,12.341711044311523
2025-07-11 14:19:39.905793,27,12.531295776367188
2025-07-14 14:19:39.905793,27,12.124429702758787
2025-07-15 14:19:39.905793,27,11.811546325683594
2025-07-16 14:19:39.905793,27,12.341711044311523
2025-07-17 14:19:39.905793,27,12.531295776367188
2025-07-18 14:19:39.905793,27,12.124429702758787
2025-07-21 14:19:39.905793,27,11.811546325683594
2025-07-22 14:19:39.905793,27,12.341711044311523
2025-07-23 14:19:39.905793,27,12.531295776367188
2025-07-24 14:19:39.905793,27,12.124429702758787
2025-07-25 14:19:39.905793,27,11.811546325683594
2025-07-28 14:19:39.905793,27,12.341711044311523
2025-07-29 14:19:39.905793,27,12.531295776367188
2025-07-30 14:19:39.905793,27,12.124429702758787
2025-07-31 14:19:39.905793,27,11.811546325683594
2025-08-01 14:19:39.905793,27,12.341711044311523
2025-08-04 14:19:39.905793,27,12.531295776367188
2025-08-05 14:19:39.905793,27,12.124429702758787
2025-08-06 14:19:39.905793,27,11.811546325683594
2025-08-07 14:19:39.905793,27,12.341711044311523
2025-08-08 14:19:39.905793,27,12.531295776367188
2025-08-11 14:19:39.905793,27,12.124429702758787
2025-08-12 14:19:39.905793,27,11.811546325683594
2025-08-13 14:19:39.905793,27,12.341711044311523
2025-08-14 14:19:39.905793,27,12.531295776367188
2025-08-15 14:19:39.905793,27,12.124429702758787
2025-08-18 14:19:39.905793,27,11.811546325683594
2025-08-19 14:19:39.905793,27,12.341711044311523
2025-08-20 14:19:39.905793,27,12.531295776367188
2025-08-21 14:19:39.905793,27,12.124429702758787
2025-08-22 14:19:39.905793,27,11.811546325683594
2025-08-25 14:19:39.905793,27,12.341711044311523
2025-08-26 14:19:39.905793,27,12.531295776367188
2025-08-27 14:19:39.905793,27,12.124429702758787
2025-08-28 14:19:39.905793,27,11.811546325683594
2025-08-29 14:19:39.905793,27,12.341711044311523
2025-09-01 14:19:39.905793,27,12.531295776367188
2025-09-02 14:19:39.905793,27,12.124429702758787
2025-09-03 14:19:39.905793,27,11.811546325683594
2025-09-04 14:19:39.905793,27,12.341711044311523
2025-09-05 14:19:39.905793,27,12.531295776367188
2025-09-08 14:19:39.905793,27,12.124429702758787
2025-09-09 14:19:39.905793,27,11.811546325683594
2025-09-10 14:19:39.905793,27,12.341711044311523
2025-09-11 14:19:39.905793,27,12.531295776367188
2025-09-12 14:19:39.905793,27,12.124429702758787
2025-09-15 14:19:39.905793,27,11.811546325683594
2025-09-16 14:19:39.905793,27,12.341711044311523
2025-09-17 14:19:39.905793,27,12.531295776367188
2025-09-18 14:19:39.905793,27,12.124429702758787
2025-09-19 14:19:39.905793,27,11.811546325683594
2025-09-22 14:19:39.905793,27,12.341711044311523
2025-09-23 14:19:39.905793,27,12.531295776367188
2025-09-24 14:19:39.905793,27,12.124429702758787
2025-09-25 14:19:39.905793,27,11.811546325683594
2025-09-26 14:19:39.905793,27,12.341711044311523
2025-09-29 14:19:39.905793,27,12.531295776367188
2025-09-30 14:19:39.905793,27,12.124429702758787
2025-10-01 14:19:39.905793,27,11.811546325683594
2025-10-02 14:19:39.905793,27,12.341711044311523
2025-10-03 14:19:39.905793,27,12.531295776367188
2025-10-06 14:19:39.905793,27,12.124429702758787
2025-10-07 14:19:39.905793,27,11.811546325683594
2025-10-08 14:19:39.905793,27,12.341711044311523
2025-10-09 14:19:39.905793,27,12.531295776367188
2025-10-10 14:19:39.905793,27,12.124429702758787
2025-10-13 14:19:39.905793,27,11.811546325683594
2025-10-14 14:19:39.905793,27,12.341711044311523
2025-10-15 14:19:39.905793,27,12.531295776367188
2025-10-16 14:19:39.905793,27,12.124429702758787
2025-10-17 14:19:39.905793,27,11.811546325683594
2025-04-25 14:19:39.905793,28,6.6427998542785645
2025-04-28 14:19:39.905793,28,7.251430511474609
2025-04-29 14:19:39.905793,28,7.409515380859375
2025-04-30 14:19:39.905793,28,8.542789459228516
2025-05-01 14:19:39.905793,28,8.335355758666992
2025-05-02 14:19:39.905793,28,8.27153205871582
2025-05-05 14:19:39.905793,28,8.232625007629395
2025-05-06 14:19:39.905793,28,8.634923934936523
2025-05-07 14:19:39.905793,28,8.263290405273438
2025-05-08 14:19:39.905793,28,8.224092483520508
2025-05-09 14:19:39.905793,28,8.225852966308594
2025-05-12 14:19:39.905793,28,8.635429382324219
2025-05-13 14:19:39.905793,28,8.268964767456055
2025-05-14 14:19:39.905793,28,8.226993560791016
2025-05-15 14:19:39.905793,28,8.226057052612305
2025-05-16 14:19:39.905793,28,8.635278701782227
2025-05-19 14:19:39.905793,28,8.268535614013672
2025-05-20 14:19:39.905793,28,8.226810455322266
2025-05-21 14:19:39.905793,28,8.226044654846191
2025-05-22 14:19:39.905793,28,8.635292053222656
2025-05-23 14:19:39.905793,28,8.268566131591797
2025-05-26 14:19:39.905793,28,8.226822853088379
2025-05-27 14:19:39.905793,28,8.226045608520508
2025-05-28 14:19:39.905793,28,8.63529109954834
2025-05-29 14:19:39.905793,28,8.268564224243164
2025-05-30 14:19:39.905793,28,8.226821899414062
2025-06-02 14:19:39.905793,28,8.226045608520508
2025-06-03 14:19:39.905793,28,8.635292053222656
2025-06-04 14:19:39.905793,28,8.268564224243164
2025-06-05 14:19:39.905793,28,8.226821899414062
2025-06-06 14:19:39.905793,28,8.226045608520508
2025-06-09 14:19:39.905793,28,8.63529109954834
2025-06-10 14:19:39.905793,28,8.268564224243164
2025-06-11 14:19:39.905793,28,8.226821899414062
2025-06-12 14:19:39.905793,28,8.226045608520508
2025-06-13 14:19:39.905793,28,8.635292053222656
2025-06-16 14:19:39.905793,28,8.268564224243164
2025-06-17 14:19:39.905793,28,8.226821899414062
2025-06-18 14:19:39.905793,28,8.226045608520508
2025-06-19 14:19:39.905793,28,8.63529109954834
2025-06-20 14:19:39.905793,28,8.268564224243164
2025-06-23 14:19:39.905793,28,8.226821899414062
2025-06-24 14:19:39.905793,28,8.226045608520508
2025-06-25 14:19:39.905793,28,8.635292053222656
2025-06-26 14:19:39.905793,28,8.268564224243164
2025-06-27 14:19:39.905793,28,8.226821899414062
2025-06-30 14:19:39.905793,28,8.226045608520508
2025-07-01 14:19:39.905793,28,8.63529109954834
2025-07-02 14:19:39.905793,28,8.268564224243164
2025-07-03 14:19:39.905793,28,8.226821899414062
2025-07-04 14:19:39.905793,28,8.226045608520508
2025-07-07 14:19:39.905793,28,8.635292053222656
2025-07-08 14:19:39.905793,28,8.268564224243164
2025-07-09 14:19:39.905793,28,8.226821899414062
2025-07-10 14:19:39.905793,28,8.226045608520508
2025-07-11 14:19:39.905793,28,8.63529109954834
2025-07-14 14:19:39.905793,28,8.268564224243164
2025-07-15 14:19:39.905793,28,8.226821899414062
2025-07-16 14:19:39.905793,28,8.226045608520508
2025-07-17 14:19:39.905793,28,8.635292053222656
2025-07-18 14:19:39.905793,28,8.268564224243164
2025-07-21 14:19:39.905793,28,8.226821899414062
2025-07-22 14:19:39.905793,28,8.226045608520508
2025-07-23 14:19:39.905793,28,8.63529109954834
2025-07-24 14:19:39.905793,28,8.268564224243164
2025-07-25 14:19:39.905793,28,8.226821899414062
2025-07-28 14:19:39.905793,28,8.226045608520508
2025-07-29 14:19:39.905793,28,8.635292053222656
2025-07-30 14:19:39.905793,28,8.268564224243164
2025-07-31 14:19:39.905793,28,8.226821899414062
2025-08-01 14:19:39.905793,28,8.226045608520508
2025-08-04 14:19:39.905793,28,8.63529109954834
2025-08-05 14:19:39.905793,28,8.268564224243164
2025-08-06 14:19:39.905793,28,8.226821899414062
2025-08-07 14:19:39.905793,28,8.226045608520508
2025-08-08 14:19:39.905793,28,8.635292053222656
2025-08-11 14:19:39.905793,28,8.268564224243164
2025-08-12 14:19:39.905793,28,8.226821899414062
2025-08-13 14:19:39.905793,28,8.226045608520508
2025-08-14 14:19:39.905793,28,8.63529109954834
2025-08-15 14:19:39.905793,28,8.268564224243164
2025-08-18 14:19:39.905793,28,8.226821899414062
2025-08-19 14:19:39.905793,28,8.226045608520508
2025-08-20 14:19:39.905793,28,8.635292053222656
2025-08-21 14:19:39.905793,28,8.268564224243164
2025-08-22 14:19:39.905793,28,8.226821899414062
2025-08-25 14:19:39.905793,28,8.226045608520508
2025-08-26 14:19:39.905793,28,8.63529109954834
2025-08-27 14:19:39.905793,28,8.268564224243164
2025-08-28 14:19:39.905793,28,8.226821899414062
2025-08-29 14:19:39.905793,28,8.226045608520508
2025-09-01 14:19:39.905793,28,8.635292053222656
2025-09-02 14:19:39.905793,28,8.268564224243164
2025-09-03 14:19:39.905793,28,8.226821899414062
2025-09-04 14:19:39.905793,28,8.226045608520508
2025-09-05 14:19:39.905793,28,8.63529109954834
2025-09-08 14:19:39.905793,28,8.268564224243164
2025-09-09 14:19:39.905793,28,8.226821899414062
2025-09-10 14:19:39.905793,28,8.226045608520508
2025-09-11 14:19:39.905793,28,8.635292053222656
2025-09-12 14:19:39.905793,28,8.268564224243164
2025-09-15 14:19:39.905793,28,8.226821899414062
2025-09-16 14:19:39.905793,28,8.226045608520508
2025-09-17 14:19:39.905793,28,8.63529109954834
2025-09-18 14:19:39.905793,28,8.268564224243164
2025-09-19 14:19:39.905793,28,8.226821899414062
2025-09-22 14:19:39.905793,28,8.226045608520508
2025-09-23 14:19:39.905793,28,8.635292053222656
2025-09-24 14:19:39.905793,28,8.268564224243164
2025-09-25 14:19:39.905793,28,8.226821899414062
2025-09-26 14:19:39.905793,28,8.226045608520508
2025-09-29 14:19:39.905793,28,8.63529109954834
2025-09-30 14:19:39.905793,28,8.268564224243164
2025-10-01 14:19:39.905793,28,8.226821899414062
2025-10-02 14:19:39.905793,28,8.226045608520508
2025-10-03 14:19:39.905793,28,8.635292053222656
2025-10-06 14:19:39.905793,28,8.268564224243164
2025-10-07 14:19:39.905793,28,8.226821899414062
2025-10-08 14:19:39.905793,28,8.226045608520508
2025-10-09 14:19:39.905793,28,8.63529109954834
2025-10-10 14:19:39.905793,28,8.268564224243164
2025-10-13 14:19:39.905793,28,8.226821899414062
2025-10-14 14:19:39.905793,28,8.226045608520508
2025-10-15 14:19:39.905793,28,8.635292053222656
2025-10-16 14:19:39.905793,28,8.268564224243164
2025-10-17 14:19:39.905793,28,8.226821899414062
2025-04-25 14:19:39.905793,29,5.599695205688477
2025-04-28 14:19:39.905793,29,5.329265594482422
2025-04-29 14:19:39.905793,29,5.383173942565918
2025-04-30 14:19:39.905793,29,5.748281955718994
2025-05-01 14:19:39.905793,29,6.223806381225586
2025-05-02 14:19:39.905793,29,6.098448753356934
2025-05-05 14:19:39.905793,29,6.181338787078857
2025-05-06 14:19:39.905793,29,6.355678558349609
2025-05-07 14:19:39.905793,29,6.393559455871582
2025-05-08 14:19:39.905793,29,6.276941299438477
2025-05-09 14:19:39.905793,29,6.327868461608887
2025-05-12 14:19:39.905793,29,6.445980072021484
2025-05-13 14:19:39.905793,29,6.433609008789063
2025-05-14 14:19:39.905793,29,6.315445899963379
2025-05-15 14:19:39.905793,29,6.355535507202148
2025-05-16 14:19:39.905793,29,6.46204137802124
2025-05-19 14:19:39.905793,29,6.442330360412598
2025-05-20 14:19:39.905793,29,6.323355197906494
2025-05-21 14:19:39.905793,29,6.360848426818848
2025-05-22 14:19:39.905793,29,6.465134620666504
2025-05-23 14:19:39.905793,29,6.444145202636719
2025-05-26 14:19:39.905793,29,6.324944972991943
2025-05-27 14:19:39.905793,29,6.361885070800781
2025-05-28 14:19:39.905793,29,6.465748310089111
2025-05-29 14:19:39.905793,29,6.444514274597168
2025-05-30 14:19:39.905793,29,6.325262069702148
2025-06-02 14:19:39.905793,29,6.362090110778809
2025-06-03 14:19:39.905793,29,6.4658708572387695
2025-06-04 14:19:39.905793,29,6.4445881843566895
2025-06-05 14:19:39.905793,29,6.325325012207031
2025-06-06 14:19:39.905793,29,6.362131118774414
2025-06-09 14:19:39.905793,29,6.46589469909668
2025-06-10 14:19:39.905793,29,6.444602966308594
2025-06-11 14:19:39.905793,29,6.325337886810303
2025-06-12 14:19:39.905793,29,6.362138748168945
2025-06-13 14:19:39.905793,29,6.465899467468262
2025-06-16 14:19:39.905793,29,6.444605827331543
2025-06-17 14:19:39.905793,29,6.325339794158936
2025-06-18 14:19:39.905793,29,6.362140655517578
2025-06-19 14:19:39.905793,29,6.465900421142578
2025-06-20 14:19:39.905793,29,6.444606781005859
2025-06-23 14:19:39.905793,29,6.325340270996094
2025-06-24 14:19:39.905793,29,6.362140655517578
2025-06-25 14:19:39.905793,29,6.465900421142578
2025-06-26 14:19:39.905793,29,6.444606304168701
2025-06-27 14:19:39.905793,29,6.325340270996094
2025-06-30 14:19:39.905793,29,6.362140655517578
2025-07-01 14:19:39.905793,29,6.465900421142578
2025-07-02 14:19:39.905793,29,6.444606304168701
2025-07-03 14:19:39.905793,29,6.325340270996094
2025-07-04 14:19:39.905793,29,6.362140655517578
2025-07-07 14:19:39.905793,29,6.465900421142578
2025-07-08 14:19:39.905793,29,6.444606304168701
2025-07-09 14:19:39.905793,29,6.325340270996094
2025-07-10 14:19:39.905793,29,6.362140655517578
2025-07-11 14:19:39.905793,29,6.465900421142578
2025-07-14 14:19:39.905793,29,6.444606304168701
2025-07-15 14:19:39.905793,29,6.325340270996094
2025-07-16 14:19:39.905793,29,6.362140655517578
2025-07-17 14:19:39.905793,29,6.465900421142578
2025-07-18 14:19:39.905793,29,6.444606304168701
2025-07-21 14:19:39.905793,29,6.325340270996094
2025-07-22 14:19:39.905793,29,6.362140655517578
2025-07-23 14:19:39.905793,29,6.465900421142578
2025-07-24 14:19:39.905793,29,6.444606304168701
2025-07-25 14:19:39.905793,29,6.325340270996094
2025-07-28 14:19:39.905793,29,6.362140655517578
2025-07-29 14:19:39.905793,29,6.465900421142578
2025-07-30 14:19:39.905793,29,6.444606304168701
2025-07-31 14:19:39.905793,29,6.325340270996094
2025-08-01 14:19:39.905793,29,6.362140655517578
2025-08-04 14:19:39.905793,29,6.465900421142578
2025-08-05 14:19:39.905793,29,6.444606304168701
2025-08-06 14:19:39.905793,29,6.325340270996094
2025-08-07 14:19:39.905793,29,6.362140655517578
2025-08-08 14:19:39.905793,29,6.465900421142578
2025-08-11 14:19:39.905793,29,6.444606304168701
2025-08-12 14:19:39.905793,29,6.325340270996094
2025-08-13 14:19:39.905793,29,6.362140655517578
2025-08-14 14:19:39.905793,29,6.465900421142578
2025-08-15 14:19:39.905793,29,6.444606304168701
2025-08-18 14:19:39.905793,29,6.325340270996094
2025-08-19 14:19:39.905793,29,6.362140655517578
2025-08-20 14:19:39.905793,29,6.465900421142578
2025-08-21 14:19:39.905793,29,6.444606304168701
2025-08-22 14:19:39.905793,29,6.325340270996094
2025-08-25 14:19:39.905793,29,6.362140655517578
2025-08-26 14:19:39.905793,29,6.465900421142578
2025-08-27 14:19:39.905793,29,6.444606304168701
2025-08-28 14:19:39.905793,29,6.325340270996094
2025-08-29 14:19:39.905793,29,6.362140655517578
2025-09-01 14:19:39.905793,29,6.465900421142578
2025-09-02 14:19:39.905793,29,6.444606304168701
2025-09-03 14:19:39.905793,29,6.325340270996094
2025-09-04 14:19:39.905793,29,6.362140655517578
2025-09-05 14:19:39.905793,29,6.465900421142578
2025-09-08 14:19:39.905793,29,6.444606304168701
2025-09-09 14:19:39.905793,29,6.325340270996094
2025-09-10 14:19:39.905793,29,6.362140655517578
2025-09-11 14:19:39.905793,29,6.465900421142578
2025-09-12 14:19:39.905793,29,6.444606304168701
2025-09-15 14:19:39.905793,29,6.325340270996094
2025-09-16 14:19:39.905793,29,6.362140655517578
2025-09-17 14:19:39.905793,29,6.465900421142578
2025-09-18 14:19:39.905793,29,6.444606304168701
2025-09-19 14:19:39.905793,29,6.325340270996094
2025-09-22 14:19:39.905793,29,6.362140655517578
2025-09-23 14:19:39.905793,29,6.465900421142578
2025-09-24 14:19:39.905793,29,6.444606304168701
2025-09-25 14:19:39.905793,29,6.325340270996094
2025-09-26 14:19:39.905793,29,6.362140655517578
2025-09-29 14:19:39.905793,29,6.465900421142578
2025-09-30 14:19:39.905793,29,6.444606304168701
2025-10-01 14:19:39.905793,29,6.325340270996094
2025-10-02 14:19:39.905793,29,6.362140655517578
2025-10-03 14:19:39.905793,29,6.465900421142578
2025-10-06 14:19:39.905793,29,6.444606304168701
2025-10-07 14:19:39.905793,29,6.325340270996094
2025-10-08 14:19:39.905793,29,6.362140655517578
2025-10-09 14:19:39.905793,29,6.465900421142578
2025-10-10 14:19:39.905793,29,6.444606304168701
2025-10-13 14:19:39.905793,29,6.325340270996094
2025-10-14 14:19:39.905793,29,6.362140655517578
2025-10-15 14:19:39.905793,29,6.465900421142578
2025-10-16 14:19:39.905793,29,6.444606304168701
2025-10-17 14:19:39.905793,29,6.325340270996094
2025-04-25 14:19:39.905793,31,7.501297950744629
2025-04-28 14:19:39.905793,31,7.555656909942627
2025-04-29 14:19:39.905793,31,7.678939342498779
2025-04-30 14:19:39.905793,31,9.173012733459473
2025-05-01 14:19:39.905793,31,9.552953720092772
2025-05-02 14:19:39.905793,31,9.006290435791016
2025-05-05 14:19:39.905793,31,8.173318862915039
2025-05-06 14:19:39.905793,31,8.927958488464355
2025-05-07 14:19:39.905793,31,9.41379737854004
2025-05-08 14:19:39.905793,31,8.950956344604492
2025-05-09 14:19:39.905793,31,8.143813133239746
2025-05-12 14:19:39.905793,31,8.941032409667969
2025-05-13 14:19:39.905793,31,9.427094459533691
2025-05-14 14:19:39.905793,31,8.953756332397461
2025-05-15 14:19:39.905793,31,8.145833015441895
2025-05-16 14:19:39.905793,31,8.94038200378418
2025-05-19 14:19:39.905793,31,9.425859451293944
2025-05-20 14:19:39.905793,31,8.953598022460938
2025-05-21 14:19:39.905793,31,8.14567756652832
2025-05-22 14:19:39.905793,31,8.940408706665039
2025-05-23 14:19:39.905793,31,9.42597198486328
2025-05-26 14:19:39.905793,31,8.953608512878418
2025-05-27 14:19:39.905793,31,8.145689964294434
2025-05-28 14:19:39.905793,31,8.940406799316406
2025-05-29 14:19:39.905793,31,9.425963401794434
2025-05-30 14:19:39.905793,31,8.953608512878418
2025-06-02 14:19:39.905793,31,8.145689010620117
2025-06-03 14:19:39.905793,31,8.940408706665039
2025-06-04 14:19:39.905793,31,9.42596435546875
2025-06-05 14:19:39.905793,31,8.953608512878418
2025-06-06 14:19:39.905793,31,8.145689964294434
2025-06-09 14:19:39.905793,31,8.940408706665039
2025-06-10 14:19:39.905793,31,9.42596435546875
2025-06-11 14:19:39.905793,31,8.953608512878418
2025-06-12 14:19:39.905793,31,8.145689010620117
2025-06-13 14:19:39.905793,31,8.940407752990723
2025-06-16 14:19:39.905793,31,9.425963401794434
2025-06-17 14:19:39.905793,31,8.953608512878418
2025-06-18 14:19:39.905793,31,8.145689010620117
2025-06-19 14:19:39.905793,31,8.940408706665039
2025-06-20 14:19:39.905793,31,9.42596435546875
2025-06-23 14:19:39.905793,31,8.953608512878418
2025-06-24 14:19:39.905793,31,8.145689964294434
2025-06-25 14:19:39.905793,31,8.940408706665039
2025-06-26 14:19:39.905793,31,9.42596435546875
2025-06-27 14:19:39.905793,31,8.953608512878418
2025-06-30 14:19:39.905793,31,8.145689010620117
2025-07-01 14:19:39.905793,31,8.940407752990723
2025-07-02 14:19:39.905793,31,9.425963401794434
2025-07-03 14:19:39.905793,31,8.953608512878418
2025-07-04 14:19:39.905793,31,8.145689010620117
2025-07-07 14:19:39.905793,31,8.940408706665039
2025-07-08 14:19:39.905793,31,9.42596435546875
2025-07-09 14:19:39.905793,31,8.953608512878418
2025-07-10 14:19:39.905793,31,8.145689964294434
2025-07-11 14:19:39.905793,31,8.940408706665039
2025-07-14 14:19:39.905793,31,9.42596435546875
2025-07-15 14:19:39.905793,31,8.953608512878418
2025-07-16 14:19:39.905793,31,8.145689010620117
2025-07-17 14:19:39.905793,31,8.940407752990723
2025-07-18 14:19:39.905793,31,9.425963401794434
2025-07-21 14:19:39.905793,31,8.953608512878418
2025-07-22 14:19:39.905793,31,8.145689010620117
2025-07-23 14:19:39.905793,31,8.940408706665039
2025-07-24 14:19:39.905793,31,9.42596435546875
2025-07-25 14:19:39.905793,31,8.953608512878418
2025-07-28 14:19:39.905793,31,8.145689964294434
2025-07-29 14:19:39.905793,31,8.940408706665039
2025-07-30 14:19:39.905793,31,9.42596435546875
2025-07-31 14:19:39.905793,31,8.953608512878418
2025-08-01 14:19:39.905793,31,8.145689010620117
2025-08-04 14:19:39.905793,31,8.940407752990723
2025-08-05 14:19:39.905793,31,9.425963401794434
2025-08-06 14:19:39.905793,31,8.953608512878418
2025-08-07 14:19:39.905793,31,8.145689010620117
2025-08-08 14:19:39.905793,31,8.940408706665039
2025-08-11 14:19:39.905793,31,9.42596435546875
2025-08-12 14:19:39.905793,31,8.953608512878418
2025-08-13 14:19:39.905793,31,8.145689964294434
2025-08-14 14:19:39.905793,31,8.940408706665039
2025-08-15 14:19:39.905793,31,9.42596435546875
2025-08-18 14:19:39.905793,31,8.953608512878418
2025-08-19 14:19:39.905793,31,8.145689010620117
2025-08-20 14:19:39.905793,31,8.940407752990723
2025-08-21 14:19:39.905793,31,9.425963401794434
2025-08-22 14:19:39.905793,31,8.953608512878418
2025-08-25 14:19:39.905793,31,8.145689010620117
2025-08-26 14:19:39.905793,31,8.940408706665039
2025-08-27 14:19:39.905793,31,9.42596435546875
2025-08-28 14:19:39.905793,31,8.953608512878418
2025-08-29 14:19:39.905793,31,8.145689964294434
2025-09-01 14:19:39.905793,31,8.940408706665039
2025-09-02 14:19:39.905793,31,9.42596435546875
2025-09-03 14:19:39.905793,31,8.953608512878418
2025-09-04 14:19:39.905793,31,8.145689010620117
2025-09-05 14:19:39.905793,31,8.940407752990723
2025-09-08 14:19:39.905793,31,9.425963401794434
2025-09-09 14:19:39.905793,31,8.953608512878418
2025-09-10 14:19:39.905793,31,8.145689010620117
2025-09-11 14:19:39.905793,31,8.940408706665039
2025-09-12 14:19:39.905793,31,9.42596435546875
2025-09-15 14:19:39.905793,31,8.953608512878418
2025-09-16 14:19:39.905793,31,8.145689964294434
2025-09-17 14:19:39.905793,31,8.940408706665039
2025-09-18 14:19:39.905793,31,9.42596435546875
2025-09-19 14:19:39.905793,31,8.953608512878418
2025-09-22 14:19:39.905793,31,8.145689010620117
2025-09-23 14:19:39.905793,31,8.940407752990723
2025-09-24 14:19:39.905793,31,9.425963401794434
2025-09-25 14:19:39.905793,31,8.953608512878418
2025-09-26 14:19:39.905793,31,8.145689010620117
2025-09-29 14:19:39.905793,31,8.940408706665039
2025-09-30 14:19:39.905793,31,9.42596435546875
2025-10-01 14:19:39.905793,31,8.953608512878418
2025-10-02 14:19:39.905793,31,8.145689964294434
2025-10-03 14:19:39.905793,31,8.940408706665039
2025-10-06 14:19:39.905793,31,9.42596435546875
2025-10-07 14:19:39.905793,31,8.953608512878418
2025-10-08 14:19:39.905793,31,8.145689010620117
2025-10-09 14:19:39.905793,31,8.940407752990723
2025-10-10 14:19:39.905793,31,9.425963401794434
2025-10-13 14:19:39.905793,31,8.953608512878418
2025-10-14 14:19:39.905793,31,8.145689010620117
2025-10-15 14:19:39.905793,31,8.940408706665039
2025-10-16 14:19:39.905793,31,9.42596435546875
2025-10-17 14:19:39.905793,31,8.953608512878418
2025-04-25 14:19:39.905793,32,7.209847450256348
2025-04-28 14:19:39.905793,32,7.86365795135498
2025-04-29 14:19:39.905793,32,8.281587600708008
2025-04-30 14:19:39.905793,32,8.127214431762695
2025-05-01 14:19:39.905793,32,7.6616058349609375
2025-05-02 14:19:39.905793,32,7.97559642791748
2025-05-05 14:19:39.905793,32,8.199074745178223
2025-05-06 14:19:39.905793,32,8.059148788452148
2025-05-07 14:19:39.905793,32,7.6597580909729
2025-05-08 14:19:39.905793,32,7.976822376251221
2025-05-09 14:19:39.905793,32,8.20198917388916
2025-05-12 14:19:39.905793,32,8.060358047485352
2025-05-13 14:19:39.905793,32,7.659815311431885
2025-05-14 14:19:39.905793,32,7.976758480072021
2025-05-15 14:19:39.905793,32,8.201896667480469
2025-05-16 14:19:39.905793,32,8.060335159301758
2025-05-19 14:19:39.905793,32,7.659812927246094
2025-05-20 14:19:39.905793,32,7.976759910583496
2025-05-21 14:19:39.905793,32,8.201900482177734
2025-05-22 14:19:39.905793,32,8.060335159301758
2025-05-23 14:19:39.905793,32,7.659812927246094
2025-05-26 14:19:39.905793,32,7.976759910583496
2025-05-27 14:19:39.905793,32,8.20190143585205
2025-05-28 14:19:39.905793,32,8.060335159301758
2025-05-29 14:19:39.905793,32,7.659812927246094
2025-05-30 14:19:39.905793,32,7.976759433746338
2025-06-02 14:19:39.905793,32,8.201900482177734
2025-06-03 14:19:39.905793,32,8.060335159301758
2025-06-04 14:19:39.905793,32,7.659812927246094
2025-06-05 14:19:39.905793,32,7.976759910583496
2025-06-06 14:19:39.905793,32,8.20190143585205
2025-06-09 14:19:39.905793,32,8.060335159301758
2025-06-10 14:19:39.905793,32,7.659812927246094
2025-06-11 14:19:39.905793,32,7.976759433746338
2025-06-12 14:19:39.905793,32,8.201900482177734
2025-06-13 14:19:39.905793,32,8.060335159301758
2025-06-16 14:19:39.905793,32,7.659812927246094
2025-06-17 14:19:39.905793,32,7.976759910583496
2025-06-18 14:19:39.905793,32,8.20190143585205
2025-06-19 14:19:39.905793,32,8.060335159301758
2025-06-20 14:19:39.905793,32,7.659812927246094
2025-06-23 14:19:39.905793,32,7.976759433746338
2025-06-24 14:19:39.905793,32,8.201900482177734
2025-06-25 14:19:39.905793,32,8.060335159301758
2025-06-26 14:19:39.905793,32,7.659812927246094
2025-06-27 14:19:39.905793,32,7.976759910583496
2025-06-30 14:19:39.905793,32,8.20190143585205
2025-07-01 14:19:39.905793,32,8.060335159301758
2025-07-02 14:19:39.905793,32,7.659812927246094
2025-07-03 14:19:39.905793,32,7.976759433746338
2025-07-04 14:19:39.905793,32,8.201900482177734
2025-07-07 14:19:39.905793,32,8.060335159301758
2025-07-08 14:19:39.905793,32,7.659812927246094
2025-07-09 14:19:39.905793,32,7.976759910583496
2025-07-10 14:19:39.905793,32,8.20190143585205
2025-07-11 14:19:39.905793,32,8.060335159301758
2025-07-14 14:19:39.905793,32,7.659812927246094
2025-07-15 14:19:39.905793,32,7.976759433746338
2025-07-16 14:19:39.905793,32,8.201900482177734
2025-07-17 14:19:39.905793,32,8.060335159301758
2025-07-18 14:19:39.905793,32,7.659812927246094
2025-07-21 14:19:39.905793,32,7.976759910583496
2025-07-22 14:19:39.905793,32,8.20190143585205
2025-07-23 14:19:39.905793,32,8.060335159301758
2025-07-24 14:19:39.905793,32,7.659812927246094
2025-07-25 14:19:39.905793,32,7.976759433746338
2025-07-28 14:19:39.905793,32,8.201900482177734
2025-07-29 14:19:39.905793,32,8.060335159301758
2025-07-30 14:19:39.905793,32,7.659812927246094
2025-07-31 14:19:39.905793,32,7.976759910583496
2025-08-01 14:19:39.905793,32,8.20190143585205
2025-08-04 14:19:39.905793,32,8.060335159301758
2025-08-05 14:19:39.905793,32,7.659812927246094
2025-08-06 14:19:39.905793,32,7.976759433746338
2025-08-07 14:19:39.905793,32,8.201900482177734
2025-08-08 14:19:39.905793,32,8.060335159301758
2025-08-11 14:19:39.905793,32,7.659812927246094
2025-08-12 14:19:39.905793,32,7.976759910583496
2025-08-13 14:19:39.905793,32,8.20190143585205
2025-08-14 14:19:39.905793,32,8.060335159301758
2025-08-15 14:19:39.905793,32,7.659812927246094
2025-08-18 14:19:39.905793,32,7.976759433746338
2025-08-19 14:19:39.905793,32,8.201900482177734
2025-08-20 14:19:39.905793,32,8.060335159301758
2025-08-21 14:19:39.905793,32,7.659812927246094
2025-08-22 14:19:39.905793,32,7.976759910583496
2025-08-25 14:19:39.905793,32,8.20190143585205
2025-08-26 14:19:39.905793,32,8.060335159301758
2025-08-27 14:19:39.905793,32,7.659812927246094
2025-08-28 14:19:39.905793,32,7.976759433746338
2025-08-29 14:19:39.905793,32,8.201900482177734
2025-09-01 14:19:39.905793,32,8.060335159301758
2025-09-02 14:19:39.905793,32,7.659812927246094
2025-09-03 14:19:39.905793,32,7.976759910583496
2025-09-04 14:19:39.905793,32,8.20190143585205
2025-09-05 14:19:39.905793,32,8.060335159301758
2025-09-08 14:19:39.905793,32,7.659812927246094
2025-09-09 14:19:39.905793,32,7.976759433746338
2025-09-10 14:19:39.905793,32,8.201900482177734
2025-09-11 14:19:39.905793,32,8.060335159301758
2025-09-12 14:19:39.905793,32,7.659812927246094
2025-09-15 14:19:39.905793,32,7.976759910583496
2025-09-16 14:19:39.905793,32,8.20190143585205
2025-09-17 14:19:39.905793,32,8.060335159301758
2025-09-18 14:19:39.905793,32,7.659812927246094
2025-09-19 14:19:39.905793,32,7.976759433746338
2025-09-22 14:19:39.905793,32,8.201900482177734
2025-09-23 14:19:39.905793,32,8.060335159301758
2025-09-24 14:19:39.905793,32,7.659812927246094
2025-09-25 14:19:39.905793,32,7.976759910583496
2025-09-26 14:19:39.905793,32,8.20190143585205
2025-09-29 14:19:39.905793,32,8.060335159301758
2025-09-30 14:19:39.905793,32,7.659812927246094
2025-10-01 14:19:39.905793,32,7.976759433746338
2025-10-02 14:19:39.905793,32,8.201900482177734
2025-10-03 14:19:39.905793,32,8.060335159301758
2025-10-06 14:19:39.905793,32,7.659812927246094
2025-10-07 14:19:39.905793,32,7.976759910583496
2025-10-08 14:19:39.905793,32,8.20190143585205
2025-10-09 14:19:39.905793,32,8.060335159301758
2025-10-10 14:19:39.905793,32,7.659812927246094
2025-10-13 14:19:39.905793,32,7.976759433746338
2025-10-14 14:19:39.905793,32,8.201900482177734
2025-10-15 14:19:39.905793,32,8.060335159301758
2025-10-16 14:19:39.905793,32,7.659812927246094
2025-10-17 14:19:39.905793,32,7.976759910583496
2025-04-25 14:19:39.905793,33,14.318653106689451
2025-04-28 14:19:39.905793,33,13.734723091125488
2025-04-29 14:19:39.905793,33,12.577985763549805
2025-04-30 14:19:39.905793,33,11.148866653442385
2025-05-01 14:19:39.905793,33,10.366347312927246
2025-05-02 14:19:39.905793,33,10.69644260406494
2025-05-05 14:19:39.905793,33,10.841466903686523
2025-05-06 14:19:39.905793,33,10.980860710144045
2025-05-07 14:19:39.905793,33,11.005426406860352
2025-05-08 14:19:39.905793,33,11.03279972076416
2025-05-09 14:19:39.905793,33,10.927464485168455
2025-05-12 14:19:39.905793,33,10.92927360534668
2025-05-13 14:19:39.905793,33,10.925824165344238
2025-05-14 14:19:39.905793,33,11.006633758544922
2025-05-15 14:19:39.905793,33,10.93050765991211
2025-05-16 14:19:39.905793,33,10.938865661621094
2025-05-19 14:19:39.905793,33,10.933438301086426
2025-05-20 14:19:39.905793,33,11.00746726989746
2025-05-21 14:19:39.905793,33,10.92908763885498
2025-05-22 14:19:39.905793,33,10.937780380249023
2025-05-23 14:19:39.905793,33,10.932907104492188
2025-05-26 14:19:39.905793,33,11.007607460021973
2025-05-27 14:19:39.905793,33,10.929298400878906
2025-05-28 14:19:39.905793,33,10.9378662109375
2025-05-29 14:19:39.905793,33,10.932921409606934
2025-05-30 14:19:39.905793,33,11.007574081420898
2025-06-02 14:19:39.905793,33,10.929277420043944
2025-06-03 14:19:39.905793,33,10.93786334991455
2025-06-04 14:19:39.905793,33,10.932924270629885
2025-06-05 14:19:39.905793,33,11.00757884979248
2025-06-06 14:19:39.905793,33,10.929279327392578
2025-06-09 14:19:39.905793,33,10.937862396240234
2025-06-10 14:19:39.905793,33,10.932923316955566
2025-06-11 14:19:39.905793,33,11.007577896118164
2025-06-12 14:19:39.905793,33,10.929279327392578
2025-06-13 14:19:39.905793,33,10.93786334991455
2025-06-16 14:19:39.905793,33,10.932924270629885
2025-06-17 14:19:39.905793,33,11.007577896118164
2025-06-18 14:19:39.905793,33,10.929279327392578
2025-06-19 14:19:39.905793,33,10.937862396240234
2025-06-20 14:19:39.905793,33,10.932924270629885
2025-06-23 14:19:39.905793,33,11.007577896118164
2025-06-24 14:19:39.905793,33,10.929279327392578
2025-06-25 14:19:39.905793,33,10.937862396240234
2025-06-26 14:19:39.905793,33,10.932924270629885
2025-06-27 14:19:39.905793,33,11.007577896118164
2025-06-30 14:19:39.905793,33,10.929279327392578
2025-07-01 14:19:39.905793,33,10.937862396240234
2025-07-02 14:19:39.905793,33,10.932924270629885
2025-07-03 14:19:39.905793,33,11.007577896118164
2025-07-04 14:19:39.905793,33,10.929279327392578
2025-07-07 14:19:39.905793,33,10.937862396240234
2025-07-08 14:19:39.905793,33,10.932924270629885
2025-07-09 14:19:39.905793,33,11.007577896118164
2025-07-10 14:19:39.905793,33,10.929279327392578
2025-07-11 14:19:39.905793,33,10.937862396240234
2025-07-14 14:19:39.905793,33,10.932924270629885
2025-07-15 14:19:39.905793,33,11.007577896118164
2025-07-16 14:19:39.905793,33,10.929279327392578
2025-07-17 14:19:39.905793,33,10.937862396240234
2025-07-18 14:19:39.905793,33,10.932924270629885
2025-07-21 14:19:39.905793,33,11.007577896118164
2025-07-22 14:19:39.905793,33,10.929279327392578
2025-07-23 14:19:39.905793,33,10.937862396240234
2025-07-24 14:19:39.905793,33,10.932924270629885
2025-07-25 14:19:39.905793,33,11.007577896118164
2025-07-28 14:19:39.905793,33,10.929279327392578
2025-07-29 14:19:39.905793,33,10.937862396240234
2025-07-30 14:19:39.905793,33,10.932924270629885
2025-07-31 14:19:39.905793,33,11.007577896118164
2025-08-01 14:19:39.905793,33,10.929279327392578
2025-08-04 14:19:39.905793,33,10.937862396240234
2025-08-05 14:19:39.905793,33,10.932924270629885
2025-08-06 14:19:39.905793,33,11.007577896118164
2025-08-07 14:19:39.905793,33,10.929279327392578
2025-08-08 14:19:39.905793,33,10.937862396240234
2025-08-11 14:19:39.905793,33,10.932924270629885
2025-08-12 14:19:39.905793,33,11.007577896118164
2025-08-13 14:19:39.905793,33,10.929279327392578
2025-08-14 14:19:39.905793,33,10.937862396240234
2025-08-15 14:19:39.905793,33,10.932924270629885
2025-08-18 14:19:39.905793,33,11.007577896118164
2025-08-19 14:19:39.905793,33,10.929279327392578
2025-08-20 14:19:39.905793,33,10.937862396240234
2025-08-21 14:19:39.905793,33,10.932924270629885
2025-08-22 14:19:39.905793,33,11.007577896118164
2025-08-25 14:19:39.905793,33,10.929279327392578
2025-08-26 14:19:39.905793,33,10.937862396240234
2025-08-27 14:19:39.905793,33,10.932924270629885
2025-08-28 14:19:39.905793,33,11.007577896118164
2025-08-29 14:19:39.905793,33,10.929279327392578
2025-09-01 14:19:39.905793,33,10.937862396240234
2025-09-02 14:19:39.905793,33,10.932924270629885
2025-09-03 14:19:39.905793,33,11.007577896118164
2025-09-04 14:19:39.905793,33,10.929279327392578
2025-09-05 14:19:39.905793,33,10.937862396240234
2025-09-08 14:19:39.905793,33,10.932924270629885
2025-09-09 14:19:39.905793,33,11.007577896118164
2025-09-10 14:19:39.905793,33,10.929279327392578
2025-09-11 14:19:39.905793,33,10.937862396240234
2025-09-12 14:19:39.905793,33,10.932924270629885
2025-09-15 14:19:39.905793,33,11.007577896118164
2025-09-16 14:19:39.905793,33,10.929279327392578
2025-09-17 14:19:39.905793,33,10.937862396240234
2025-09-18 14:19:39.905793,33,10.932924270629885
2025-09-19 14:19:39.905793,33,11.007577896118164
2025-09-22 14:19:39.905793,33,10.929279327392578
2025-09-23 14:19:39.905793,33,10.937862396240234
2025-09-24 14:19:39.905793,33,10.932924270629885
2025-09-25 14:19:39.905793,33,11.007577896118164
2025-09-26 14:19:39.905793,33,10.929279327392578
2025-09-29 14:19:39.905793,33,10.937862396240234
2025-09-30 14:19:39.905793,33,10.932924270629885
2025-10-01 14:19:39.905793,33,11.007577896118164
2025-10-02 14:19:39.905793,33,10.929279327392578
2025-10-03 14:19:39.905793,33,10.937862396240234
2025-10-06 14:19:39.905793,33,10.932924270629885
2025-10-07 14:19:39.905793,33,11.007577896118164
2025-10-08 14:19:39.905793,33,10.929279327392578
2025-10-09 14:19:39.905793,33,10.937862396240234
2025-10-10 14:19:39.905793,33,10.932924270629885
2025-10-13 14:19:39.905793,33,11.007577896118164
2025-10-14 14:19:39.905793,33,10.929279327392578
2025-10-15 14:19:39.905793,33,10.937862396240234
2025-10-16 14:19:39.905793,33,10.932924270629885
2025-10-17 14:19:39.905793,33,11.007577896118164
2025-04-25 14:19:39.905793,34,5.402647972106934
2025-04-28 14:19:39.905793,34,5.394009590148926
2025-04-29 14:19:39.905793,34,5.241225242614746
2025-04-30 14:19:39.905793,34,5.52364444732666
2025-05-01 14:19:39.905793,34,5.615585803985596
2025-05-02 14:19:39.905793,34,5.315178394317627
2025-05-05 14:19:39.905793,34,5.17642068862915
2025-05-06 14:19:39.905793,34,5.498930931091309
2025-05-07 14:19:39.905793,34,5.615148544311523
2025-05-08 14:19:39.905793,34,5.316171646118164
2025-05-09 14:19:39.905793,34,5.176984786987305
2025-05-12 14:19:39.905793,34,5.49893856048584
2025-05-13 14:19:39.905793,34,5.6151509284973145
2025-05-14 14:19:39.905793,34,5.316161155700684
2025-05-15 14:19:39.905793,34,5.176981925964356
2025-05-16 14:19:39.905793,34,5.498939037322998
2025-05-19 14:19:39.905793,34,5.6151509284973145
2025-05-20 14:19:39.905793,34,5.316161155700684
2025-05-21 14:19:39.905793,34,5.176982402801514
2025-05-22 14:19:39.905793,34,5.498939514160156
2025-05-23 14:19:39.905793,34,5.6151509284973145
2025-05-26 14:19:39.905793,34,5.316160678863525
2025-05-27 14:19:39.905793,34,5.176982879638672
2025-05-28 14:19:39.905793,34,5.498939514160156
2025-05-29 14:19:39.905793,34,5.6151509284973145
2025-05-30 14:19:39.905793,34,5.316161155700684
2025-06-02 14:19:39.905793,34,5.176981925964356
2025-06-03 14:19:39.905793,34,5.498939514160156
2025-06-04 14:19:39.905793,34,5.6151509284973145
2025-06-05 14:19:39.905793,34,5.316160678863525
2025-06-06 14:19:39.905793,34,5.176981925964356
2025-06-09 14:19:39.905793,34,5.498939514160156
2025-06-10 14:19:39.905793,34,5.6151509284973145
2025-06-11 14:19:39.905793,34,5.316160678863525
2025-06-12 14:19:39.905793,34,5.176981925964356
2025-06-13 14:19:39.905793,34,5.498939514160156
2025-06-16 14:19:39.905793,34,5.6151509284973145
2025-06-17 14:19:39.905793,34,5.316160678863525
2025-06-18 14:19:39.905793,34,5.176981925964356
2025-06-19 14:19:39.905793,34,5.498939514160156
2025-06-20 14:19:39.905793,34,5.6151509284973145
2025-06-23 14:19:39.905793,34,5.316160678863525
2025-06-24 14:19:39.905793,34,5.176981925964356
2025-06-25 14:19:39.905793,34,5.498939514160156
2025-06-26 14:19:39.905793,34,5.6151509284973145
2025-06-27 14:19:39.905793,34,5.316160678863525
2025-06-30 14:19:39.905793,34,5.176981925964356
2025-07-01 14:19:39.905793,34,5.498939514160156
2025-07-02 14:19:39.905793,34,5.6151509284973145
2025-07-03 14:19:39.905793,34,5.316160678863525
2025-07-04 14:19:39.905793,34,5.176981925964356
2025-07-07 14:19:39.905793,34,5.498939514160156
2025-07-08 14:19:39.905793,34,5.6151509284973145
2025-07-09 14:19:39.905793,34,5.316160678863525
2025-07-10 14:19:39.905793,34,5.176981925964356
2025-07-11 14:19:39.905793,34,5.498939514160156
2025-07-14 14:19:39.905793,34,5.6151509284973145
2025-07-15 14:19:39.905793,34,5.316160678863525
2025-07-16 14:19:39.905793,34,5.176981925964356
2025-07-17 14:19:39.905793,34,5.498939514160156
2025-07-18 14:19:39.905793,34,5.6151509284973145
2025-07-21 14:19:39.905793,34,5.316160678863525
2025-07-22 14:19:39.905793,34,5.176981925964356
2025-07-23 14:19:39.905793,34,5.498939514160156
2025-07-24 14:19:39.905793,34,5.6151509284973145
2025-07-25 14:19:39.905793,34,5.316160678863525
2025-07-28 14:19:39.905793,34,5.176981925964356
2025-07-29 14:19:39.905793,34,5.498939514160156
2025-07-30 14:19:39.905793,34,5.6151509284973145
2025-07-31 14:19:39.905793,34,5.316160678863525
2025-08-01 14:19:39.905793,34,5.176981925964356
2025-08-04 14:19:39.905793,34,5.498939514160156
2025-08-05 14:19:39.905793,34,5.6151509284973145
2025-08-06 14:19:39.905793,34,5.316160678863525
2025-08-07 14:19:39.905793,34,5.176981925964356
2025-08-08 14:19:39.905793,34,5.498939514160156
2025-08-11 14:19:39.905793,34,5.6151509284973145
2025-08-12 14:19:39.905793,34,5.316160678863525
2025-08-13 14:19:39.905793,34,5.176981925964356
2025-08-14 14:19:39.905793,34,5.498939514160156
2025-08-15 14:19:39.905793,34,5.6151509284973145
2025-08-18 14:19:39.905793,34,5.316160678863525
2025-08-19 14:19:39.905793,34,5.176981925964356
2025-08-20 14:19:39.905793,34,5.498939514160156
2025-08-21 14:19:39.905793,34,5.6151509284973145
2025-08-22 14:19:39.905793,34,5.316160678863525
2025-08-25 14:19:39.905793,34,5.176981925964356
2025-08-26 14:19:39.905793,34,5.498939514160156
2025-08-27 14:19:39.905793,34,5.6151509284973145
2025-08-28 14:19:39.905793,34,5.316160678863525
2025-08-29 14:19:39.905793,34,5.176981925964356
2025-09-01 14:19:39.905793,34,5.498939514160156
2025-09-02 14:19:39.905793,34,5.6151509284973145
2025-09-03 14:19:39.905793,34,5.316160678863525
2025-09-04 14:19:39.905793,34,5.176981925964356
2025-09-05 14:19:39.905793,34,5.498939514160156
2025-09-08 14:19:39.905793,34,5.6151509284973145
2025-09-09 14:19:39.905793,34,5.316160678863525
2025-09-10 14:19:39.905793,34,5.176981925964356
2025-09-11 14:19:39.905793,34,5.498939514160156
2025-09-12 14:19:39.905793,34,5.6151509284973145
2025-09-15 14:19:39.905793,34,5.316160678863525
2025-09-16 14:19:39.905793,34,5.176981925964356
2025-09-17 14:19:39.905793,34,5.498939514160156
2025-09-18 14:19:39.905793,34,5.6151509284973145
2025-09-19 14:19:39.905793,34,5.316160678863525
2025-09-22 14:19:39.905793,34,5.176981925964356
2025-09-23 14:19:39.905793,34,5.498939514160156
2025-09-24 14:19:39.905793,34,5.6151509284973145
2025-09-25 14:19:39.905793,34,5.316160678863525
2025-09-26 14:19:39.905793,34,5.176981925964356
2025-09-29 14:19:39.905793,34,5.498939514160156
2025-09-30 14:19:39.905793,34,5.6151509284973145
2025-10-01 14:19:39.905793,34,5.316160678863525
2025-10-02 14:19:39.905793,34,5.176981925964356
2025-10-03 14:19:39.905793,34,5.498939514160156
2025-10-06 14:19:39.905793,34,5.6151509284973145
2025-10-07 14:19:39.905793,34,5.316160678863525
2025-10-08 14:19:39.905793,34,5.176981925964356
2025-10-09 14:19:39.905793,34,5.498939514160156
2025-10-10 14:19:39.905793,34,5.6151509284973145
2025-10-13 14:19:39.905793,34,5.316160678863525
2025-10-14 14:19:39.905793,34,5.176981925964356
2025-10-15 14:19:39.905793,34,5.498939514160156
2025-10-16 14:19:39.905793,34,5.6151509284973145
2025-10-17 14:19:39.905793,34,5.316160678863525
2025-04-25 14:19:39.905793,35,8.32083511352539
2025-04-28 14:19:39.905793,35,8.373757362365723
2025-04-29 14:19:39.905793,35,8.896581649780273
2025-04-30 14:19:39.905793,35,10.329841613769531
2025-05-01 14:19:39.905793,35,10.23662567138672
2025-05-02 14:19:39.905793,35,10.275594711303713
2025-05-05 14:19:39.905793,35,10.516125679016112
2025-05-06 14:19:39.905793,35,10.889870643615724
2025-05-07 14:19:39.905793,35,10.439668655395508
2025-05-08 14:19:39.905793,35,10.44784450531006
2025-05-09 14:19:39.905793,35,10.63485050201416
2025-05-12 14:19:39.905793,35,10.915785789489746
2025-05-13 14:19:39.905793,35,10.454330444335938
2025-05-14 14:19:39.905793,35,10.457679748535156
2025-05-15 14:19:39.905793,35,10.641608238220217
2025-05-16 14:19:39.905793,35,10.91732406616211
2025-05-19 14:19:39.905793,35,10.455196380615234
2025-05-20 14:19:39.905793,35,10.458229064941406
2025-05-21 14:19:39.905793,35,10.641990661621094
2025-05-22 14:19:39.905793,35,10.917412757873535
2025-05-23 14:19:39.905793,35,10.455244064331056
2025-05-26 14:19:39.905793,35,10.458258628845217
2025-05-27 14:19:39.905793,35,10.642011642456056
2025-05-28 14:19:39.905793,35,10.917417526245115
2025-05-29 14:19:39.905793,35,10.455246925354004
2025-05-30 14:19:39.905793,35,10.458260536193848
2025-06-02 14:19:39.905793,35,10.642013549804688
2025-06-03 14:19:39.905793,35,10.917417526245115
2025-06-04 14:19:39.905793,35,10.45524787902832
2025-06-05 14:19:39.905793,35,10.458259582519531
2025-06-06 14:19:39.905793,35,10.642013549804688
2025-06-09 14:19:39.905793,35,10.917417526245115
2025-06-10 14:19:39.905793,35,10.45524787902832
2025-06-11 14:19:39.905793,35,10.458260536193848
2025-06-12 14:19:39.905793,35,10.642013549804688
2025-06-13 14:19:39.905793,35,10.917417526245115
2025-06-16 14:19:39.905793,35,10.455246925354004
2025-06-17 14:19:39.905793,35,10.458259582519531
2025-06-18 14:19:39.905793,35,10.642013549804688
2025-06-19 14:19:39.905793,35,10.917417526245115
2025-06-20 14:19:39.905793,35,10.45524787902832
2025-06-23 14:19:39.905793,35,10.458260536193848
2025-06-24 14:19:39.905793,35,10.642013549804688
2025-06-25 14:19:39.905793,35,10.917417526245115
2025-06-26 14:19:39.905793,35,10.455246925354004
2025-06-27 14:19:39.905793,35,10.458259582519531
2025-06-30 14:19:39.905793,35,10.642013549804688
2025-07-01 14:19:39.905793,35,10.917417526245115
2025-07-02 14:19:39.905793,35,10.45524787902832
2025-07-03 14:19:39.905793,35,10.458260536193848
2025-07-04 14:19:39.905793,35,10.642013549804688
2025-07-07 14:19:39.905793,35,10.917417526245115
2025-07-08 14:19:39.905793,35,10.455246925354004
2025-07-09 14:19:39.905793,35,10.458259582519531
2025-07-10 14:19:39.905793,35,10.642013549804688
2025-07-11 14:19:39.905793,35,10.917417526245115
2025-07-14 14:19:39.905793,35,10.45524787902832
2025-07-15 14:19:39.905793,35,10.458260536193848
2025-07-16 14:19:39.905793,35,10.642013549804688
2025-07-17 14:19:39.905793,35,10.917417526245115
2025-07-18 14:19:39.905793,35,10.455246925354004
2025-07-21 14:19:39.905793,35,10.458259582519531
2025-07-22 14:19:39.905793,35,10.642013549804688
2025-07-23 14:19:39.905793,35,10.917417526245115
2025-07-24 14:19:39.905793,35,10.45524787902832
2025-07-25 14:19:39.905793,35,10.458260536193848
2025-07-28 14:19:39.905793,35,10.642013549804688
2025-07-29 14:19:39.905793,35,10.917417526245115
2025-07-30 14:19:39.905793,35,10.455246925354004
2025-07-31 14:19:39.905793,35,10.458259582519531
2025-08-01 14:19:39.905793,35,10.642013549804688
2025-08-04 14:19:39.905793,35,10.917417526245115
2025-08-05 14:19:39.905793,35,10.45524787902832
2025-08-06 14:19:39.905793,35,10.458260536193848
2025-08-07 14:19:39.905793,35,10.642013549804688
2025-08-08 14:19:39.905793,35,10.917417526245115
2025-08-11 14:19:39.905793,35,10.455246925354004
2025-08-12 14:19:39.905793,35,10.458259582519531
2025-08-13 14:19:39.905793,35,10.642013549804688
2025-08-14 14:19:39.905793,35,10.917417526245115
2025-08-15 14:19:39.905793,35,10.45524787902832
2025-08-18 14:19:39.905793,35,10.458260536193848
2025-08-19 14:19:39.905793,35,10.642013549804688
2025-08-20 14:19:39.905793,35,10.917417526245115
2025-08-21 14:19:39.905793,35,10.455246925354004
2025-08-22 14:19:39.905793,35,10.458259582519531
2025-08-25 14:19:39.905793,35,10.642013549804688
2025-08-26 14:19:39.905793,35,10.917417526245115
2025-08-27 14:19:39.905793,35,10.45524787902832
2025-08-28 14:19:39.905793,35,10.458260536193848
2025-08-29 14:19:39.905793,35,10.642013549804688
2025-09-01 14:19:39.905793,35,10.917417526245115
2025-09-02 14:19:39.905793,35,10.455246925354004
2025-09-03 14:19:39.905793,35,10.458259582519531
2025-09-04 14:19:39.905793,35,10.642013549804688
2025-09-05 14:19:39.905793,35,10.917417526245115
2025-09-08 14:19:39.905793,35,10.45524787902832
2025-09-09 14:19:39.905793,35,10.458260536193848
2025-09-10 14:19:39.905793,35,10.642013549804688
2025-09-11 14:19:39.905793,35,10.917417526245115
2025-09-12 14:19:39.905793,35,10.455246925354004
2025-09-15 14:19:39.905793,35,10.458259582519531
2025-09-16 14:19:39.905793,35,10.642013549804688
2025-09-17 14:19:39.905793,35,10.917417526245115
2025-09-18 14:19:39.905793,35,10.45524787902832
2025-09-19 14:19:39.905793,35,10.458260536193848
2025-09-22 14:19:39.905793,35,10.642013549804688
2025-09-23 14:19:39.905793,35,10.917417526245115
2025-09-24 14:19:39.905793,35,10.455246925354004
2025-09-25 14:19:39.905793,35,10.458259582519531
2025-09-26 14:19:39.905793,35,10.642013549804688
2025-09-29 14:19:39.905793,35,10.917417526245115
2025-09-30 14:19:39.905793,35,10.45524787902832
2025-10-01 14:19:39.905793,35,10.458260536193848
2025-10-02 14:19:39.905793,35,10.642013549804688
2025-10-03 14:19:39.905793,35,10.917417526245115
2025-10-06 14:19:39.905793,35,10.455246925354004
2025-10-07 14:19:39.905793,35,10.458259582519531
2025-10-08 14:19:39.905793,35,10.642013549804688
2025-10-09 14:19:39.905793,35,10.917417526245115
2025-10-10 14:19:39.905793,35,10.45524787902832
2025-10-13 14:19:39.905793,35,10.458260536193848
2025-10-14 14:19:39.905793,35,10.642013549804688
2025-10-15 14:19:39.905793,35,10.917417526245115
2025-10-16 14:19:39.905793,35,10.455246925354004
2025-10-17 14:19:39.905793,35,10.458259582519531
2025-04-25 14:19:39.905793,36,8.367799758911133
2025-04-28 14:19:39.905793,36,8.273446083068848
2025-04-29 14:19:39.905793,36,8.446075439453125
2025-04-30 14:19:39.905793,36,8.186371803283691
2025-05-01 14:19:39.905793,36,8.116418838500977
2025-05-02 14:19:39.905793,36,7.977223396301269
2025-05-05 14:19:39.905793,36,7.98908805847168
2025-05-06 14:19:39.905793,36,8.06646728515625
2025-05-07 14:19:39.905793,36,8.12621784210205
2025-05-08 14:19:39.905793,36,7.991884231567383
2025-05-09 14:19:39.905793,36,8.010115623474121
2025-05-12 14:19:39.905793,36,8.067486763000488
2025-05-13 14:19:39.905793,36,8.125763893127441
2025-05-14 14:19:39.905793,36,7.991267204284668
2025-05-15 14:19:39.905793,36,8.009243965148926
2025-05-16 14:19:39.905793,36,8.067500114440918
2025-05-19 14:19:39.905793,36,8.125783920288086
2025-05-20 14:19:39.905793,36,7.9912919998168945
2025-05-21 14:19:39.905793,36,8.009278297424316
2025-05-22 14:19:39.905793,36,8.067499160766602
2025-05-23 14:19:39.905793,36,8.125783920288086
2025-05-26 14:19:39.905793,36,7.991291046142578
2025-05-27 14:19:39.905793,36,8.00927734375
2025-05-28 14:19:39.905793,36,8.067498207092285
2025-05-29 14:19:39.905793,36,8.125783920288086
2025-05-30 14:19:39.905793,36,7.991291046142578
2025-06-02 14:19:39.905793,36,8.00927734375
2025-06-03 14:19:39.905793,36,8.067498207092285
2025-06-04 14:19:39.905793,36,8.125783920288086
2025-06-05 14:19:39.905793,36,7.991291046142578
2025-06-06 14:19:39.905793,36,8.00927734375
2025-06-09 14:19:39.905793,36,8.067498207092285
2025-06-10 14:19:39.905793,36,8.125783920288086
2025-06-11 14:19:39.905793,36,7.991291046142578
2025-06-12 14:19:39.905793,36,8.00927734375
2025-06-13 14:19:39.905793,36,8.067498207092285
2025-06-16 14:19:39.905793,36,8.125783920288086
2025-06-17 14:19:39.905793,36,7.991291046142578
2025-06-18 14:19:39.905793,36,8.00927734375
2025-06-19 14:19:39.905793,36,8.067498207092285
2025-06-20 14:19:39.905793,36,8.125783920288086
2025-06-23 14:19:39.905793,36,7.991291046142578
2025-06-24 14:19:39.905793,36,8.00927734375
2025-06-25 14:19:39.905793,36,8.067498207092285
2025-06-26 14:19:39.905793,36,8.125783920288086
2025-06-27 14:19:39.905793,36,7.991291046142578
2025-06-30 14:19:39.905793,36,8.00927734375
2025-07-01 14:19:39.905793,36,8.067498207092285
2025-07-02 14:19:39.905793,36,8.125783920288086
2025-07-03 14:19:39.905793,36,7.991291046142578
2025-07-04 14:19:39.905793,36,8.00927734375
2025-07-07 14:19:39.905793,36,8.067498207092285
2025-07-08 14:19:39.905793,36,8.125783920288086
2025-07-09 14:19:39.905793,36,7.991291046142578
2025-07-10 14:19:39.905793,36,8.00927734375
2025-07-11 14:19:39.905793,36,8.067498207092285
2025-07-14 14:19:39.905793,36,8.125783920288086
2025-07-15 14:19:39.905793,36,7.991291046142578
2025-07-16 14:19:39.905793,36,8.00927734375
2025-07-17 14:19:39.905793,36,8.067498207092285
2025-07-18 14:19:39.905793,36,8.125783920288086
2025-07-21 14:19:39.905793,36,7.991291046142578
2025-07-22 14:19:39.905793,36,8.00927734375
2025-07-23 14:19:39.905793,36,8.067498207092285
2025-07-24 14:19:39.905793,36,8.125783920288086
2025-07-25 14:19:39.905793,36,7.991291046142578
2025-07-28 14:19:39.905793,36,8.00927734375
2025-07-29 14:19:39.905793,36,8.067498207092285
2025-07-30 14:19:39.905793,36,8.125783920288086
2025-07-31 14:19:39.905793,36,7.991291046142578
2025-08-01 14:19:39.905793,36,8.00927734375
2025-08-04 14:19:39.905793,36,8.067498207092285
2025-08-05 14:19:39.905793,36,8.125783920288086
2025-08-06 14:19:39.905793,36,7.991291046142578
2025-08-07 14:19:39.905793,36,8.00927734375
2025-08-08 14:19:39.905793,36,8.067498207092285
2025-08-11 14:19:39.905793,36,8.125783920288086
2025-08-12 14:19:39.905793,36,7.991291046142578
2025-08-13 14:19:39.905793,36,8.00927734375
2025-08-14 14:19:39.905793,36,8.067498207092285
2025-08-15 14:19:39.905793,36,8.125783920288086
2025-08-18 14:19:39.905793,36,7.991291046142578
2025-08-19 14:19:39.905793,36,8.00927734375
2025-08-20 14:19:39.905793,36,8.067498207092285
2025-08-21 14:19:39.905793,36,8.125783920288086
2025-08-22 14:19:39.905793,36,7.991291046142578
2025-08-25 14:19:39.905793,36,8.00927734375
2025-08-26 14:19:39.905793,36,8.067498207092285
2025-08-27 14:19:39.905793,36,8.125783920288086
2025-08-28 14:19:39.905793,36,7.991291046142578
2025-08-29 14:19:39.905793,36,8.00927734375
2025-09-01 14:19:39.905793,36,8.067498207092285
2025-09-02 14:19:39.905793,36,8.125783920288086
2025-09-03 14:19:39.905793,36,7.991291046142578
2025-09-04 14:19:39.905793,36,8.00927734375
2025-09-05 14:19:39.905793,36,8.067498207092285
2025-09-08 14:19:39.905793,36,8.125783920288086
2025-09-09 14:19:39.905793,36,7.991291046142578
2025-09-10 14:19:39.905793,36,8.00927734375
2025-09-11 14:19:39.905793,36,8.067498207092285
2025-09-12 14:19:39.905793,36,8.125783920288086
2025-09-15 14:19:39.905793,36,7.991291046142578
2025-09-16 14:19:39.905793,36,8.00927734375
2025-09-17 14:19:39.905793,36,8.067498207092285
2025-09-18 14:19:39.905793,36,8.125783920288086
2025-09-19 14:19:39.905793,36,7.991291046142578
2025-09-22 14:19:39.905793,36,8.00927734375
2025-09-23 14:19:39.905793,36,8.067498207092285
2025-09-24 14:19:39.905793,36,8.125783920288086
2025-09-25 14:19:39.905793,36,7.991291046142578
2025-09-26 14:19:39.905793,36,8.00927734375
2025-09-29 14:19:39.905793,36,8.067498207092285
2025-09-30 14:19:39.905793,36,8.125783920288086
2025-10-01 14:19:39.905793,36,7.991291046142578
2025-10-02 14:19:39.905793,36,8.00927734375
2025-10-03 14:19:39.905793,36,8.067498207092285
2025-10-06 14:19:39.905793,36,8.125783920288086
2025-10-07 14:19:39.905793,36,7.991291046142578
2025-10-08 14:19:39.905793,36,8.00927734375
2025-10-09 14:19:39.905793,36,8.067498207092285
2025-10-10 14:19:39.905793,36,8.125783920288086
2025-10-13 14:19:39.905793,36,7.991291046142578
2025-10-14 14:19:39.905793,36,8.00927734375
2025-10-15 14:19:39.905793,36,8.067498207092285
2025-10-16 14:19:39.905793,36,8.125783920288086
2025-10-17 14:19:39.905793,36,7.991291046142578
2025-04-25 14:19:39.905793,37,7.379064559936523
2025-04-28 14:19:39.905793,37,7.492816925048828
2025-04-29 14:19:39.905793,37,7.908822536468506
2025-04-30 14:19:39.905793,37,9.514694213867188
2025-05-01 14:19:39.905793,37,10.120511054992676
2025-05-02 14:19:39.905793,37,10.104825019836426
2025-05-05 14:19:39.905793,37,10.496646881103516
2025-05-06 14:19:39.905793,37,10.912116050720217
2025-05-07 14:19:39.905793,37,10.636137008666992
2025-05-08 14:19:39.905793,37,10.549232482910156
2025-05-09 14:19:39.905793,37,10.89130973815918
2025-05-12 14:19:39.905793,37,11.076754570007324
2025-05-13 14:19:39.905793,37,10.71105670928955
2025-05-14 14:19:39.905793,37,10.608969688415527
2025-05-15 14:19:39.905793,37,10.94388198852539
2025-05-16 14:19:39.905793,37,11.097412109375
2025-05-19 14:19:39.905793,37,10.721237182617188
2025-05-20 14:19:39.905793,37,10.616762161254885
2025-05-21 14:19:39.905793,37,10.950723648071287
2025-05-22 14:19:39.905793,37,11.100090026855469
2025-05-23 14:19:39.905793,37,10.722583770751951
2025-05-26 14:19:39.905793,37,10.617774963378906
2025-05-27 14:19:39.905793,37,10.951613426208496
2025-05-28 14:19:39.905793,37,11.10044002532959
2025-05-29 14:19:39.905793,37,10.722760200500488
2025-05-30 14:19:39.905793,37,10.61790657043457
2025-06-02 14:19:39.905793,37,10.95172882080078
2025-06-03 14:19:39.905793,37,11.10048484802246
2025-06-04 14:19:39.905793,37,10.722783088684082
2025-06-05 14:19:39.905793,37,10.617923736572266
2025-06-06 14:19:39.905793,37,10.951744079589844
2025-06-09 14:19:39.905793,37,11.10049057006836
2025-06-10 14:19:39.905793,37,10.722785949707031
2025-06-11 14:19:39.905793,37,10.617925643920898
2025-06-12 14:19:39.905793,37,10.951745986938477
2025-06-13 14:19:39.905793,37,11.10049057006836
2025-06-16 14:19:39.905793,37,10.722785949707031
2025-06-17 14:19:39.905793,37,10.617925643920898
2025-06-18 14:19:39.905793,37,10.951745986938477
2025-06-19 14:19:39.905793,37,11.10049057006836
2025-06-20 14:19:39.905793,37,10.722785949707031
2025-06-23 14:19:39.905793,37,10.617925643920898
2025-06-24 14:19:39.905793,37,10.951745986938477
2025-06-25 14:19:39.905793,37,11.10049057006836
2025-06-26 14:19:39.905793,37,10.722785949707031
2025-06-27 14:19:39.905793,37,10.617925643920898
2025-06-30 14:19:39.905793,37,10.951745986938477
2025-07-01 14:19:39.905793,37,11.10049057006836
2025-07-02 14:19:39.905793,37,10.722785949707031
2025-07-03 14:19:39.905793,37,10.617925643920898
2025-07-04 14:19:39.905793,37,10.951745986938477
2025-07-07 14:19:39.905793,37,11.10049057006836
2025-07-08 14:19:39.905793,37,10.722785949707031
2025-07-09 14:19:39.905793,37,10.617925643920898
2025-07-10 14:19:39.905793,37,10.951745986938477
2025-07-11 14:19:39.905793,37,11.10049057006836
2025-07-14 14:19:39.905793,37,10.722785949707031
2025-07-15 14:19:39.905793,37,10.617925643920898
2025-07-16 14:19:39.905793,37,10.951745986938477
2025-07-17 14:19:39.905793,37,11.10049057006836
2025-07-18 14:19:39.905793,37,10.722785949707031
2025-07-21 14:19:39.905793,37,10.617925643920898
2025-07-22 14:19:39.905793,37,10.951745986938477
2025-07-23 14:19:39.905793,37,11.10049057006836
2025-07-24 14:19:39.905793,37,10.722785949707031
2025-07-25 14:19:39.905793,37,10.617925643920898
2025-07-28 14:19:39.905793,37,10.951745986938477
2025-07-29 14:19:39.905793,37,11.10049057006836
2025-07-30 14:19:39.905793,37,10.722785949707031
2025-07-31 14:19:39.905793,37,10.617925643920898
2025-08-01 14:19:39.905793,37,10.951745986938477
2025-08-04 14:19:39.905793,37,11.10049057006836
2025-08-05 14:19:39.905793,37,10.722785949707031
2025-08-06 14:19:39.905793,37,10.617925643920898
2025-08-07 14:19:39.905793,37,10.951745986938477
2025-08-08 14:19:39.905793,37,11.10049057006836
2025-08-11 14:19:39.905793,37,10.722785949707031
2025-08-12 14:19:39.905793,37,10.617925643920898
2025-08-13 14:19:39.905793,37,10.951745986938477
2025-08-14 14:19:39.905793,37,11.10049057006836
2025-08-15 14:19:39.905793,37,10.722785949707031
2025-08-18 14:19:39.905793,37,10.617925643920898
2025-08-19 14:19:39.905793,37,10.951745986938477
2025-08-20 14:19:39.905793,37,11.10049057006836
2025-08-21 14:19:39.905793,37,10.722785949707031
2025-08-22 14:19:39.905793,37,10.617925643920898
2025-08-25 14:19:39.905793,37,10.951745986938477
2025-08-26 14:19:39.905793,37,11.10049057006836
2025-08-27 14:19:39.905793,37,10.722785949707031
2025-08-28 14:19:39.905793,37,10.617925643920898
2025-08-29 14:19:39.905793,37,10.951745986938477
2025-09-01 14:19:39.905793,37,11.10049057006836
2025-09-02 14:19:39.905793,37,10.722785949707031
2025-09-03 14:19:39.905793,37,10.617925643920898
2025-09-04 14:19:39.905793,37,10.951745986938477
2025-09-05 14:19:39.905793,37,11.10049057006836
2025-09-08 14:19:39.905793,37,10.722785949707031
2025-09-09 14:19:39.905793,37,10.617925643920898
2025-09-10 14:19:39.905793,37,10.951745986938477
2025-09-11 14:19:39.905793,37,11.10049057006836
2025-09-12 14:19:39.905793,37,10.722785949707031
2025-09-15 14:19:39.905793,37,10.617925643920898
2025-09-16 14:19:39.905793,37,10.951745986938477
2025-09-17 14:19:39.905793,37,11.10049057006836
2025-09-18 14:19:39.905793,37,10.722785949707031
2025-09-19 14:19:39.905793,37,10.617925643920898
2025-09-22 14:19:39.905793,37,10.951745986938477
2025-09-23 14:19:39.905793,37,11.10049057006836
2025-09-24 14:19:39.905793,37,10.722785949707031
2025-09-25 14:19:39.905793,37,10.617925643920898
2025-09-26 14:19:39.905793,37,10.951745986938477
2025-09-29 14:19:39.905793,37,11.10049057006836
2025-09-30 14:19:39.905793,37,10.722785949707031
2025-10-01 14:19:39.905793,37,10.617925643920898
2025-10-02 14:19:39.905793,37,10.951745986938477
2025-10-03 14:19:39.905793,37,11.10049057006836
2025-10-06 14:19:39.905793,37,10.722785949707031
2025-10-07 14:19:39.905793,37,10.617925643920898
2025-10-08 14:19:39.905793,37,10.951745986938477
2025-10-09 14:19:39.905793,37,11.10049057006836
2025-10-10 14:19:39.905793,37,10.722785949707031
2025-10-13 14:19:39.905793,37,10.617925643920898
2025-10-14 14:19:39.905793,37,10.951745986938477
2025-10-15 14:19:39.905793,37,11.10049057006836
2025-10-16 14:19:39.905793,37,10.722785949707031
2025-10-17 14:19:39.905793,37,10.617925643920898
2025-04-25 14:19:39.905793,39,8.506669044494629
2025-04-28 14:19:39.905793,39,8.519696235656738
2025-04-29 14:19:39.905793,39,8.991386413574219
2025-04-30 14:19:39.905793,39,10.392653465270996
2025-05-01 14:19:39.905793,39,10.722274780273438
2025-05-02 14:19:39.905793,39,10.07099151611328
2025-05-05 14:19:39.905793,39,10.277373313903809
2025-05-06 14:19:39.905793,39,10.957788467407228
2025-05-07 14:19:39.905793,39,11.102005004882812
2025-05-08 14:19:39.905793,39,10.369617462158203
2025-05-09 14:19:39.905793,39,10.2737398147583
2025-05-12 14:19:39.905793,39,10.95438003540039
2025-05-13 14:19:39.905793,39,11.112266540527344
2025-05-14 14:19:39.905793,39,10.389183044433594
2025-05-15 14:19:39.905793,39,10.273334503173828
2025-05-16 14:19:39.905793,39,10.954663276672363
2025-05-19 14:19:39.905793,39,11.112544059753418
2025-05-20 14:19:39.905793,39,10.390390396118164
2025-05-21 14:19:39.905793,39,10.27330493927002
2025-05-22 14:19:39.905793,39,10.95465850830078
2025-05-23 14:19:39.905793,39,11.112567901611328
2025-05-26 14:19:39.905793,39,10.39046573638916
2025-05-27 14:19:39.905793,39,10.27330493927002
2025-05-28 14:19:39.905793,39,10.954660415649414
2025-05-29 14:19:39.905793,39,11.112568855285645
2025-05-30 14:19:39.905793,39,10.39046859741211
2025-06-02 14:19:39.905793,39,10.27330493927002
2025-06-03 14:19:39.905793,39,10.954659461975098
2025-06-04 14:19:39.905793,39,11.112567901611328
2025-06-05 14:19:39.905793,39,10.39046859741211
2025-06-06 14:19:39.905793,39,10.273303985595703
2025-06-09 14:19:39.905793,39,10.954660415649414
2025-06-10 14:19:39.905793,39,11.11256980895996
2025-06-11 14:19:39.905793,39,10.390470504760742
2025-06-12 14:19:39.905793,39,10.273303985595703
2025-06-13 14:19:39.905793,39,10.954660415649414
2025-06-16 14:19:39.905793,39,11.112568855285645
2025-06-17 14:19:39.905793,39,10.390470504760742
2025-06-18 14:19:39.905793,39,10.273303985595703
2025-06-19 14:19:39.905793,39,10.954660415649414
2025-06-20 14:19:39.905793,39,11.11256980895996
2025-06-23 14:19:39.905793,39,10.390470504760742
2025-06-24 14:19:39.905793,39,10.273303985595703
2025-06-25 14:19:39.905793,39,10.954660415649414
2025-06-26 14:19:39.905793,39,11.112568855285645
2025-06-27 14:19:39.905793,39,10.390470504760742
2025-06-30 14:19:39.905793,39,10.273303985595703
2025-07-01 14:19:39.905793,39,10.954660415649414
2025-07-02 14:19:39.905793,39,11.11256980895996
2025-07-03 14:19:39.905793,39,10.390470504760742
2025-07-04 14:19:39.905793,39,10.273303985595703
2025-07-07 14:19:39.905793,39,10.954660415649414
2025-07-08 14:19:39.905793,39,11.112568855285645
2025-07-09 14:19:39.905793,39,10.390470504760742
2025-07-10 14:19:39.905793,39,10.273303985595703
2025-07-11 14:19:39.905793,39,10.954660415649414
2025-07-14 14:19:39.905793,39,11.11256980895996
2025-07-15 14:19:39.905793,39,10.390470504760742
2025-07-16 14:19:39.905793,39,10.273303985595703
2025-07-17 14:19:39.905793,39,10.954660415649414
2025-07-18 14:19:39.905793,39,11.112568855285645
2025-07-21 14:19:39.905793,39,10.390470504760742
2025-07-22 14:19:39.905793,39,10.273303985595703
2025-07-23 14:19:39.905793,39,10.954660415649414
2025-07-24 14:19:39.905793,39,11.11256980895996
2025-07-25 14:19:39.905793,39,10.390470504760742
2025-07-28 14:19:39.905793,39,10.273303985595703
2025-07-29 14:19:39.905793,39,10.954660415649414
2025-07-30 14:19:39.905793,39,11.112568855285645
2025-07-31 14:19:39.905793,39,10.390470504760742
2025-08-01 14:19:39.905793,39,10.273303985595703
2025-08-04 14:19:39.905793,39,10.954660415649414
2025-08-05 14:19:39.905793,39,11.11256980895996
2025-08-06 14:19:39.905793,39,10.390470504760742
2025-08-07 14:19:39.905793,39,10.273303985595703
2025-08-08 14:19:39.905793,39,10.954660415649414
2025-08-11 14:19:39.905793,39,11.112568855285645
2025-08-12 14:19:39.905793,39,10.390470504760742
2025-08-13 14:19:39.905793,39,10.273303985595703
2025-08-14 14:19:39.905793,39,10.954660415649414
2025-08-15 14:19:39.905793,39,11.11256980895996
2025-08-18 14:19:39.905793,39,10.390470504760742
2025-08-19 14:19:39.905793,39,10.273303985595703
2025-08-20 14:19:39.905793,39,10.954660415649414
2025-08-21 14:19:39.905793,39,11.112568855285645
2025-08-22 14:19:39.905793,39,10.390470504760742
2025-08-25 14:19:39.905793,39,10.273303985595703
2025-08-26 14:19:39.905793,39,10.954660415649414
2025-08-27 14:19:39.905793,39,11.11256980895996
2025-08-28 14:19:39.905793,39,10.390470504760742
2025-08-29 14:19:39.905793,39,10.273303985595703
2025-09-01 14:19:39.905793,39,10.954660415649414
2025-09-02 14:19:39.905793,39,11.112568855285645
2025-09-03 14:19:39.905793,39,10.390470504760742
2025-09-04 14:19:39.905793,39,10.273303985595703
2025-09-05 14:19:39.905793,39,10.954660415649414
2025-09-08 14:19:39.905793,39,11.11256980895996
2025-09-09 14:19:39.905793,39,10.390470504760742
2025-09-10 14:19:39.905793,39,10.273303985595703
2025-09-11 14:19:39.905793,39,10.954660415649414
2025-09-12 14:19:39.905793,39,11.112568855285645
2025-09-15 14:19:39.905793,39,10.390470504760742
2025-09-16 14:19:39.905793,39,10.273303985595703
2025-09-17 14:19:39.905793,39,10.954660415649414
2025-09-18 14:19:39.905793,39,11.11256980895996
2025-09-19 14:19:39.905793,39,10.390470504760742
2025-09-22 14:19:39.905793,39,10.273303985595703
2025-09-23 14:19:39.905793,39,10.954660415649414
2025-09-24 14:19:39.905793,39,11.112568855285645
2025-09-25 14:19:39.905793,39,10.390470504760742
2025-09-26 14:19:39.905793,39,10.273303985595703
2025-09-29 14:19:39.905793,39,10.954660415649414
2025-09-30 14:19:39.905793,39,11.11256980895996
2025-10-01 14:19:39.905793,39,10.390470504760742
2025-10-02 14:19:39.905793,39,10.273303985595703
2025-10-03 14:19:39.905793,39,10.954660415649414
2025-10-06 14:19:39.905793,39,11.112568855285645
2025-10-07 14:19:39.905793,39,10.390470504760742
2025-10-08 14:19:39.905793,39,10.273303985595703
2025-10-09 14:19:39.905793,39,10.954660415649414
2025-10-10 14:19:39.905793,39,11.11256980895996
2025-10-13 14:19:39.905793,39,10.390470504760742
2025-10-14 14:19:39.905793,39,10.273303985595703
2025-10-15 14:19:39.905793,39,10.954660415649414
2025-10-16 14:19:39.905793,39,11.112568855285645
2025-10-17 14:19:39.905793,39,10.390470504760742
2025-04-25 14:19:39.905793,40,7.074900150299072
2025-04-28 14:19:39.905793,40,6.935920715332031
2025-04-29 14:19:39.905793,40,7.341462135314941
2025-04-30 14:19:39.905793,40,9.224027633666992
2025-05-01 14:19:39.905793,40,9.812664985656738
2025-05-02 14:19:39.905793,40,9.758249282836914
2025-05-05 14:19:39.905793,40,10.28017807006836
2025-05-06 14:19:39.905793,40,10.836836814880373
2025-05-07 14:19:39.905793,40,10.334112167358398
2025-05-08 14:19:39.905793,40,10.279504776000977
2025-05-09 14:19:39.905793,40,10.74953556060791
2025-05-12 14:19:39.905793,40,11.029136657714844
2025-05-13 14:19:39.905793,40,10.403947830200195
2025-05-14 14:19:39.905793,40,10.34684944152832
2025-05-15 14:19:39.905793,40,10.8097505569458
2025-05-16 14:19:39.905793,40,11.051990509033203
2025-05-19 14:19:39.905793,40,10.41279125213623
2025-05-20 14:19:39.905793,40,10.355179786682127
2025-05-21 14:19:39.905793,40,10.817176818847656
2025-05-22 14:19:39.905793,40,11.054765701293944
2025-05-23 14:19:39.905793,40,10.413887977600098
2025-05-26 14:19:39.905793,40,10.356202125549316
2025-05-27 14:19:39.905793,40,10.818087577819824
2025-05-28 14:19:39.905793,40,11.05510711669922
2025-05-29 14:19:39.905793,40,10.414021492004396
2025-05-30 14:19:39.905793,40,10.356328010559082
2025-06-02 14:19:39.905793,40,10.818199157714844
2025-06-03 14:19:39.905793,40,11.055147171020508
2025-06-04 14:19:39.905793,40,10.414037704467772
2025-06-05 14:19:39.905793,40,10.356343269348145
2025-06-06 14:19:39.905793,40,10.818212509155272
2025-06-09 14:19:39.905793,40,11.055152893066406
2025-06-10 14:19:39.905793,40,10.414040565490724
2025-06-11 14:19:39.905793,40,10.356345176696776
2025-06-12 14:19:39.905793,40,10.818215370178224
2025-06-13 14:19:39.905793,40,11.055153846740724
2025-06-16 14:19:39.905793,40,10.41404151916504
2025-06-17 14:19:39.905793,40,10.356345176696776
2025-06-18 14:19:39.905793,40,10.818215370178224
2025-06-19 14:19:39.905793,40,11.055153846740724
2025-06-20 14:19:39.905793,40,10.414040565490724
2025-06-23 14:19:39.905793,40,10.356345176696776
2025-06-24 14:19:39.905793,40,10.818215370178224
2025-06-25 14:19:39.905793,40,11.055153846740724
2025-06-26 14:19:39.905793,40,10.41404151916504
2025-06-27 14:19:39.905793,40,10.356345176696776
2025-06-30 14:19:39.905793,40,10.818215370178224
2025-07-01 14:19:39.905793,40,11.055153846740724
2025-07-02 14:19:39.905793,40,10.414040565490724
2025-07-03 14:19:39.905793,40,10.356345176696776
2025-07-04 14:19:39.905793,40,10.818215370178224
2025-07-07 14:19:39.905793,40,11.055153846740724
2025-07-08 14:19:39.905793,40,10.41404151916504
2025-07-09 14:19:39.905793,40,10.356345176696776
2025-07-10 14:19:39.905793,40,10.818215370178224
2025-07-11 14:19:39.905793,40,11.055153846740724
2025-07-14 14:19:39.905793,40,10.414040565490724
2025-07-15 14:19:39.905793,40,10.356345176696776
2025-07-16 14:19:39.905793,40,10.818215370178224
2025-07-17 14:19:39.905793,40,11.055153846740724
2025-07-18 14:19:39.905793,40,10.41404151916504
2025-07-21 14:19:39.905793,40,10.356345176696776
2025-07-22 14:19:39.905793,40,10.818215370178224
2025-07-23 14:19:39.905793,40,11.055153846740724
2025-07-24 14:19:39.905793,40,10.414040565490724
2025-07-25 14:19:39.905793,40,10.356345176696776
2025-07-28 14:19:39.905793,40,10.818215370178224
2025-07-29 14:19:39.905793,40,11.055153846740724
2025-07-30 14:19:39.905793,40,10.41404151916504
2025-07-31 14:19:39.905793,40,10.356345176696776
2025-08-01 14:19:39.905793,40,10.818215370178224
2025-08-04 14:19:39.905793,40,11.055153846740724
2025-08-05 14:19:39.905793,40,10.414040565490724
2025-08-06 14:19:39.905793,40,10.356345176696776
2025-08-07 14:19:39.905793,40,10.818215370178224
2025-08-08 14:19:39.905793,40,11.055153846740724
2025-08-11 14:19:39.905793,40,10.41404151916504
2025-08-12 14:19:39.905793,40,10.356345176696776
2025-08-13 14:19:39.905793,40,10.818215370178224
2025-08-14 14:19:39.905793,40,11.055153846740724
2025-08-15 14:19:39.905793,40,10.414040565490724
2025-08-18 14:19:39.905793,40,10.356345176696776
2025-08-19 14:19:39.905793,40,10.818215370178224
2025-08-20 14:19:39.905793,40,11.055153846740724
2025-08-21 14:19:39.905793,40,10.41404151916504
2025-08-22 14:19:39.905793,40,10.356345176696776
2025-08-25 14:19:39.905793,40,10.818215370178224
2025-08-26 14:19:39.905793,40,11.055153846740724
2025-08-27 14:19:39.905793,40,10.414040565490724
2025-08-28 14:19:39.905793,40,10.356345176696776
2025-08-29 14:19:39.905793,40,10.818215370178224
2025-09-01 14:19:39.905793,40,11.055153846740724
2025-09-02 14:19:39.905793,40,10.41404151916504
2025-09-03 14:19:39.905793,40,10.356345176696776
2025-09-04 14:19:39.905793,40,10.818215370178224
2025-09-05 14:19:39.905793,40,11.055153846740724
2025-09-08 14:19:39.905793,40,10.414040565490724
2025-09-09 14:19:39.905793,40,10.356345176696776
2025-09-10 14:19:39.905793,40,10.818215370178224
2025-09-11 14:19:39.905793,40,11.055153846740724
2025-09-12 14:19:39.905793,40,10.41404151916504
2025-09-15 14:19:39.905793,40,10.356345176696776
2025-09-16 14:19:39.905793,40,10.818215370178224
2025-09-17 14:19:39.905793,40,11.055153846740724
2025-09-18 14:19:39.905793,40,10.414040565490724
2025-09-19 14:19:39.905793,40,10.356345176696776
2025-09-22 14:19:39.905793,40,10.818215370178224
2025-09-23 14:19:39.905793,40,11.055153846740724
2025-09-24 14:19:39.905793,40,10.41404151916504
2025-09-25 14:19:39.905793,40,10.356345176696776
2025-09-26 14:19:39.905793,40,10.818215370178224
2025-09-29 14:19:39.905793,40,11.055153846740724
2025-09-30 14:19:39.905793,40,10.414040565490724
2025-10-01 14:19:39.905793,40,10.356345176696776
2025-10-02 14:19:39.905793,40,10.818215370178224
2025-10-03 14:19:39.905793,40,11.055153846740724
2025-10-06 14:19:39.905793,40,10.41404151916504
2025-10-07 14:19:39.905793,40,10.356345176696776
2025-10-08 14:19:39.905793,40,10.818215370178224
2025-10-09 14:19:39.905793,40,11.055153846740724
2025-10-10 14:19:39.905793,40,10.414040565490724
2025-10-13 14:19:39.905793,40,10.356345176696776
2025-10-14 14:19:39.905793,40,10.818215370178224
2025-10-15 14:19:39.905793,40,11.055153846740724
2025-10-16 14:19:39.905793,40,10.41404151916504
2025-10-17 14:19:39.905793,40,10.356345176696776
2025-04-25 14:19:39.905793,41,11.31426239013672
2025-04-28 14:19:39.905793,41,8.916669845581055
2025-04-29 14:19:39.905793,41,8.995645523071289
2025-04-30 14:19:39.905793,41,11.648805618286133
2025-05-01 14:19:39.905793,41,11.608144760131836
2025-05-02 14:19:39.905793,41,9.935091018676758
2025-05-05 14:19:39.905793,41,10.52337646484375
2025-05-06 14:19:39.905793,41,11.65207862854004
2025-05-07 14:19:39.905793,41,11.481549263000488
2025-05-08 14:19:39.905793,41,9.883402824401855
2025-05-09 14:19:39.905793,41,10.572406768798828
2025-05-12 14:19:39.905793,41,11.662385940551758
2025-05-13 14:19:39.905793,41,11.494390487670898
2025-05-14 14:19:39.905793,41,9.884906768798828
2025-05-15 14:19:39.905793,41,10.573223114013672
2025-05-16 14:19:39.905793,41,11.66099452972412
2025-05-19 14:19:39.905793,41,11.493165969848633
2025-05-20 14:19:39.905793,41,9.884855270385742
2025-05-21 14:19:39.905793,41,10.573282241821287
2025-05-22 14:19:39.905793,41,11.661140441894531
2025-05-23 14:19:39.905793,41,11.49327278137207
2025-05-26 14:19:39.905793,41,9.884854316711426
2025-05-27 14:19:39.905793,41,10.573280334472656
2025-05-28 14:19:39.905793,41,11.661127090454102
2025-05-29 14:19:39.905793,41,11.493263244628906
2025-05-30 14:19:39.905793,41,9.884854316711426
2025-06-02 14:19:39.905793,41,10.573280334472656
2025-06-03 14:19:39.905793,41,11.661128044128418
2025-06-04 14:19:39.905793,41,11.493264198303224
2025-06-05 14:19:39.905793,41,9.884855270385742
2025-06-06 14:19:39.905793,41,10.573281288146973
2025-06-09 14:19:39.905793,41,11.661128044128418
2025-06-10 14:19:39.905793,41,11.493264198303224
2025-06-11 14:19:39.905793,41,9.884855270385742
2025-06-12 14:19:39.905793,41,10.573281288146973
2025-06-13 14:19:39.905793,41,11.661128044128418
2025-06-16 14:19:39.905793,41,11.493264198303224
2025-06-17 14:19:39.905793,41,9.884855270385742
2025-06-18 14:19:39.905793,41,10.573281288146973
2025-06-19 14:19:39.905793,41,11.661128044128418
2025-06-20 14:19:39.905793,41,11.493264198303224
2025-06-23 14:19:39.905793,41,9.884855270385742
2025-06-24 14:19:39.905793,41,10.573281288146973
2025-06-25 14:19:39.905793,41,11.661128044128418
2025-06-26 14:19:39.905793,41,11.493264198303224
2025-06-27 14:19:39.905793,41,9.884855270385742
2025-06-30 14:19:39.905793,41,10.573281288146973
2025-07-01 14:19:39.905793,41,11.661128044128418
2025-07-02 14:19:39.905793,41,11.493264198303224
2025-07-03 14:19:39.905793,41,9.884855270385742
2025-07-04 14:19:39.905793,41,10.573281288146973
2025-07-07 14:19:39.905793,41,11.661128044128418
2025-07-08 14:19:39.905793,41,11.493264198303224
2025-07-09 14:19:39.905793,41,9.884855270385742
2025-07-10 14:19:39.905793,41,10.573281288146973
2025-07-11 14:19:39.905793,41,11.661128044128418
2025-07-14 14:19:39.905793,41,11.493264198303224
2025-07-15 14:19:39.905793,41,9.884855270385742
2025-07-16 14:19:39.905793,41,10.573281288146973
2025-07-17 14:19:39.905793,41,11.661128044128418
2025-07-18 14:19:39.905793,41,11.493264198303224
2025-07-21 14:19:39.905793,41,9.884855270385742
2025-07-22 14:19:39.905793,41,10.573281288146973
2025-07-23 14:19:39.905793,41,11.661128044128418
2025-07-24 14:19:39.905793,41,11.493264198303224
2025-07-25 14:19:39.905793,41,9.884855270385742
2025-07-28 14:19:39.905793,41,10.573281288146973
2025-07-29 14:19:39.905793,41,11.661128044128418
2025-07-30 14:19:39.905793,41,11.493264198303224
2025-07-31 14:19:39.905793,41,9.884855270385742
2025-08-01 14:19:39.905793,41,10.573281288146973
2025-08-04 14:19:39.905793,41,11.661128044128418
2025-08-05 14:19:39.905793,41,11.493264198303224
2025-08-06 14:19:39.905793,41,9.884855270385742
2025-08-07 14:19:39.905793,41,10.573281288146973
2025-08-08 14:19:39.905793,41,11.661128044128418
2025-08-11 14:19:39.905793,41,11.493264198303224
2025-08-12 14:19:39.905793,41,9.884855270385742
2025-08-13 14:19:39.905793,41,10.573281288146973
2025-08-14 14:19:39.905793,41,11.661128044128418
2025-08-15 14:19:39.905793,41,11.493264198303224
2025-08-18 14:19:39.905793,41,9.884855270385742
2025-08-19 14:19:39.905793,41,10.573281288146973
2025-08-20 14:19:39.905793,41,11.661128044128418
2025-08-21 14:19:39.905793,41,11.493264198303224
2025-08-22 14:19:39.905793,41,9.884855270385742
2025-08-25 14:19:39.905793,41,10.573281288146973
2025-08-26 14:19:39.905793,41,11.661128044128418
2025-08-27 14:19:39.905793,41,11.493264198303224
2025-08-28 14:19:39.905793,41,9.884855270385742
2025-08-29 14:19:39.905793,41,10.573281288146973
2025-09-01 14:19:39.905793,41,11.661128044128418
2025-09-02 14:19:39.905793,41,11.493264198303224
2025-09-03 14:19:39.905793,41,9.884855270385742
2025-09-04 14:19:39.905793,41,10.573281288146973
2025-09-05 14:19:39.905793,41,11.661128044128418
2025-09-08 14:19:39.905793,41,11.493264198303224
2025-09-09 14:19:39.905793,41,9.884855270385742
2025-09-10 14:19:39.905793,41,10.573281288146973
2025-09-11 14:19:39.905793,41,11.661128044128418
2025-09-12 14:19:39.905793,41,11.493264198303224
2025-09-15 14:19:39.905793,41,9.884855270385742
2025-09-16 14:19:39.905793,41,10.573281288146973
2025-09-17 14:19:39.905793,41,11.661128044128418
2025-09-18 14:19:39.905793,41,11.493264198303224
2025-09-19 14:19:39.905793,41,9.884855270385742
2025-09-22 14:19:39.905793,41,10.573281288146973
2025-09-23 14:19:39.905793,41,11.661128044128418
2025-09-24 14:19:39.905793,41,11.493264198303224
2025-09-25 14:19:39.905793,41,9.884855270385742
2025-09-26 14:19:39.905793,41,10.573281288146973
2025-09-29 14:19:39.905793,41,11.661128044128418
2025-09-30 14:19:39.905793,41,11.493264198303224
2025-10-01 14:19:39.905793,41,9.884855270385742
2025-10-02 14:19:39.905793,41,10.573281288146973
2025-10-03 14:19:39.905793,41,11.661128044128418
2025-10-06 14:19:39.905793,41,11.493264198303224
2025-10-07 14:19:39.905793,41,9.884855270385742
2025-10-08 14:19:39.905793,41,10.573281288146973
2025-10-09 14:19:39.905793,41,11.661128044128418
2025-10-10 14:19:39.905793,41,11.493264198303224
2025-10-13 14:19:39.905793,41,9.884855270385742
2025-10-14 14:19:39.905793,41,10.573281288146973
2025-10-15 14:19:39.905793,41,11.661128044128418
2025-10-16 14:19:39.905793,41,11.493264198303224
2025-10-17 14:19:39.905793,41,9.884855270385742
2025-04-25 14:19:39.905793,42,7.743777275085449
2025-04-28 14:19:39.905793,42,8.780363082885742
2025-04-29 14:19:39.905793,42,8.158377647399902
2025-04-30 14:19:39.905793,42,6.752466201782227
2025-05-01 14:19:39.905793,42,8.364316940307617
2025-05-02 14:19:39.905793,42,7.710999488830566
2025-05-05 14:19:39.905793,42,7.378613471984863
2025-05-06 14:19:39.905793,42,7.584321975708008
2025-05-07 14:19:39.905793,42,8.278721809387207
2025-05-08 14:19:39.905793,42,7.499688148498535
2025-05-09 14:19:39.905793,42,7.397801399230957
2025-05-12 14:19:39.905793,42,7.702836036682129
2025-05-13 14:19:39.905793,42,8.215189933776855
2025-05-14 14:19:39.905793,42,7.479460716247559
2025-05-15 14:19:39.905793,42,7.413094997406006
2025-05-16 14:19:39.905793,42,7.708469867706299
2025-05-19 14:19:39.905793,42,8.193428039550781
2025-05-20 14:19:39.905793,42,7.477267265319824
2025-05-21 14:19:39.905793,42,7.4129228591918945
2025-05-22 14:19:39.905793,42,7.703311443328857
2025-05-23 14:19:39.905793,42,8.185710906982422
2025-05-26 14:19:39.905793,42,7.475529670715332
2025-05-27 14:19:39.905793,42,7.41051721572876
2025-05-28 14:19:39.905793,42,7.699615001678467
2025-05-29 14:19:39.905793,42,8.182236671447754
2025-05-30 14:19:39.905793,42,7.474132537841797
2025-06-02 14:19:39.905793,42,7.408770084381103
2025-06-03 14:19:39.905793,42,7.697502613067627
2025-06-04 14:19:39.905793,42,8.180384635925293
2025-06-05 14:19:39.905793,42,7.473235607147217
2025-06-06 14:19:39.905793,42,7.407732963562012
2025-06-09 14:19:39.905793,42,7.6963114738464355
2025-06-10 14:19:39.905793,42,8.179340362548828
2025-06-11 14:19:39.905793,42,7.472705841064453
2025-06-12 14:19:39.905793,42,7.407140731811523
2025-06-13 14:19:39.905793,42,7.695636749267578
2025-06-16 14:19:39.905793,42,8.178743362426758
2025-06-17 14:19:39.905793,42,7.472401618957519
2025-06-18 14:19:39.905793,42,7.406802177429199
2025-06-19 14:19:39.905793,42,7.695252418518066
2025-06-20 14:19:39.905793,42,8.178401947021484
2025-06-23 14:19:39.905793,42,7.472229480743408
2025-06-24 14:19:39.905793,42,7.406608581542969
2025-06-25 14:19:39.905793,42,7.695033073425293
2025-06-26 14:19:39.905793,42,8.178207397460938
2025-06-27 14:19:39.905793,42,7.4721293449401855
2025-06-30 14:19:39.905793,42,7.406497955322266
2025-07-01 14:19:39.905793,42,7.694907188415527
2025-07-02 14:19:39.905793,42,8.178094863891602
2025-07-03 14:19:39.905793,42,7.472073554992676
2025-07-04 14:19:39.905793,42,7.406435966491699
2025-07-07 14:19:39.905793,42,7.69483470916748
2025-07-08 14:19:39.905793,42,8.178031921386719
2025-07-09 14:19:39.905793,42,7.47204065322876
2025-07-10 14:19:39.905793,42,7.406399726867676
2025-07-11 14:19:39.905793,42,7.694794654846191
2025-07-14 14:19:39.905793,42,8.177995681762695
2025-07-15 14:19:39.905793,42,7.472021579742432
2025-07-16 14:19:39.905793,42,7.406379222869873
2025-07-17 14:19:39.905793,42,7.694770336151123
2025-07-18 14:19:39.905793,42,8.177974700927734
2025-07-21 14:19:39.905793,42,7.472011089324951
2025-07-22 14:19:39.905793,42,7.406367301940918
2025-07-23 14:19:39.905793,42,7.694757461547852
2025-07-24 14:19:39.905793,42,8.177962303161621
2025-07-25 14:19:39.905793,42,7.4720048904418945
2025-07-28 14:19:39.905793,42,7.406360626220703
2025-07-29 14:19:39.905793,42,7.694748878479004
2025-07-30 14:19:39.905793,42,8.177955627441406
2025-07-31 14:19:39.905793,42,7.472000598907471
2025-08-01 14:19:39.905793,42,7.406356811523437
2025-08-04 14:19:39.905793,42,7.694746017456055
2025-08-05 14:19:39.905793,42,8.17795181274414
2025-08-06 14:19:39.905793,42,7.471999168395996
2025-08-07 14:19:39.905793,42,7.406355381011963
2025-08-08 14:19:39.905793,42,7.6947431564331055
2025-08-11 14:19:39.905793,42,8.177949905395508
2025-08-12 14:19:39.905793,42,7.471998691558838
2025-08-13 14:19:39.905793,42,7.406353950500488
2025-08-14 14:19:39.905793,42,7.694741725921631
2025-08-15 14:19:39.905793,42,8.177949905395508
2025-08-18 14:19:39.905793,42,7.471998691558838
2025-08-19 14:19:39.905793,42,7.406352996826172
2025-08-20 14:19:39.905793,42,7.694740772247314
2025-08-21 14:19:39.905793,42,8.177949905395508
2025-08-22 14:19:39.905793,42,7.47199821472168
2025-08-25 14:19:39.905793,42,7.406352996826172
2025-08-26 14:19:39.905793,42,7.694741249084473
2025-08-27 14:19:39.905793,42,8.177947998046875
2025-08-28 14:19:39.905793,42,7.471998691558838
2025-08-29 14:19:39.905793,42,7.406352996826172
2025-09-01 14:19:39.905793,42,7.694741249084473
2025-09-02 14:19:39.905793,42,8.177947998046875
2025-09-03 14:19:39.905793,42,7.471999168395996
2025-09-04 14:19:39.905793,42,7.406352519989014
2025-09-05 14:19:39.905793,42,7.694740295410156
2025-09-08 14:19:39.905793,42,8.177947998046875
2025-09-09 14:19:39.905793,42,7.47199821472168
2025-09-10 14:19:39.905793,42,7.406352043151855
2025-09-11 14:19:39.905793,42,7.694740295410156
2025-09-12 14:19:39.905793,42,8.177947998046875
2025-09-15 14:19:39.905793,42,7.471997261047363
2025-09-16 14:19:39.905793,42,7.406351089477539
2025-09-17 14:19:39.905793,42,7.694740295410156
2025-09-18 14:19:39.905793,42,8.177947998046875
2025-09-19 14:19:39.905793,42,7.471997261047363
2025-09-22 14:19:39.905793,42,7.406352043151855
2025-09-23 14:19:39.905793,42,7.694740295410156
2025-09-24 14:19:39.905793,42,8.177947998046875
2025-09-25 14:19:39.905793,42,7.471997261047363
2025-09-26 14:19:39.905793,42,7.406351089477539
2025-09-29 14:19:39.905793,42,7.694740295410156
2025-09-30 14:19:39.905793,42,8.177947998046875
2025-10-01 14:19:39.905793,42,7.471997261047363
2025-10-02 14:19:39.905793,42,7.406352043151855
2025-10-03 14:19:39.905793,42,7.694740295410156
2025-10-06 14:19:39.905793,42,8.177947998046875
2025-10-07 14:19:39.905793,42,7.471997261047363
2025-10-08 14:19:39.905793,42,7.406351089477539
2025-10-09 14:19:39.905793,42,7.694740295410156
2025-10-10 14:19:39.905793,42,8.177947998046875
2025-10-13 14:19:39.905793,42,7.471997261047363
2025-10-14 14:19:39.905793,42,7.406352043151855
2025-10-15 14:19:39.905793,42,7.694740295410156
2025-10-16 14:19:39.905793,42,8.177947998046875
2025-10-17 14:19:39.905793,42,7.471997261047363
2025-04-25 14:19:39.905793,43,5.159079551696777
2025-04-28 14:19:39.905793,43,5.752614498138428
2025-04-29 14:19:39.905793,43,6.19737434387207
2025-04-30 14:19:39.905793,43,5.814045429229736
2025-05-01 14:19:39.905793,43,4.6058197021484375
2025-05-02 14:19:39.905793,43,5.2686944007873535
2025-05-05 14:19:39.905793,43,5.688479900360107
2025-05-06 14:19:39.905793,43,5.69022274017334
2025-05-07 14:19:39.905793,43,4.652337074279785
2025-05-08 14:19:39.905793,43,5.303194999694824
2025-05-09 14:19:39.905793,43,5.727655410766602
2025-05-12 14:19:39.905793,43,5.693187713623047
2025-05-13 14:19:39.905793,43,4.648571491241455
2025-05-14 14:19:39.905793,43,5.300595283508301
2025-05-15 14:19:39.905793,43,5.724846839904785
2025-05-16 14:19:39.905793,43,5.693215847015381
2025-05-19 14:19:39.905793,43,4.648861885070801
2025-05-20 14:19:39.905793,43,5.300788402557373
2025-05-21 14:19:39.905793,43,5.725041389465332
2025-05-22 14:19:39.905793,43,5.693203926086426
2025-05-23 14:19:39.905793,43,4.64884090423584
2025-05-26 14:19:39.905793,43,5.300774574279785
2025-05-27 14:19:39.905793,43,5.725028038024902
2025-05-28 14:19:39.905793,43,5.693204402923584
2025-05-29 14:19:39.905793,43,4.648841857910156
2025-05-30 14:19:39.905793,43,5.300774574279785
2025-06-02 14:19:39.905793,43,5.725028991699219
2025-06-03 14:19:39.905793,43,5.693204879760742
2025-06-04 14:19:39.905793,43,4.648841857910156
2025-06-05 14:19:39.905793,43,5.300775051116943
2025-06-06 14:19:39.905793,43,5.725028038024902
2025-06-09 14:19:39.905793,43,5.693204879760742
2025-06-10 14:19:39.905793,43,4.648841857910156
2025-06-11 14:19:39.905793,43,5.300775051116943
2025-06-12 14:19:39.905793,43,5.725028991699219
2025-06-13 14:19:39.905793,43,5.693204879760742
2025-06-16 14:19:39.905793,43,4.6488423347473145
2025-06-17 14:19:39.905793,43,5.300775051116943
2025-06-18 14:19:39.905793,43,5.725028991699219
2025-06-19 14:19:39.905793,43,5.693204402923584
2025-06-20 14:19:39.905793,43,4.6488423347473145
2025-06-23 14:19:39.905793,43,5.300775527954102
2025-06-24 14:19:39.905793,43,5.725028991699219
2025-06-25 14:19:39.905793,43,5.693204879760742
2025-06-26 14:19:39.905793,43,4.648842811584473
2025-06-27 14:19:39.905793,43,5.300775527954102
2025-06-30 14:19:39.905793,43,5.725028991699219
2025-07-01 14:19:39.905793,43,5.693204402923584
2025-07-02 14:19:39.905793,43,4.648841857910156
2025-07-03 14:19:39.905793,43,5.300775051116943
2025-07-04 14:19:39.905793,43,5.725028991699219
2025-07-07 14:19:39.905793,43,5.693204402923584
2025-07-08 14:19:39.905793,43,4.6488423347473145
2025-07-09 14:19:39.905793,43,5.300775527954102
2025-07-10 14:19:39.905793,43,5.725028991699219
2025-07-11 14:19:39.905793,43,5.693204879760742
2025-07-14 14:19:39.905793,43,4.648842811584473
2025-07-15 14:19:39.905793,43,5.300775527954102
2025-07-16 14:19:39.905793,43,5.725028991699219
2025-07-17 14:19:39.905793,43,5.693204402923584
2025-07-18 14:19:39.905793,43,4.648841857910156
2025-07-21 14:19:39.905793,43,5.300775051116943
2025-07-22 14:19:39.905793,43,5.725028991699219
2025-07-23 14:19:39.905793,43,5.693204402923584
2025-07-24 14:19:39.905793,43,4.6488423347473145
2025-07-25 14:19:39.905793,43,5.300775527954102
2025-07-28 14:19:39.905793,43,5.725028991699219
2025-07-29 14:19:39.905793,43,5.693204879760742
2025-07-30 14:19:39.905793,43,4.648842811584473
2025-07-31 14:19:39.905793,43,5.300775527954102
2025-08-01 14:19:39.905793,43,5.725028991699219
2025-08-04 14:19:39.905793,43,5.693204402923584
2025-08-05 14:19:39.905793,43,4.648841857910156
2025-08-06 14:19:39.905793,43,5.300775051116943
2025-08-07 14:19:39.905793,43,5.725028991699219
2025-08-08 14:19:39.905793,43,5.693204402923584
2025-08-11 14:19:39.905793,43,4.6488423347473145
2025-08-12 14:19:39.905793,43,5.300775527954102
2025-08-13 14:19:39.905793,43,5.725028991699219
2025-08-14 14:19:39.905793,43,5.693204879760742
2025-08-15 14:19:39.905793,43,4.648842811584473
2025-08-18 14:19:39.905793,43,5.300775527954102
2025-08-19 14:19:39.905793,43,5.725028991699219
2025-08-20 14:19:39.905793,43,5.693204402923584
2025-08-21 14:19:39.905793,43,4.648841857910156
2025-08-22 14:19:39.905793,43,5.300775051116943
2025-08-25 14:19:39.905793,43,5.725028991699219
2025-08-26 14:19:39.905793,43,5.693204402923584
2025-08-27 14:19:39.905793,43,4.6488423347473145
2025-08-28 14:19:39.905793,43,5.300775527954102
2025-08-29 14:19:39.905793,43,5.725028991699219
2025-09-01 14:19:39.905793,43,5.693204879760742
2025-09-02 14:19:39.905793,43,4.648842811584473
2025-09-03 14:19:39.905793,43,5.300775527954102
2025-09-04 14:19:39.905793,43,5.725028991699219
2025-09-05 14:19:39.905793,43,5.693204402923584
2025-09-08 14:19:39.905793,43,4.648841857910156
2025-09-09 14:19:39.905793,43,5.300775051116943
2025-09-10 14:19:39.905793,43,5.725028991699219
2025-09-11 14:19:39.905793,43,5.693204402923584
2025-09-12 14:19:39.905793,43,4.6488423347473145
2025-09-15 14:19:39.905793,43,5.300775527954102
2025-09-16 14:19:39.905793,43,5.725028991699219
2025-09-17 14:19:39.905793,43,5.693204879760742
2025-09-18 14:19:39.905793,43,4.648842811584473
2025-09-19 14:19:39.905793,43,5.300775527954102
2025-09-22 14:19:39.905793,43,5.725028991699219
2025-09-23 14:19:39.905793,43,5.693204402923584
2025-09-24 14:19:39.905793,43,4.648841857910156
2025-09-25 14:19:39.905793,43,5.300775051116943
2025-09-26 14:19:39.905793,43,5.725028991699219
2025-09-29 14:19:39.905793,43,5.693204402923584
2025-09-30 14:19:39.905793,43,4.6488423347473145
2025-10-01 14:19:39.905793,43,5.300775527954102
2025-10-02 14:19:39.905793,43,5.725028991699219
2025-10-03 14:19:39.905793,43,5.693204879760742
2025-10-06 14:19:39.905793,43,4.648842811584473
2025-10-07 14:19:39.905793,43,5.300775527954102
2025-10-08 14:19:39.905793,43,5.725028991699219
2025-10-09 14:19:39.905793,43,5.693204402923584
2025-10-10 14:19:39.905793,43,4.648841857910156
2025-10-13 14:19:39.905793,43,5.300775051116943
2025-10-14 14:19:39.905793,43,5.725028991699219
2025-10-15 14:19:39.905793,43,5.693204402923584
2025-10-16 14:19:39.905793,43,4.6488423347473145
2025-10-17 14:19:39.905793,43,5.300775527954102
2025-04-25 14:19:39.905793,44,6.503619194030762
2025-04-28 14:19:39.905793,44,6.852868556976318
2025-04-29 14:19:39.905793,44,6.4708662033081055
2025-04-30 14:19:39.905793,44,7.231205940246582
2025-05-01 14:19:39.905793,44,7.421062469482422
2025-05-02 14:19:39.905793,44,7.143362045288086
2025-05-05 14:19:39.905793,44,7.2409162521362305
2025-05-06 14:19:39.905793,44,7.512518405914307
2025-05-07 14:19:39.905793,44,7.59795331954956
2025-05-08 14:19:39.905793,44,7.2435622215271
2025-05-09 14:19:39.905793,44,7.416964054107666
2025-05-12 14:19:39.905793,44,7.56745719909668
2025-05-13 14:19:39.905793,44,7.635619640350342
2025-05-14 14:19:39.905793,44,7.268973350524902
2025-05-15 14:19:39.905793,44,7.456677436828613
2025-05-16 14:19:39.905793,44,7.57911491394043
2025-05-19 14:19:39.905793,44,7.643955230712891
2025-05-20 14:19:39.905793,44,7.274880409240723
2025-05-21 14:19:39.905793,44,7.465561866760254
2025-05-22 14:19:39.905793,44,7.581668376922607
2025-05-23 14:19:39.905793,44,7.645816326141357
2025-05-26 14:19:39.905793,44,7.276215076446533
2025-05-27 14:19:39.905793,44,7.467543601989746
2025-05-28 14:19:39.905793,44,7.582234382629394
2025-05-29 14:19:39.905793,44,7.646233081817627
2025-05-30 14:19:39.905793,44,7.276514530181885
2025-06-02 14:19:39.905793,44,7.467985153198242
2025-06-03 14:19:39.905793,44,7.582360744476318
2025-06-04 14:19:39.905793,44,7.646326065063477
2025-06-05 14:19:39.905793,44,7.276580810546875
2025-06-06 14:19:39.905793,44,7.468084335327148
2025-06-09 14:19:39.905793,44,7.582388877868652
2025-06-10 14:19:39.905793,44,7.646346569061279
2025-06-11 14:19:39.905793,44,7.276595115661621
2025-06-12 14:19:39.905793,44,7.468106269836426
2025-06-13 14:19:39.905793,44,7.582395553588867
2025-06-16 14:19:39.905793,44,7.646350860595703
2025-06-17 14:19:39.905793,44,7.276598453521728
2025-06-18 14:19:39.905793,44,7.468111038208008
2025-06-19 14:19:39.905793,44,7.582396984100342
2025-06-20 14:19:39.905793,44,7.646352767944336
2025-06-23 14:19:39.905793,44,7.276598930358887
2025-06-24 14:19:39.905793,44,7.468111991882324
2025-06-25 14:19:39.905793,44,7.582396507263184
2025-06-26 14:19:39.905793,44,7.646352767944336
2025-06-27 14:19:39.905793,44,7.276599884033203
2025-06-30 14:19:39.905793,44,7.468111991882324
2025-07-01 14:19:39.905793,44,7.582396984100342
2025-07-02 14:19:39.905793,44,7.646352767944336
2025-07-03 14:19:39.905793,44,7.276599884033203
2025-07-04 14:19:39.905793,44,7.468111515045166
2025-07-07 14:19:39.905793,44,7.5823974609375
2025-07-08 14:19:39.905793,44,7.646352767944336
2025-07-09 14:19:39.905793,44,7.276599884033203
2025-07-10 14:19:39.905793,44,7.468111991882324
2025-07-11 14:19:39.905793,44,7.5823974609375
2025-07-14 14:19:39.905793,44,7.646352767944336
2025-07-15 14:19:39.905793,44,7.276599407196045
2025-07-16 14:19:39.905793,44,7.468111038208008
2025-07-17 14:19:39.905793,44,7.5823974609375
2025-07-18 14:19:39.905793,44,7.646352767944336
2025-07-21 14:19:39.905793,44,7.276599884033203
2025-07-22 14:19:39.905793,44,7.468112945556641
2025-07-23 14:19:39.905793,44,7.582397937774658
2025-07-24 14:19:39.905793,44,7.646352291107178
2025-07-25 14:19:39.905793,44,7.276599884033203
2025-07-28 14:19:39.905793,44,7.468112468719482
2025-07-29 14:19:39.905793,44,7.582396507263184
2025-07-30 14:19:39.905793,44,7.646352767944336
2025-07-31 14:19:39.905793,44,7.276599884033203
2025-08-01 14:19:39.905793,44,7.468111515045166
2025-08-04 14:19:39.905793,44,7.582396984100342
2025-08-05 14:19:39.905793,44,7.646352767944336
2025-08-06 14:19:39.905793,44,7.276599884033203
2025-08-07 14:19:39.905793,44,7.468111991882324
2025-08-08 14:19:39.905793,44,7.5823974609375
2025-08-11 14:19:39.905793,44,7.646352767944336
2025-08-12 14:19:39.905793,44,7.276599407196045
2025-08-13 14:19:39.905793,44,7.468111038208008
2025-08-14 14:19:39.905793,44,7.5823974609375
2025-08-15 14:19:39.905793,44,7.646352767944336
2025-08-18 14:19:39.905793,44,7.276599884033203
2025-08-19 14:19:39.905793,44,7.468112945556641
2025-08-20 14:19:39.905793,44,7.582397937774658
2025-08-21 14:19:39.905793,44,7.646352291107178
2025-08-22 14:19:39.905793,44,7.276599884033203
2025-08-25 14:19:39.905793,44,7.468112468719482
2025-08-26 14:19:39.905793,44,7.582396507263184
2025-08-27 14:19:39.905793,44,7.646352767944336
2025-08-28 14:19:39.905793,44,7.276599884033203
2025-08-29 14:19:39.905793,44,7.468111515045166
2025-09-01 14:19:39.905793,44,7.582396984100342
2025-09-02 14:19:39.905793,44,7.646352767944336
2025-09-03 14:19:39.905793,44,7.276599884033203
2025-09-04 14:19:39.905793,44,7.468111991882324
2025-09-05 14:19:39.905793,44,7.5823974609375
2025-09-08 14:19:39.905793,44,7.646352767944336
2025-09-09 14:19:39.905793,44,7.276599407196045
2025-09-10 14:19:39.905793,44,7.468111038208008
2025-09-11 14:19:39.905793,44,7.5823974609375
2025-09-12 14:19:39.905793,44,7.646352767944336
2025-09-15 14:19:39.905793,44,7.276599884033203
2025-09-16 14:19:39.905793,44,7.468112945556641
2025-09-17 14:19:39.905793,44,7.582397937774658
2025-09-18 14:19:39.905793,44,7.646352291107178
2025-09-19 14:19:39.905793,44,7.276599884033203
2025-09-22 14:19:39.905793,44,7.468112468719482
2025-09-23 14:19:39.905793,44,7.582396507263184
2025-09-24 14:19:39.905793,44,7.646352767944336
2025-09-25 14:19:39.905793,44,7.276599884033203
2025-09-26 14:19:39.905793,44,7.468111515045166
2025-09-29 14:19:39.905793,44,7.582396984100342
2025-09-30 14:19:39.905793,44,7.646352767944336
2025-10-01 14:19:39.905793,44,7.276599884033203
2025-10-02 14:19:39.905793,44,7.468111991882324
2025-10-03 14:19:39.905793,44,7.5823974609375
2025-10-06 14:19:39.905793,44,7.646352767944336
2025-10-07 14:19:39.905793,44,7.276599407196045
2025-10-08 14:19:39.905793,44,7.468111038208008
2025-10-09 14:19:39.905793,44,7.5823974609375
2025-10-10 14:19:39.905793,44,7.646352767944336
2025-10-13 14:19:39.905793,44,7.276599884033203
2025-10-14 14:19:39.905793,44,7.468112945556641
2025-10-15 14:19:39.905793,44,7.582397937774658
2025-10-16 14:19:39.905793,44,7.646352291107178
2025-10-17 14:19:39.905793,44,7.276599884033203
2025-04-25 14:19:39.905793,45,6.867749214172363
2025-04-28 14:19:39.905793,45,6.837449073791504
2025-04-29 14:19:39.905793,45,7.424587249755859
2025-04-30 14:19:39.905793,45,9.616422653198242
2025-05-01 14:19:39.905793,45,11.24345588684082
2025-05-02 14:19:39.905793,45,11.522024154663086
2025-05-05 14:19:39.905793,45,12.277000427246094
2025-05-06 14:19:39.905793,45,12.99357795715332
2025-05-07 14:19:39.905793,45,12.807706832885742
2025-05-08 14:19:39.905793,45,12.468647956848145
2025-05-09 14:19:39.905793,45,12.914976119995115
2025-05-12 14:19:39.905793,45,13.18988800048828
2025-05-13 14:19:39.905793,45,12.893302917480469
2025-05-14 14:19:39.905793,45,12.496041297912598
2025-05-15 14:19:39.905793,45,12.929637908935549
2025-05-16 14:19:39.905793,45,13.192724227905272
2025-05-19 14:19:39.905793,45,12.894336700439451
2025-05-20 14:19:39.905793,45,12.496419906616213
2025-05-21 14:19:39.905793,45,12.929801940917969
2025-05-22 14:19:39.905793,45,13.192753791809082
2025-05-23 14:19:39.905793,45,12.8943510055542
2025-05-26 14:19:39.905793,45,12.496424674987791
2025-05-27 14:19:39.905793,45,12.929803848266602
2025-05-28 14:19:39.905793,45,13.192754745483398
2025-05-29 14:19:39.905793,45,12.894350051879885
2025-05-30 14:19:39.905793,45,12.49642562866211
2025-06-02 14:19:39.905793,45,12.929803848266602
2025-06-03 14:19:39.905793,45,13.192754745483398
2025-06-04 14:19:39.905793,45,12.894350051879885
2025-06-05 14:19:39.905793,45,12.496424674987791
2025-06-06 14:19:39.905793,45,12.929802894592283
2025-06-09 14:19:39.905793,45,13.192754745483398
2025-06-10 14:19:39.905793,45,12.894350051879885
2025-06-11 14:19:39.905793,45,12.496424674987791
2025-06-12 14:19:39.905793,45,12.929803848266602
2025-06-13 14:19:39.905793,45,13.192754745483398
2025-06-16 14:19:39.905793,45,12.894350051879885
2025-06-17 14:19:39.905793,45,12.49642562866211
2025-06-18 14:19:39.905793,45,12.929803848266602
2025-06-19 14:19:39.905793,45,13.192754745483398
2025-06-20 14:19:39.905793,45,12.894350051879885
2025-06-23 14:19:39.905793,45,12.496424674987791
2025-06-24 14:19:39.905793,45,12.929802894592283
2025-06-25 14:19:39.905793,45,13.192754745483398
2025-06-26 14:19:39.905793,45,12.894350051879885
2025-06-27 14:19:39.905793,45,12.496424674987791
2025-06-30 14:19:39.905793,45,12.929803848266602
2025-07-01 14:19:39.905793,45,13.192754745483398
2025-07-02 14:19:39.905793,45,12.894350051879885
2025-07-03 14:19:39.905793,45,12.49642562866211
2025-07-04 14:19:39.905793,45,12.929803848266602
2025-07-07 14:19:39.905793,45,13.192754745483398
2025-07-08 14:19:39.905793,45,12.894350051879885
2025-07-09 14:19:39.905793,45,12.496424674987791
2025-07-10 14:19:39.905793,45,12.929802894592283
2025-07-11 14:19:39.905793,45,13.192754745483398
2025-07-14 14:19:39.905793,45,12.894350051879885
2025-07-15 14:19:39.905793,45,12.496424674987791
2025-07-16 14:19:39.905793,45,12.929803848266602
2025-07-17 14:19:39.905793,45,13.192754745483398
2025-07-18 14:19:39.905793,45,12.894350051879885
2025-07-21 14:19:39.905793,45,12.49642562866211
2025-07-22 14:19:39.905793,45,12.929803848266602
2025-07-23 14:19:39.905793,45,13.192754745483398
2025-07-24 14:19:39.905793,45,12.894350051879885
2025-07-25 14:19:39.905793,45,12.496424674987791
2025-07-28 14:19:39.905793,45,12.929802894592283
2025-07-29 14:19:39.905793,45,13.192754745483398
2025-07-30 14:19:39.905793,45,12.894350051879885
2025-07-31 14:19:39.905793,45,12.496424674987791
2025-08-01 14:19:39.905793,45,12.929803848266602
2025-08-04 14:19:39.905793,45,13.192754745483398
2025-08-05 14:19:39.905793,45,12.894350051879885
2025-08-06 14:19:39.905793,45,12.49642562866211
2025-08-07 14:19:39.905793,45,12.929803848266602
2025-08-08 14:19:39.905793,45,13.192754745483398
2025-08-11 14:19:39.905793,45,12.894350051879885
2025-08-12 14:19:39.905793,45,12.496424674987791
2025-08-13 14:19:39.905793,45,12.929802894592283
2025-08-14 14:19:39.905793,45,13.192754745483398
2025-08-15 14:19:39.905793,45,12.894350051879885
2025-08-18 14:19:39.905793,45,12.496424674987791
2025-08-19 14:19:39.905793,45,12.929803848266602
2025-08-20 14:19:39.905793,45,13.192754745483398
2025-08-21 14:19:39.905793,45,12.894350051879885
2025-08-22 14:19:39.905793,45,12.49642562866211
2025-08-25 14:19:39.905793,45,12.929803848266602
2025-08-26 14:19:39.905793,45,13.192754745483398
2025-08-27 14:19:39.905793,45,12.894350051879885
2025-08-28 14:19:39.905793,45,12.496424674987791
2025-08-29 14:19:39.905793,45,12.929802894592283
2025-09-01 14:19:39.905793,45,13.192754745483398
2025-09-02 14:19:39.905793,45,12.894350051879885
2025-09-03 14:19:39.905793,45,12.496424674987791
2025-09-04 14:19:39.905793,45,12.929803848266602
2025-09-05 14:19:39.905793,45,13.192754745483398
2025-09-08 14:19:39.905793,45,12.894350051879885
2025-09-09 14:19:39.905793,45,12.49642562866211
2025-09-10 14:19:39.905793,45,12.929803848266602
2025-09-11 14:19:39.905793,45,13.192754745483398
2025-09-12 14:19:39.905793,45,12.894350051879885
2025-09-15 14:19:39.905793,45,12.496424674987791
2025-09-16 14:19:39.905793,45,12.929802894592283
2025-09-17 14:19:39.905793,45,13.192754745483398
2025-09-18 14:19:39.905793,45,12.894350051879885
2025-09-19 14:19:39.905793,45,12.496424674987791
2025-09-22 14:19:39.905793,45,12.929803848266602
2025-09-23 14:19:39.905793,45,13.192754745483398
2025-09-24 14:19:39.905793,45,12.894350051879885
2025-09-25 14:19:39.905793,45,12.49642562866211
2025-09-26 14:19:39.905793,45,12.929803848266602
2025-09-29 14:19:39.905793,45,13.192754745483398
2025-09-30 14:19:39.905793,45,12.894350051879885
2025-10-01 14:19:39.905793,45,12.496424674987791
2025-10-02 14:19:39.905793,45,12.929802894592283
2025-10-03 14:19:39.905793,45,13.192754745483398
2025-10-06 14:19:39.905793,45,12.894350051879885
2025-10-07 14:19:39.905793,45,12.496424674987791
2025-10-08 14:19:39.905793,45,12.929803848266602
2025-10-09 14:19:39.905793,45,13.192754745483398
2025-10-10 14:19:39.905793,45,12.894350051879885
2025-10-13 14:19:39.905793,45,12.49642562866211
2025-10-14 14:19:39.905793,45,12.929803848266602
2025-10-15 14:19:39.905793,45,13.192754745483398
2025-10-16 14:19:39.905793,45,12.894350051879885
2025-10-17 14:19:39.905793,45,12.496424674987791
2025-04-25 14:19:39.905793,46,5.5981645584106445
2025-04-28 14:19:39.905793,46,5.46092414855957
2025-04-29 14:19:39.905793,46,5.469426155090332
2025-04-30 14:19:39.905793,46,5.549497127532959
2025-05-01 14:19:39.905793,46,5.624571800231934
2025-05-02 14:19:39.905793,46,5.579614162445068
2025-05-05 14:19:39.905793,46,5.622193813323975
2025-05-06 14:19:39.905793,46,5.656434059143066
2025-05-07 14:19:39.905793,46,5.631162643432617
2025-05-08 14:19:39.905793,46,5.589251518249512
2025-05-09 14:19:39.905793,46,5.628881454467773
2025-05-12 14:19:39.905793,46,5.659589767456055
2025-05-13 14:19:39.905793,46,5.631525039672852
2025-05-14 14:19:39.905793,46,5.589766025543213
2025-05-15 14:19:39.905793,46,5.629147529602051
2025-05-16 14:19:39.905793,46,5.659688949584961
2025-05-19 14:19:39.905793,46,5.631541252136231
2025-05-20 14:19:39.905793,46,5.589789390563965
2025-05-21 14:19:39.905793,46,5.629157543182373
2025-05-22 14:19:39.905793,46,5.65969181060791
2025-05-23 14:19:39.905793,46,5.631541728973389
2025-05-26 14:19:39.905793,46,5.589790344238281
2025-05-27 14:19:39.905793,46,5.629158020019531
2025-05-28 14:19:39.905793,46,5.65969181060791
2025-05-29 14:19:39.905793,46,5.631541728973389
2025-05-30 14:19:39.905793,46,5.589790344238281
2025-06-02 14:19:39.905793,46,5.629157543182373
2025-06-03 14:19:39.905793,46,5.65969181060791
2025-06-04 14:19:39.905793,46,5.631541728973389
2025-06-05 14:19:39.905793,46,5.589790344238281
2025-06-06 14:19:39.905793,46,5.629158020019531
2025-06-09 14:19:39.905793,46,5.65969181060791
2025-06-10 14:19:39.905793,46,5.631541728973389
2025-06-11 14:19:39.905793,46,5.589790344238281
2025-06-12 14:19:39.905793,46,5.629157543182373
2025-06-13 14:19:39.905793,46,5.65969181060791
2025-06-16 14:19:39.905793,46,5.631541728973389
2025-06-17 14:19:39.905793,46,5.589790344238281
2025-06-18 14:19:39.905793,46,5.629158020019531
2025-06-19 14:19:39.905793,46,5.65969181060791
2025-06-20 14:19:39.905793,46,5.631541728973389
2025-06-23 14:19:39.905793,46,5.589790344238281
2025-06-24 14:19:39.905793,46,5.629157543182373
2025-06-25 14:19:39.905793,46,5.65969181060791
2025-06-26 14:19:39.905793,46,5.631541728973389
2025-06-27 14:19:39.905793,46,5.589790344238281
2025-06-30 14:19:39.905793,46,5.629158020019531
2025-07-01 14:19:39.905793,46,5.65969181060791
2025-07-02 14:19:39.905793,46,5.631541728973389
2025-07-03 14:19:39.905793,46,5.589790344238281
2025-07-04 14:19:39.905793,46,5.629157543182373
2025-07-07 14:19:39.905793,46,5.65969181060791
2025-07-08 14:19:39.905793,46,5.631541728973389
2025-07-09 14:19:39.905793,46,5.589790344238281
2025-07-10 14:19:39.905793,46,5.629158020019531
2025-07-11 14:19:39.905793,46,5.65969181060791
2025-07-14 14:19:39.905793,46,5.631541728973389
2025-07-15 14:19:39.905793,46,5.589790344238281
2025-07-16 14:19:39.905793,46,5.629157543182373
2025-07-17 14:19:39.905793,46,5.65969181060791
2025-07-18 14:19:39.905793,46,5.631541728973389
2025-07-21 14:19:39.905793,46,5.589790344238281
2025-07-22 14:19:39.905793,46,5.629158020019531
2025-07-23 14:19:39.905793,46,5.65969181060791
2025-07-24 14:19:39.905793,46,5.631541728973389
2025-07-25 14:19:39.905793,46,5.589790344238281
2025-07-28 14:19:39.905793,46,5.629157543182373
2025-07-29 14:19:39.905793,46,5.65969181060791
2025-07-30 14:19:39.905793,46,5.631541728973389
2025-07-31 14:19:39.905793,46,5.589790344238281
2025-08-01 14:19:39.905793,46,5.629158020019531
2025-08-04 14:19:39.905793,46,5.65969181060791
2025-08-05 14:19:39.905793,46,5.631541728973389
2025-08-06 14:19:39.905793,46,5.589790344238281
2025-08-07 14:19:39.905793,46,5.629157543182373
2025-08-08 14:19:39.905793,46,5.65969181060791
2025-08-11 14:19:39.905793,46,5.631541728973389
2025-08-12 14:19:39.905793,46,5.589790344238281
2025-08-13 14:19:39.905793,46,5.629158020019531
2025-08-14 14:19:39.905793,46,5.65969181060791
2025-08-15 14:19:39.905793,46,5.631541728973389
2025-08-18 14:19:39.905793,46,5.589790344238281
2025-08-19 14:19:39.905793,46,5.629157543182373
2025-08-20 14:19:39.905793,46,5.65969181060791
2025-08-21 14:19:39.905793,46,5.631541728973389
2025-08-22 14:19:39.905793,46,5.589790344238281
2025-08-25 14:19:39.905793,46,5.629158020019531
2025-08-26 14:19:39.905793,46,5.65969181060791
2025-08-27 14:19:39.905793,46,5.631541728973389
2025-08-28 14:19:39.905793,46,5.589790344238281
2025-08-29 14:19:39.905793,46,5.629157543182373
2025-09-01 14:19:39.905793,46,5.65969181060791
2025-09-02 14:19:39.905793,46,5.631541728973389
2025-09-03 14:19:39.905793,46,5.589790344238281
2025-09-04 14:19:39.905793,46,5.629158020019531
2025-09-05 14:19:39.905793,46,5.65969181060791
2025-09-08 14:19:39.905793,46,5.631541728973389
2025-09-09 14:19:39.905793,46,5.589790344238281
2025-09-10 14:19:39.905793,46,5.629157543182373
2025-09-11 14:19:39.905793,46,5.65969181060791
2025-09-12 14:19:39.905793,46,5.631541728973389
2025-09-15 14:19:39.905793,46,5.589790344238281
2025-09-16 14:19:39.905793,46,5.629158020019531
2025-09-17 14:19:39.905793,46,5.65969181060791
2025-09-18 14:19:39.905793,46,5.631541728973389
2025-09-19 14:19:39.905793,46,5.589790344238281
2025-09-22 14:19:39.905793,46,5.629157543182373
2025-09-23 14:19:39.905793,46,5.65969181060791
2025-09-24 14:19:39.905793,46,5.631541728973389
2025-09-25 14:19:39.905793,46,5.589790344238281
2025-09-26 14:19:39.905793,46,5.629158020019531
2025-09-29 14:19:39.905793,46,5.65969181060791
2025-09-30 14:19:39.905793,46,5.631541728973389
2025-10-01 14:19:39.905793,46,5.589790344238281
2025-10-02 14:19:39.905793,46,5.629157543182373
2025-10-03 14:19:39.905793,46,5.65969181060791
2025-10-06 14:19:39.905793,46,5.631541728973389
2025-10-07 14:19:39.905793,46,5.589790344238281
2025-10-08 14:19:39.905793,46,5.629158020019531
2025-10-09 14:19:39.905793,46,5.65969181060791
2025-10-10 14:19:39.905793,46,5.631541728973389
2025-10-13 14:19:39.905793,46,5.589790344238281
2025-10-14 14:19:39.905793,46,5.629157543182373
2025-10-15 14:19:39.905793,46,5.65969181060791
2025-10-16 14:19:39.905793,46,5.631541728973389
2025-10-17 14:19:39.905793,46,5.589790344238281
2025-04-25 14:19:39.905793,48,22.82422637939453
2025-04-28 14:19:39.905793,48,17.860702514648438
2025-04-29 14:19:39.905793,48,17.703208923339844
2025-04-30 14:19:39.905793,48,15.732746124267578
2025-05-01 14:19:39.905793,48,13.202814102172852
2025-05-02 14:19:39.905793,48,13.09774112701416
2025-05-05 14:19:39.905793,48,14.18988800048828
2025-05-06 14:19:39.905793,48,14.416897773742676
2025-05-07 14:19:39.905793,48,13.686897277832031
2025-05-08 14:19:39.905793,48,13.273345947265623
2025-05-09 14:19:39.905793,48,14.36423110961914
2025-05-12 14:19:39.905793,48,14.45722484588623
2025-05-13 14:19:39.905793,48,13.65805435180664
2025-05-14 14:19:39.905793,48,13.265423774719238
2025-05-15 14:19:39.905793,48,14.355077743530272
2025-05-16 14:19:39.905793,48,14.45628547668457
2025-05-19 14:19:39.905793,48,13.659673690795898
2025-05-20 14:19:39.905793,48,13.265810012817385
2025-05-21 14:19:39.905793,48,14.35552978515625
2025-05-22 14:19:39.905793,48,14.45627498626709
2025-05-23 14:19:39.905793,48,13.659584045410156
2025-05-26 14:19:39.905793,48,13.265790939331056
2025-05-27 14:19:39.905793,48,14.355506896972656
2025-05-28 14:19:39.905793,48,14.456279754638672
2025-05-29 14:19:39.905793,48,13.659591674804688
2025-05-30 14:19:39.905793,48,13.265793800354004
2025-06-02 14:19:39.905793,48,14.355507850646973
2025-06-03 14:19:39.905793,48,14.45627784729004
2025-06-04 14:19:39.905793,48,13.659590721130373
2025-06-05 14:19:39.905793,48,13.265793800354004
2025-06-06 14:19:39.905793,48,14.355508804321287
2025-06-09 14:19:39.905793,48,14.45627784729004
2025-06-10 14:19:39.905793,48,13.659591674804688
2025-06-11 14:19:39.905793,48,13.265792846679688
2025-06-12 14:19:39.905793,48,14.355508804321287
2025-06-13 14:19:39.905793,48,14.45627784729004
2025-06-16 14:19:39.905793,48,13.659591674804688
2025-06-17 14:19:39.905793,48,13.265792846679688
2025-06-18 14:19:39.905793,48,14.355508804321287
2025-06-19 14:19:39.905793,48,14.45627784729004
2025-06-20 14:19:39.905793,48,13.659591674804688
2025-06-23 14:19:39.905793,48,13.265792846679688
2025-06-24 14:19:39.905793,48,14.355508804321287
2025-06-25 14:19:39.905793,48,14.45627784729004
2025-06-26 14:19:39.905793,48,13.659591674804688
2025-06-27 14:19:39.905793,48,13.265792846679688
2025-06-30 14:19:39.905793,48,14.355508804321287
2025-07-01 14:19:39.905793,48,14.45627784729004
2025-07-02 14:19:39.905793,48,13.659591674804688
2025-07-03 14:19:39.905793,48,13.265792846679688
2025-07-04 14:19:39.905793,48,14.355508804321287
2025-07-07 14:19:39.905793,48,14.45627784729004
2025-07-08 14:19:39.905793,48,13.659591674804688
2025-07-09 14:19:39.905793,48,13.265792846679688
2025-07-10 14:19:39.905793,48,14.355508804321287
2025-07-11 14:19:39.905793,48,14.45627784729004
2025-07-14 14:19:39.905793,48,13.659591674804688
2025-07-15 14:19:39.905793,48,13.265792846679688
2025-07-16 14:19:39.905793,48,14.355508804321287
2025-07-17 14:19:39.905793,48,14.45627784729004
2025-07-18 14:19:39.905793,48,13.659591674804688
2025-07-21 14:19:39.905793,48,13.265792846679688
2025-07-22 14:19:39.905793,48,14.355508804321287
2025-07-23 14:19:39.905793,48,14.45627784729004
2025-07-24 14:19:39.905793,48,13.659591674804688
2025-07-25 14:19:39.905793,48,13.265792846679688
2025-07-28 14:19:39.905793,48,14.355508804321287
2025-07-29 14:19:39.905793,48,14.45627784729004
2025-07-30 14:19:39.905793,48,13.659591674804688
2025-07-31 14:19:39.905793,48,13.265792846679688
2025-08-01 14:19:39.905793,48,14.355508804321287
2025-08-04 14:19:39.905793,48,14.45627784729004
2025-08-05 14:19:39.905793,48,13.659591674804688
2025-08-06 14:19:39.905793,48,13.265792846679688
2025-08-07 14:19:39.905793,48,14.355508804321287
2025-08-08 14:19:39.905793,48,14.45627784729004
2025-08-11 14:19:39.905793,48,13.659591674804688
2025-08-12 14:19:39.905793,48,13.265792846679688
2025-08-13 14:19:39.905793,48,14.355508804321287
2025-08-14 14:19:39.905793,48,14.45627784729004
2025-08-15 14:19:39.905793,48,13.659591674804688
2025-08-18 14:19:39.905793,48,13.265792846679688
2025-08-19 14:19:39.905793,48,14.355508804321287
2025-08-20 14:19:39.905793,48,14.45627784729004
2025-08-21 14:19:39.905793,48,13.659591674804688
2025-08-22 14:19:39.905793,48,13.265792846679688
2025-08-25 14:19:39.905793,48,14.355508804321287
2025-08-26 14:19:39.905793,48,14.45627784729004
2025-08-27 14:19:39.905793,48,13.659591674804688
2025-08-28 14:19:39.905793,48,13.265792846679688
2025-08-29 14:19:39.905793,48,14.355508804321287
2025-09-01 14:19:39.905793,48,14.45627784729004
2025-09-02 14:19:39.905793,48,13.659591674804688
2025-09-03 14:19:39.905793,48,13.265792846679688
2025-09-04 14:19:39.905793,48,14.355508804321287
2025-09-05 14:19:39.905793,48,14.45627784729004
2025-09-08 14:19:39.905793,48,13.659591674804688
2025-09-09 14:19:39.905793,48,13.265792846679688
2025-09-10 14:19:39.905793,48,14.355508804321287
2025-09-11 14:19:39.905793,48,14.45627784729004
2025-09-12 14:19:39.905793,48,13.659591674804688
2025-09-15 14:19:39.905793,48,13.265792846679688
2025-09-16 14:19:39.905793,48,14.355508804321287
2025-09-17 14:19:39.905793,48,14.45627784729004
2025-09-18 14:19:39.905793,48,13.659591674804688
2025-09-19 14:19:39.905793,48,13.265792846679688
2025-09-22 14:19:39.905793,48,14.355508804321287
2025-09-23 14:19:39.905793,48,14.45627784729004
2025-09-24 14:19:39.905793,48,13.659591674804688
2025-09-25 14:19:39.905793,48,13.265792846679688
2025-09-26 14:19:39.905793,48,14.355508804321287
2025-09-29 14:19:39.905793,48,14.45627784729004
2025-09-30 14:19:39.905793,48,13.659591674804688
2025-10-01 14:19:39.905793,48,13.265792846679688
2025-10-02 14:19:39.905793,48,14.355508804321287
2025-10-03 14:19:39.905793,48,14.45627784729004
2025-10-06 14:19:39.905793,48,13.659591674804688
2025-10-07 14:19:39.905793,48,13.265792846679688
2025-10-08 14:19:39.905793,48,14.355508804321287
2025-10-09 14:19:39.905793,48,14.45627784729004
2025-10-10 14:19:39.905793,48,13.659591674804688
2025-10-13 14:19:39.905793,48,13.265792846679688
2025-10-14 14:19:39.905793,48,14.355508804321287
2025-10-15 14:19:39.905793,48,14.45627784729004
2025-10-16 14:19:39.905793,48,13.659591674804688
2025-10-17 14:19:39.905793,48,13.265792846679688
2025-04-25 14:19:39.905793,49,7.890830993652344
2025-04-28 14:19:39.905793,49,7.896899223327637
2025-04-29 14:19:39.905793,49,8.068500518798828
2025-04-30 14:19:39.905793,49,9.659921646118164
2025-05-01 14:19:39.905793,49,10.798879623413086
2025-05-02 14:19:39.905793,49,10.891719818115234
2025-05-05 14:19:39.905793,49,11.231322288513184
2025-05-06 14:19:39.905793,49,12.659313201904297
2025-05-07 14:19:39.905793,49,12.544410705566406
2025-05-08 14:19:39.905793,49,12.60791301727295
2025-05-09 14:19:39.905793,49,12.86001205444336
2025-05-12 14:19:39.905793,49,13.52047634124756
2025-05-13 14:19:39.905793,49,12.9381685256958
2025-05-14 14:19:39.905793,49,12.91286277770996
2025-05-15 14:19:39.905793,49,13.156295776367188
2025-05-16 14:19:39.905793,49,13.594873428344728
2025-05-19 14:19:39.905793,49,12.965656280517578
2025-05-20 14:19:39.905793,49,12.936266899108888
2025-05-21 14:19:39.905793,49,13.186811447143556
2025-05-22 14:19:39.905793,49,13.599525451660156
2025-05-23 14:19:39.905793,49,12.967766761779783
2025-05-26 14:19:39.905793,49,12.93813419342041
2025-05-27 14:19:39.905793,49,13.18958854675293
2025-05-28 14:19:39.905793,49,13.5999174118042
2025-05-29 14:19:39.905793,49,12.9679536819458
2025-05-30 14:19:39.905793,49,12.938299179077148
2025-06-02 14:19:39.905793,49,13.189837455749512
2025-06-03 14:19:39.905793,49,13.599950790405272
2025-06-04 14:19:39.905793,49,12.967971801757812
2025-06-05 14:19:39.905793,49,12.938312530517578
2025-06-06 14:19:39.905793,49,13.189858436584473
2025-06-09 14:19:39.905793,49,13.599955558776855
2025-06-10 14:19:39.905793,49,12.967971801757812
2025-06-11 14:19:39.905793,49,12.938315391540527
2025-06-12 14:19:39.905793,49,13.189861297607422
2025-06-13 14:19:39.905793,49,13.59995460510254
2025-06-16 14:19:39.905793,49,12.967972755432127
2025-06-17 14:19:39.905793,49,12.938314437866213
2025-06-18 14:19:39.905793,49,13.189861297607422
2025-06-19 14:19:39.905793,49,13.59995460510254
2025-06-20 14:19:39.905793,49,12.967972755432127
2025-06-23 14:19:39.905793,49,12.938314437866213
2025-06-24 14:19:39.905793,49,13.189861297607422
2025-06-25 14:19:39.905793,49,13.59995460510254
2025-06-26 14:19:39.905793,49,12.967972755432127
2025-06-27 14:19:39.905793,49,12.938314437866213
2025-06-30 14:19:39.905793,49,13.189861297607422
2025-07-01 14:19:39.905793,49,13.59995460510254
2025-07-02 14:19:39.905793,49,12.967972755432127
2025-07-03 14:19:39.905793,49,12.938314437866213
2025-07-04 14:19:39.905793,49,13.189861297607422
2025-07-07 14:19:39.905793,49,13.59995460510254
2025-07-08 14:19:39.905793,49,12.967972755432127
2025-07-09 14:19:39.905793,49,12.938314437866213
2025-07-10 14:19:39.905793,49,13.189861297607422
2025-07-11 14:19:39.905793,49,13.59995460510254
2025-07-14 14:19:39.905793,49,12.967972755432127
2025-07-15 14:19:39.905793,49,12.938314437866213
2025-07-16 14:19:39.905793,49,13.189861297607422
2025-07-17 14:19:39.905793,49,13.59995460510254
2025-07-18 14:19:39.905793,49,12.967972755432127
2025-07-21 14:19:39.905793,49,12.938314437866213
2025-07-22 14:19:39.905793,49,13.189861297607422
2025-07-23 14:19:39.905793,49,13.59995460510254
2025-07-24 14:19:39.905793,49,12.967972755432127
2025-07-25 14:19:39.905793,49,12.938314437866213
2025-07-28 14:19:39.905793,49,13.189861297607422
2025-07-29 14:19:39.905793,49,13.59995460510254
2025-07-30 14:19:39.905793,49,12.967972755432127
2025-07-31 14:19:39.905793,49,12.938314437866213
2025-08-01 14:19:39.905793,49,13.189861297607422
2025-08-04 14:19:39.905793,49,13.59995460510254
2025-08-05 14:19:39.905793,49,12.967972755432127
2025-08-06 14:19:39.905793,49,12.938314437866213
2025-08-07 14:19:39.905793,49,13.189861297607422
2025-08-08 14:19:39.905793,49,13.59995460510254
2025-08-11 14:19:39.905793,49,12.967972755432127
2025-08-12 14:19:39.905793,49,12.938314437866213
2025-08-13 14:19:39.905793,49,13.189861297607422
2025-08-14 14:19:39.905793,49,13.59995460510254
2025-08-15 14:19:39.905793,49,12.967972755432127
2025-08-18 14:19:39.905793,49,12.938314437866213
2025-08-19 14:19:39.905793,49,13.189861297607422
2025-08-20 14:19:39.905793,49,13.59995460510254
2025-08-21 14:19:39.905793,49,12.967972755432127
2025-08-22 14:19:39.905793,49,12.938314437866213
2025-08-25 14:19:39.905793,49,13.189861297607422
2025-08-26 14:19:39.905793,49,13.59995460510254
2025-08-27 14:19:39.905793,49,12.967972755432127
2025-08-28 14:19:39.905793,49,12.938314437866213
2025-08-29 14:19:39.905793,49,13.189861297607422
2025-09-01 14:19:39.905793,49,13.59995460510254
2025-09-02 14:19:39.905793,49,12.967972755432127
2025-09-03 14:19:39.905793,49,12.938314437866213
2025-09-04 14:19:39.905793,49,13.189861297607422
2025-09-05 14:19:39.905793,49,13.59995460510254
2025-09-08 14:19:39.905793,49,12.967972755432127
2025-09-09 14:19:39.905793,49,12.938314437866213
2025-09-10 14:19:39.905793,49,13.189861297607422
2025-09-11 14:19:39.905793,49,13.59995460510254
2025-09-12 14:19:39.905793,49,12.967972755432127
2025-09-15 14:19:39.905793,49,12.938314437866213
2025-09-16 14:19:39.905793,49,13.189861297607422
2025-09-17 14:19:39.905793,49,13.59995460510254
2025-09-18 14:19:39.905793,49,12.967972755432127
2025-09-19 14:19:39.905793,49,12.938314437866213
2025-09-22 14:19:39.905793,49,13.189861297607422
2025-09-23 14:19:39.905793,49,13.59995460510254
2025-09-24 14:19:39.905793,49,12.967972755432127
2025-09-25 14:19:39.905793,49,12.938314437866213
2025-09-26 14:19:39.905793,49,13.189861297607422
2025-09-29 14:19:39.905793,49,13.59995460510254
2025-09-30 14:19:39.905793,49,12.967972755432127
2025-10-01 14:19:39.905793,49,12.938314437866213
2025-10-02 14:19:39.905793,49,13.189861297607422
2025-10-03 14:19:39.905793,49,13.59995460510254
2025-10-06 14:19:39.905793,49,12.967972755432127
2025-10-07 14:19:39.905793,49,12.938314437866213
2025-10-08 14:19:39.905793,49,13.189861297607422
2025-10-09 14:19:39.905793,49,13.59995460510254
2025-10-10 14:19:39.905793,49,12.967972755432127
2025-10-13 14:19:39.905793,49,12.938314437866213
2025-10-14 14:19:39.905793,49,13.189861297607422
2025-10-15 14:19:39.905793,49,13.59995460510254
2025-10-16 14:19:39.905793,49,12.967972755432127
2025-10-17 14:19:39.905793,49,12.938314437866213
2025-04-25 14:19:39.905793,50,5.830389499664307
2025-04-28 14:19:39.905793,50,5.681123733520508
2025-04-29 14:19:39.905793,50,5.785340785980225
2025-04-30 14:19:39.905793,50,5.759427070617676
2025-05-01 14:19:39.905793,50,5.729404449462891
2025-05-02 14:19:39.905793,50,5.5836687088012695
2025-05-05 14:19:39.905793,50,5.732356548309326
2025-05-06 14:19:39.905793,50,5.742170810699463
2025-05-07 14:19:39.905793,50,5.732901573181152
2025-05-08 14:19:39.905793,50,5.585020542144775
2025-05-09 14:19:39.905793,50,5.732840538024902
2025-05-12 14:19:39.905793,50,5.742215156555176
2025-05-13 14:19:39.905793,50,5.732819557189941
2025-05-14 14:19:39.905793,50,5.585002899169922
2025-05-15 14:19:39.905793,50,5.73283576965332
2025-05-16 14:19:39.905793,50,5.742216110229492
2025-05-19 14:19:39.905793,50,5.732821464538574
2025-05-20 14:19:39.905793,50,5.58500337600708
2025-05-21 14:19:39.905793,50,5.732836246490479
2025-05-22 14:19:39.905793,50,5.74221658706665
2025-05-23 14:19:39.905793,50,5.732821464538574
2025-05-26 14:19:39.905793,50,5.585002899169922
2025-05-27 14:19:39.905793,50,5.73283576965332
2025-05-28 14:19:39.905793,50,5.742216110229492
2025-05-29 14:19:39.905793,50,5.732821464538574
2025-05-30 14:19:39.905793,50,5.58500337600708
2025-06-02 14:19:39.905793,50,5.732836246490479
2025-06-03 14:19:39.905793,50,5.74221658706665
2025-06-04 14:19:39.905793,50,5.732821464538574
2025-06-05 14:19:39.905793,50,5.585002899169922
2025-06-06 14:19:39.905793,50,5.73283576965332
2025-06-09 14:19:39.905793,50,5.742216110229492
2025-06-10 14:19:39.905793,50,5.732821464538574
2025-06-11 14:19:39.905793,50,5.58500337600708
2025-06-12 14:19:39.905793,50,5.732836246490479
2025-06-13 14:19:39.905793,50,5.74221658706665
2025-06-16 14:19:39.905793,50,5.732821464538574
2025-06-17 14:19:39.905793,50,5.585002899169922
2025-06-18 14:19:39.905793,50,5.73283576965332
2025-06-19 14:19:39.905793,50,5.742216110229492
2025-06-20 14:19:39.905793,50,5.732821464538574
2025-06-23 14:19:39.905793,50,5.58500337600708
2025-06-24 14:19:39.905793,50,5.732836246490479
2025-06-25 14:19:39.905793,50,5.74221658706665
2025-06-26 14:19:39.905793,50,5.732821464538574
2025-06-27 14:19:39.905793,50,5.585002899169922
2025-06-30 14:19:39.905793,50,5.73283576965332
2025-07-01 14:19:39.905793,50,5.742216110229492
2025-07-02 14:19:39.905793,50,5.732821464538574
2025-07-03 14:19:39.905793,50,5.58500337600708
2025-07-04 14:19:39.905793,50,5.732836246490479
2025-07-07 14:19:39.905793,50,5.74221658706665
2025-07-08 14:19:39.905793,50,5.732821464538574
2025-07-09 14:19:39.905793,50,5.585002899169922
2025-07-10 14:19:39.905793,50,5.73283576965332
2025-07-11 14:19:39.905793,50,5.742216110229492
2025-07-14 14:19:39.905793,50,5.732821464538574
2025-07-15 14:19:39.905793,50,5.58500337600708
2025-07-16 14:19:39.905793,50,5.732836246490479
2025-07-17 14:19:39.905793,50,5.74221658706665
2025-07-18 14:19:39.905793,50,5.732821464538574
2025-07-21 14:19:39.905793,50,5.585002899169922
2025-07-22 14:19:39.905793,50,5.73283576965332
2025-07-23 14:19:39.905793,50,5.742216110229492
2025-07-24 14:19:39.905793,50,5.732821464538574
2025-07-25 14:19:39.905793,50,5.58500337600708
2025-07-28 14:19:39.905793,50,5.732836246490479
2025-07-29 14:19:39.905793,50,5.74221658706665
2025-07-30 14:19:39.905793,50,5.732821464538574
2025-07-31 14:19:39.905793,50,5.585002899169922
2025-08-01 14:19:39.905793,50,5.73283576965332
2025-08-04 14:19:39.905793,50,5.742216110229492
2025-08-05 14:19:39.905793,50,5.732821464538574
2025-08-06 14:19:39.905793,50,5.58500337600708
2025-08-07 14:19:39.905793,50,5.732836246490479
2025-08-08 14:19:39.905793,50,5.74221658706665
2025-08-11 14:19:39.905793,50,5.732821464538574
2025-08-12 14:19:39.905793,50,5.585002899169922
2025-08-13 14:19:39.905793,50,5.73283576965332
2025-08-14 14:19:39.905793,50,5.742216110229492
2025-08-15 14:19:39.905793,50,5.732821464538574
2025-08-18 14:19:39.905793,50,5.58500337600708
2025-08-19 14:19:39.905793,50,5.732836246490479
2025-08-20 14:19:39.905793,50,5.74221658706665
2025-08-21 14:19:39.905793,50,5.732821464538574
2025-08-22 14:19:39.905793,50,5.585002899169922
2025-08-25 14:19:39.905793,50,5.73283576965332
2025-08-26 14:19:39.905793,50,5.742216110229492
2025-08-27 14:19:39.905793,50,5.732821464538574
2025-08-28 14:19:39.905793,50,5.58500337600708
2025-08-29 14:19:39.905793,50,5.732836246490479
2025-09-01 14:19:39.905793,50,5.74221658706665
2025-09-02 14:19:39.905793,50,5.732821464538574
2025-09-03 14:19:39.905793,50,5.585002899169922
2025-09-04 14:19:39.905793,50,5.73283576965332
2025-09-05 14:19:39.905793,50,5.742216110229492
2025-09-08 14:19:39.905793,50,5.732821464538574
2025-09-09 14:19:39.905793,50,5.58500337600708
2025-09-10 14:19:39.905793,50,5.732836246490479
2025-09-11 14:19:39.905793,50,5.74221658706665
2025-09-12 14:19:39.905793,50,5.732821464538574
2025-09-15 14:19:39.905793,50,5.585002899169922
2025-09-16 14:19:39.905793,50,5.73283576965332
2025-09-17 14:19:39.905793,50,5.742216110229492
2025-09-18 14:19:39.905793,50,5.732821464538574
2025-09-19 14:19:39.905793,50,5.58500337600708
2025-09-22 14:19:39.905793,50,5.732836246490479
2025-09-23 14:19:39.905793,50,5.74221658706665
2025-09-24 14:19:39.905793,50,5.732821464538574
2025-09-25 14:19:39.905793,50,5.585002899169922
2025-09-26 14:19:39.905793,50,5.73283576965332
2025-09-29 14:19:39.905793,50,5.742216110229492
2025-09-30 14:19:39.905793,50,5.732821464538574
2025-10-01 14:19:39.905793,50,5.58500337600708
2025-10-02 14:19:39.905793,50,5.732836246490479
2025-10-03 14:19:39.905793,50,5.74221658706665
2025-10-06 14:19:39.905793,50,5.732821464538574
2025-10-07 14:19:39.905793,50,5.585002899169922
2025-10-08 14:19:39.905793,50,5.73283576965332
2025-10-09 14:19:39.905793,50,5.742216110229492
2025-10-10 14:19:39.905793,50,5.732821464538574
2025-10-13 14:19:39.905793,50,5.58500337600708
2025-10-14 14:19:39.905793,50,5.732836246490479
2025-10-15 14:19:39.905793,50,5.74221658706665
2025-10-16 14:19:39.905793,50,5.732821464538574
2025-10-17 14:19:39.905793,50,5.585002899169922
2025-04-25 14:19:39.905793,51,5.127168655395508
2025-04-28 14:19:39.905793,51,4.759959220886231
2025-04-29 14:19:39.905793,51,4.490351676940918
2025-04-30 14:19:39.905793,51,5.269002437591553
2025-05-01 14:19:39.905793,51,7.5359697341918945
2025-05-02 14:19:39.905793,51,6.5232038497924805
2025-05-05 14:19:39.905793,51,6.313392162322998
2025-05-06 14:19:39.905793,51,7.249220848083496
2025-05-07 14:19:39.905793,51,9.505526542663574
2025-05-08 14:19:39.905793,51,8.541729927062988
2025-05-09 14:19:39.905793,51,8.445560455322266
2025-05-12 14:19:39.905793,51,9.40143585205078
2025-05-13 14:19:39.905793,51,11.048942565917969
2025-05-14 14:19:39.905793,51,10.327661514282228
2025-05-15 14:19:39.905793,51,10.263126373291016
2025-05-16 14:19:39.905793,51,10.64883804321289
2025-05-19 14:19:39.905793,51,11.671960830688477
2025-05-20 14:19:39.905793,51,10.941088676452637
2025-05-21 14:19:39.905793,51,10.930543899536133
2025-05-22 14:19:39.905793,51,10.990949630737305
2025-05-23 14:19:39.905793,51,11.80072784423828
2025-05-26 14:19:39.905793,51,11.053357124328612
2025-05-27 14:19:39.905793,51,11.077103614807127
2025-05-28 14:19:39.905793,51,11.058430671691896
2025-05-29 14:19:39.905793,51,11.822057723999023
2025-05-30 14:19:39.905793,51,11.071627616882324
2025-06-02 14:19:39.905793,51,11.104276657104492
2025-06-03 14:19:39.905793,51,11.070451736450195
2025-06-04 14:19:39.905793,51,11.825626373291016
2025-06-05 14:19:39.905793,51,11.074699401855469
2025-06-06 14:19:39.905793,51,11.109092712402344
2025-06-09 14:19:39.905793,51,11.07254123687744
2025-06-10 14:19:39.905793,51,11.82624053955078
2025-06-11 14:19:39.905793,51,11.075227737426758
2025-06-12 14:19:39.905793,51,11.109933853149414
2025-06-13 14:19:39.905793,51,11.072903633117676
2025-06-16 14:19:39.905793,51,11.826346397399902
2025-06-17 14:19:39.905793,51,11.075319290161133
2025-06-18 14:19:39.905793,51,11.110081672668455
2025-06-19 14:19:39.905793,51,11.072965621948242
2025-06-20 14:19:39.905793,51,11.826363563537598
2025-06-23 14:19:39.905793,51,11.075334548950195
2025-06-24 14:19:39.905793,51,11.110106468200684
2025-06-25 14:19:39.905793,51,11.072976112365724
2025-06-26 14:19:39.905793,51,11.826366424560549
2025-06-27 14:19:39.905793,51,11.07533836364746
2025-06-30 14:19:39.905793,51,11.110111236572266
2025-07-01 14:19:39.905793,51,11.07297706604004
2025-07-02 14:19:39.905793,51,11.826367378234863
2025-07-03 14:19:39.905793,51,11.07533836364746
2025-07-04 14:19:39.905793,51,11.110111236572266
2025-07-07 14:19:39.905793,51,11.07297706604004
2025-07-08 14:19:39.905793,51,11.826367378234863
2025-07-09 14:19:39.905793,51,11.07533836364746
2025-07-10 14:19:39.905793,51,11.110111236572266
2025-07-11 14:19:39.905793,51,11.07297706604004
2025-07-14 14:19:39.905793,51,11.826367378234863
2025-07-15 14:19:39.905793,51,11.07533836364746
2025-07-16 14:19:39.905793,51,11.110111236572266
2025-07-17 14:19:39.905793,51,11.07297706604004
2025-07-18 14:19:39.905793,51,11.826367378234863
2025-07-21 14:19:39.905793,51,11.07533836364746
2025-07-22 14:19:39.905793,51,11.110111236572266
2025-07-23 14:19:39.905793,51,11.07297706604004
2025-07-24 14:19:39.905793,51,11.826367378234863
2025-07-25 14:19:39.905793,51,11.07533836364746
2025-07-28 14:19:39.905793,51,11.110111236572266
2025-07-29 14:19:39.905793,51,11.07297706604004
2025-07-30 14:19:39.905793,51,11.826367378234863
2025-07-31 14:19:39.905793,51,11.07533836364746
2025-08-01 14:19:39.905793,51,11.110111236572266
2025-08-04 14:19:39.905793,51,11.07297706604004
2025-08-05 14:19:39.905793,51,11.826367378234863
2025-08-06 14:19:39.905793,51,11.07533836364746
2025-08-07 14:19:39.905793,51,11.110111236572266
2025-08-08 14:19:39.905793,51,11.07297706604004
2025-08-11 14:19:39.905793,51,11.826367378234863
2025-08-12 14:19:39.905793,51,11.07533836364746
2025-08-13 14:19:39.905793,51,11.110111236572266
2025-08-14 14:19:39.905793,51,11.07297706604004
2025-08-15 14:19:39.905793,51,11.826367378234863
2025-08-18 14:19:39.905793,51,11.07533836364746
2025-08-19 14:19:39.905793,51,11.110111236572266
2025-08-20 14:19:39.905793,51,11.07297706604004
2025-08-21 14:19:39.905793,51,11.826367378234863
2025-08-22 14:19:39.905793,51,11.07533836364746
2025-08-25 14:19:39.905793,51,11.110111236572266
2025-08-26 14:19:39.905793,51,11.07297706604004
2025-08-27 14:19:39.905793,51,11.826367378234863
2025-08-28 14:19:39.905793,51,11.07533836364746
2025-08-29 14:19:39.905793,51,11.110111236572266
2025-09-01 14:19:39.905793,51,11.07297706604004
2025-09-02 14:19:39.905793,51,11.826367378234863
2025-09-03 14:19:39.905793,51,11.07533836364746
2025-09-04 14:19:39.905793,51,11.110111236572266
2025-09-05 14:19:39.905793,51,11.07297706604004
2025-09-08 14:19:39.905793,51,11.826367378234863
2025-09-09 14:19:39.905793,51,11.07533836364746
2025-09-10 14:19:39.905793,51,11.110111236572266
2025-09-11 14:19:39.905793,51,11.07297706604004
2025-09-12 14:19:39.905793,51,11.826367378234863
2025-09-15 14:19:39.905793,51,11.07533836364746
2025-09-16 14:19:39.905793,51,11.110111236572266
2025-09-17 14:19:39.905793,51,11.07297706604004
2025-09-18 14:19:39.905793,51,11.826367378234863
2025-09-19 14:19:39.905793,51,11.07533836364746
2025-09-22 14:19:39.905793,51,11.110111236572266
2025-09-23 14:19:39.905793,51,11.07297706604004
2025-09-24 14:19:39.905793,51,11.826367378234863
2025-09-25 14:19:39.905793,51,11.07533836364746
2025-09-26 14:19:39.905793,51,11.110111236572266
2025-09-29 14:19:39.905793,51,11.07297706604004
2025-09-30 14:19:39.905793,51,11.826367378234863
2025-10-01 14:19:39.905793,51,11.07533836364746
2025-10-02 14:19:39.905793,51,11.110111236572266
2025-10-03 14:19:39.905793,51,11.07297706604004
2025-10-06 14:19:39.905793,51,11.826367378234863
2025-10-07 14:19:39.905793,51,11.07533836364746
2025-10-08 14:19:39.905793,51,11.110111236572266
2025-10-09 14:19:39.905793,51,11.07297706604004
2025-10-10 14:19:39.905793,51,11.826367378234863
2025-10-13 14:19:39.905793,51,11.07533836364746
2025-10-14 14:19:39.905793,51,11.110111236572266
2025-10-15 14:19:39.905793,51,11.07297706604004
2025-10-16 14:19:39.905793,51,11.826367378234863
2025-10-17 14:19:39.905793,51,11.07533836364746
2025-04-25 14:19:39.905793,52,10.04617691040039
2025-04-28 14:19:39.905793,52,10.537216186523438
2025-04-29 14:19:39.905793,52,11.811002731323242
2025-04-30 14:19:39.905793,52,13.81558322906494
2025-05-01 14:19:39.905793,52,13.645649909973145
2025-05-02 14:19:39.905793,52,13.479501724243164
2025-05-05 14:19:39.905793,52,13.74445915222168
2025-05-06 14:19:39.905793,52,14.077112197875977
2025-05-07 14:19:39.905793,52,13.58698272705078
2025-05-08 14:19:39.905793,52,13.343812942504885
2025-05-09 14:19:39.905793,52,13.699195861816406
2025-05-12 14:19:39.905793,52,14.05959129333496
2025-05-13 14:19:39.905793,52,13.58949375152588
2025-05-14 14:19:39.905793,52,13.349483489990234
2025-05-15 14:19:39.905793,52,13.70038604736328
2025-05-16 14:19:39.905793,52,14.060641288757324
2025-05-19 14:19:39.905793,52,13.589384078979492
2025-05-20 14:19:39.905793,52,13.349275588989258
2025-05-21 14:19:39.905793,52,13.700360298156738
2025-05-22 14:19:39.905793,52,14.060585021972656
2025-05-23 14:19:39.905793,52,13.58938980102539
2025-05-26 14:19:39.905793,52,13.349281311035156
2025-05-27 14:19:39.905793,52,13.700361251831056
2025-05-28 14:19:39.905793,52,14.060586929321287
2025-05-29 14:19:39.905793,52,13.589387893676758
2025-05-30 14:19:39.905793,52,13.349282264709473
2025-06-02 14:19:39.905793,52,13.700361251831056
2025-06-03 14:19:39.905793,52,14.060586929321287
2025-06-04 14:19:39.905793,52,13.589387893676758
2025-06-05 14:19:39.905793,52,13.349283218383787
2025-06-06 14:19:39.905793,52,13.700360298156738
2025-06-09 14:19:39.905793,52,14.060586929321287
2025-06-10 14:19:39.905793,52,13.589387893676758
2025-06-11 14:19:39.905793,52,13.349282264709473
2025-06-12 14:19:39.905793,52,13.700361251831056
2025-06-13 14:19:39.905793,52,14.060586929321287
2025-06-16 14:19:39.905793,52,13.589387893676758
2025-06-17 14:19:39.905793,52,13.349283218383787
2025-06-18 14:19:39.905793,52,13.700360298156738
2025-06-19 14:19:39.905793,52,14.060586929321287
2025-06-20 14:19:39.905793,52,13.589387893676758
2025-06-23 14:19:39.905793,52,13.349282264709473
2025-06-24 14:19:39.905793,52,13.700361251831056
2025-06-25 14:19:39.905793,52,14.060586929321287
2025-06-26 14:19:39.905793,52,13.589387893676758
2025-06-27 14:19:39.905793,52,13.349283218383787
2025-06-30 14:19:39.905793,52,13.700360298156738
2025-07-01 14:19:39.905793,52,14.060586929321287
2025-07-02 14:19:39.905793,52,13.589387893676758
2025-07-03 14:19:39.905793,52,13.349282264709473
2025-07-04 14:19:39.905793,52,13.700361251831056
2025-07-07 14:19:39.905793,52,14.060586929321287
2025-07-08 14:19:39.905793,52,13.589387893676758
2025-07-09 14:19:39.905793,52,13.349283218383787
2025-07-10 14:19:39.905793,52,13.700360298156738
2025-07-11 14:19:39.905793,52,14.060586929321287
2025-07-14 14:19:39.905793,52,13.589387893676758
2025-07-15 14:19:39.905793,52,13.349282264709473
2025-07-16 14:19:39.905793,52,13.700361251831056
2025-07-17 14:19:39.905793,52,14.060586929321287
2025-07-18 14:19:39.905793,52,13.589387893676758
2025-07-21 14:19:39.905793,52,13.349283218383787
2025-07-22 14:19:39.905793,52,13.700360298156738
2025-07-23 14:19:39.905793,52,14.060586929321287
2025-07-24 14:19:39.905793,52,13.589387893676758
2025-07-25 14:19:39.905793,52,13.349282264709473
2025-07-28 14:19:39.905793,52,13.700361251831056
2025-07-29 14:19:39.905793,52,14.060586929321287
2025-07-30 14:19:39.905793,52,13.589387893676758
2025-07-31 14:19:39.905793,52,13.349283218383787
2025-08-01 14:19:39.905793,52,13.700360298156738
2025-08-04 14:19:39.905793,52,14.060586929321287
2025-08-05 14:19:39.905793,52,13.589387893676758
2025-08-06 14:19:39.905793,52,13.349282264709473
2025-08-07 14:19:39.905793,52,13.700361251831056
2025-08-08 14:19:39.905793,52,14.060586929321287
2025-08-11 14:19:39.905793,52,13.589387893676758
2025-08-12 14:19:39.905793,52,13.349283218383787
2025-08-13 14:19:39.905793,52,13.700360298156738
2025-08-14 14:19:39.905793,52,14.060586929321287
2025-08-15 14:19:39.905793,52,13.589387893676758
2025-08-18 14:19:39.905793,52,13.349282264709473
2025-08-19 14:19:39.905793,52,13.700361251831056
2025-08-20 14:19:39.905793,52,14.060586929321287
2025-08-21 14:19:39.905793,52,13.589387893676758
2025-08-22 14:19:39.905793,52,13.349283218383787
2025-08-25 14:19:39.905793,52,13.700360298156738
2025-08-26 14:19:39.905793,52,14.060586929321287
2025-08-27 14:19:39.905793,52,13.589387893676758
2025-08-28 14:19:39.905793,52,13.349282264709473
2025-08-29 14:19:39.905793,52,13.700361251831056
2025-09-01 14:19:39.905793,52,14.060586929321287
2025-09-02 14:19:39.905793,52,13.589387893676758
2025-09-03 14:19:39.905793,52,13.349283218383787
2025-09-04 14:19:39.905793,52,13.700360298156738
2025-09-05 14:19:39.905793,52,14.060586929321287
2025-09-08 14:19:39.905793,52,13.589387893676758
2025-09-09 14:19:39.905793,52,13.349282264709473
2025-09-10 14:19:39.905793,52,13.700361251831056
2025-09-11 14:19:39.905793,52,14.060586929321287
2025-09-12 14:19:39.905793,52,13.589387893676758
2025-09-15 14:19:39.905793,52,13.349283218383787
2025-09-16 14:19:39.905793,52,13.700360298156738
2025-09-17 14:19:39.905793,52,14.060586929321287
2025-09-18 14:19:39.905793,52,13.589387893676758
2025-09-19 14:19:39.905793,52,13.349282264709473
2025-09-22 14:19:39.905793,52,13.700361251831056
2025-09-23 14:19:39.905793,52,14.060586929321287
2025-09-24 14:19:39.905793,52,13.589387893676758
2025-09-25 14:19:39.905793,52,13.349283218383787
2025-09-26 14:19:39.905793,52,13.700360298156738
2025-09-29 14:19:39.905793,52,14.060586929321287
2025-09-30 14:19:39.905793,52,13.589387893676758
2025-10-01 14:19:39.905793,52,13.349282264709473
2025-10-02 14:19:39.905793,52,13.700361251831056
2025-10-03 14:19:39.905793,52,14.060586929321287
2025-10-06 14:19:39.905793,52,13.589387893676758
2025-10-07 14:19:39.905793,52,13.349283218383787
2025-10-08 14:19:39.905793,52,13.700360298156738
2025-10-09 14:19:39.905793,52,14.060586929321287
2025-10-10 14:19:39.905793,52,13.589387893676758
2025-10-13 14:19:39.905793,52,13.349282264709473
2025-10-14 14:19:39.905793,52,13.700361251831056
2025-10-15 14:19:39.905793,52,14.060586929321287
2025-10-16 14:19:39.905793,52,13.589387893676758
2025-10-17 14:19:39.905793,52,13.349283218383787
2025-04-25 14:19:39.905793,53,11.226720809936523
2025-04-28 14:19:39.905793,53,11.774896621704102
2025-04-29 14:19:39.905793,53,11.539345741271973
2025-04-30 14:19:39.905793,53,13.684101104736328
2025-05-01 14:19:39.905793,53,13.266950607299805
2025-05-02 14:19:39.905793,53,12.849897384643556
2025-05-05 14:19:39.905793,53,12.77311897277832
2025-05-06 14:19:39.905793,53,12.939534187316896
2025-05-07 14:19:39.905793,53,12.90542221069336
2025-05-08 14:19:39.905793,53,12.653093338012695
2025-05-09 14:19:39.905793,53,12.735759735107422
2025-05-12 14:19:39.905793,53,13.008621215820312
2025-05-13 14:19:39.905793,53,12.958666801452637
2025-05-14 14:19:39.905793,53,12.673727989196776
2025-05-15 14:19:39.905793,53,12.735233306884766
2025-05-16 14:19:39.905793,53,13.001352310180664
2025-05-19 14:19:39.905793,53,12.95171070098877
2025-05-20 14:19:39.905793,53,12.672004699707031
2025-05-21 14:19:39.905793,53,12.735536575317385
2025-05-22 14:19:39.905793,53,13.00216293334961
2025-05-23 14:19:39.905793,53,12.95252799987793
2025-05-26 14:19:39.905793,53,12.672113418579102
2025-05-27 14:19:39.905793,53,12.735490798950195
2025-05-28 14:19:39.905793,53,13.002074241638184
2025-05-29 14:19:39.905793,53,12.95244026184082
2025-05-30 14:19:39.905793,53,12.672111511230469
2025-06-02 14:19:39.905793,53,12.73549461364746
2025-06-03 14:19:39.905793,53,13.002082824707031
2025-06-04 14:19:39.905793,53,12.952448844909668
2025-06-05 14:19:39.905793,53,12.672110557556152
2025-06-06 14:19:39.905793,53,12.73549461364746
2025-06-09 14:19:39.905793,53,13.002082824707031
2025-06-10 14:19:39.905793,53,12.952448844909668
2025-06-11 14:19:39.905793,53,12.672110557556152
2025-06-12 14:19:39.905793,53,12.73549461364746
2025-06-13 14:19:39.905793,53,13.002082824707031
2025-06-16 14:19:39.905793,53,12.952448844909668
2025-06-17 14:19:39.905793,53,12.672110557556152
2025-06-18 14:19:39.905793,53,12.73549461364746
2025-06-19 14:19:39.905793,53,13.002082824707031
2025-06-20 14:19:39.905793,53,12.952448844909668
2025-06-23 14:19:39.905793,53,12.672110557556152
2025-06-24 14:19:39.905793,53,12.73549461364746
2025-06-25 14:19:39.905793,53,13.002082824707031
2025-06-26 14:19:39.905793,53,12.952448844909668
2025-06-27 14:19:39.905793,53,12.672110557556152
2025-06-30 14:19:39.905793,53,12.73549461364746
2025-07-01 14:19:39.905793,53,13.002082824707031
2025-07-02 14:19:39.905793,53,12.952448844909668
2025-07-03 14:19:39.905793,53,12.672110557556152
2025-07-04 14:19:39.905793,53,12.73549461364746
2025-07-07 14:19:39.905793,53,13.002082824707031
2025-07-08 14:19:39.905793,53,12.952448844909668
2025-07-09 14:19:39.905793,53,12.672110557556152
2025-07-10 14:19:39.905793,53,12.73549461364746
2025-07-11 14:19:39.905793,53,13.002082824707031
2025-07-14 14:19:39.905793,53,12.952448844909668
2025-07-15 14:19:39.905793,53,12.672110557556152
2025-07-16 14:19:39.905793,53,12.73549461364746
2025-07-17 14:19:39.905793,53,13.002082824707031
2025-07-18 14:19:39.905793,53,12.952448844909668
2025-07-21 14:19:39.905793,53,12.672110557556152
2025-07-22 14:19:39.905793,53,12.73549461364746
2025-07-23 14:19:39.905793,53,13.002082824707031
2025-07-24 14:19:39.905793,53,12.952448844909668
2025-07-25 14:19:39.905793,53,12.672110557556152
2025-07-28 14:19:39.905793,53,12.73549461364746
2025-07-29 14:19:39.905793,53,13.002082824707031
2025-07-30 14:19:39.905793,53,12.952448844909668
2025-07-31 14:19:39.905793,53,12.672110557556152
2025-08-01 14:19:39.905793,53,12.73549461364746
2025-08-04 14:19:39.905793,53,13.002082824707031
2025-08-05 14:19:39.905793,53,12.952448844909668
2025-08-06 14:19:39.905793,53,12.672110557556152
2025-08-07 14:19:39.905793,53,12.73549461364746
2025-08-08 14:19:39.905793,53,13.002082824707031
2025-08-11 14:19:39.905793,53,12.952448844909668
2025-08-12 14:19:39.905793,53,12.672110557556152
2025-08-13 14:19:39.905793,53,12.73549461364746
2025-08-14 14:19:39.905793,53,13.002082824707031
2025-08-15 14:19:39.905793,53,12.952448844909668
2025-08-18 14:19:39.905793,53,12.672110557556152
2025-08-19 14:19:39.905793,53,12.73549461364746
2025-08-20 14:19:39.905793,53,13.002082824707031
2025-08-21 14:19:39.905793,53,12.952448844909668
2025-08-22 14:19:39.905793,53,12.672110557556152
2025-08-25 14:19:39.905793,53,12.73549461364746
2025-08-26 14:19:39.905793,53,13.002082824707031
2025-08-27 14:19:39.905793,53,12.952448844909668
2025-08-28 14:19:39.905793,53,12.672110557556152
2025-08-29 14:19:39.905793,53,12.73549461364746
2025-09-01 14:19:39.905793,53,13.002082824707031
2025-09-02 14:19:39.905793,53,12.952448844909668
2025-09-03 14:19:39.905793,53,12.672110557556152
2025-09-04 14:19:39.905793,53,12.73549461364746
2025-09-05 14:19:39.905793,53,13.002082824707031
2025-09-08 14:19:39.905793,53,12.952448844909668
2025-09-09 14:19:39.905793,53,12.672110557556152
2025-09-10 14:19:39.905793,53,12.73549461364746
2025-09-11 14:19:39.905793,53,13.002082824707031
2025-09-12 14:19:39.905793,53,12.952448844909668
2025-09-15 14:19:39.905793,53,12.672110557556152
2025-09-16 14:19:39.905793,53,12.73549461364746
2025-09-17 14:19:39.905793,53,13.002082824707031
2025-09-18 14:19:39.905793,53,12.952448844909668
2025-09-19 14:19:39.905793,53,12.672110557556152
2025-09-22 14:19:39.905793,53,12.73549461364746
2025-09-23 14:19:39.905793,53,13.002082824707031
2025-09-24 14:19:39.905793,53,12.952448844909668
2025-09-25 14:19:39.905793,53,12.672110557556152
2025-09-26 14:19:39.905793,53,12.73549461364746
2025-09-29 14:19:39.905793,53,13.002082824707031
2025-09-30 14:19:39.905793,53,12.952448844909668
2025-10-01 14:19:39.905793,53,12.672110557556152
2025-10-02 14:19:39.905793,53,12.73549461364746
2025-10-03 14:19:39.905793,53,13.002082824707031
2025-10-06 14:19:39.905793,53,12.952448844909668
2025-10-07 14:19:39.905793,53,12.672110557556152
2025-10-08 14:19:39.905793,53,12.73549461364746
2025-10-09 14:19:39.905793,53,13.002082824707031
2025-10-10 14:19:39.905793,53,12.952448844909668
2025-10-13 14:19:39.905793,53,12.672110557556152
2025-10-14 14:19:39.905793,53,12.73549461364746
2025-10-15 14:19:39.905793,53,13.002082824707031
2025-10-16 14:19:39.905793,53,12.952448844909668
2025-10-17 14:19:39.905793,53,12.672110557556152
2025-04-25 14:19:39.905793,54,9.05255126953125
2025-04-28 14:19:39.905793,54,8.606008529663086
2025-04-29 14:19:39.905793,54,8.790684700012207
2025-04-30 14:19:39.905793,54,8.97602367401123
2025-05-01 14:19:39.905793,54,9.030359268188477
2025-05-02 14:19:39.905793,54,8.611388206481934
2025-05-05 14:19:39.905793,54,8.608468055725098
2025-05-06 14:19:39.905793,54,8.888525009155273
2025-05-07 14:19:39.905793,54,9.02873420715332
2025-05-08 14:19:39.905793,54,8.609981536865234
2025-05-09 14:19:39.905793,54,8.609793663024902
2025-05-12 14:19:39.905793,54,8.889314651489258
2025-05-13 14:19:39.905793,54,9.028752326965332
2025-05-14 14:19:39.905793,54,8.6099853515625
2025-05-15 14:19:39.905793,54,8.609783172607422
2025-05-16 14:19:39.905793,54,8.88930606842041
2025-05-19 14:19:39.905793,54,9.028753280639648
2025-05-20 14:19:39.905793,54,8.6099853515625
2025-05-21 14:19:39.905793,54,8.609783172607422
2025-05-22 14:19:39.905793,54,8.88930606842041
2025-05-23 14:19:39.905793,54,9.028753280639648
2025-05-26 14:19:39.905793,54,8.6099853515625
2025-05-27 14:19:39.905793,54,8.609783172607422
2025-05-28 14:19:39.905793,54,8.88930606842041
2025-05-29 14:19:39.905793,54,9.028753280639648
2025-05-30 14:19:39.905793,54,8.6099853515625
2025-06-02 14:19:39.905793,54,8.609783172607422
2025-06-03 14:19:39.905793,54,8.88930606842041
2025-06-04 14:19:39.905793,54,9.028753280639648
2025-06-05 14:19:39.905793,54,8.6099853515625
2025-06-06 14:19:39.905793,54,8.609783172607422
2025-06-09 14:19:39.905793,54,8.88930606842041
2025-06-10 14:19:39.905793,54,9.028753280639648
2025-06-11 14:19:39.905793,54,8.6099853515625
2025-06-12 14:19:39.905793,54,8.609783172607422
2025-06-13 14:19:39.905793,54,8.88930606842041
2025-06-16 14:19:39.905793,54,9.028753280639648
2025-06-17 14:19:39.905793,54,8.6099853515625
2025-06-18 14:19:39.905793,54,8.609783172607422
2025-06-19 14:19:39.905793,54,8.88930606842041
2025-06-20 14:19:39.905793,54,9.028753280639648
2025-06-23 14:19:39.905793,54,8.6099853515625
2025-06-24 14:19:39.905793,54,8.609783172607422
2025-06-25 14:19:39.905793,54,8.88930606842041
2025-06-26 14:19:39.905793,54,9.028753280639648
2025-06-27 14:19:39.905793,54,8.6099853515625
2025-06-30 14:19:39.905793,54,8.609783172607422
2025-07-01 14:19:39.905793,54,8.88930606842041
2025-07-02 14:19:39.905793,54,9.028753280639648
2025-07-03 14:19:39.905793,54,8.6099853515625
2025-07-04 14:19:39.905793,54,8.609783172607422
2025-07-07 14:19:39.905793,54,8.88930606842041
2025-07-08 14:19:39.905793,54,9.028753280639648
2025-07-09 14:19:39.905793,54,8.6099853515625
2025-07-10 14:19:39.905793,54,8.609783172607422
2025-07-11 14:19:39.905793,54,8.88930606842041
2025-07-14 14:19:39.905793,54,9.028753280639648
2025-07-15 14:19:39.905793,54,8.6099853515625
2025-07-16 14:19:39.905793,54,8.609783172607422
2025-07-17 14:19:39.905793,54,8.88930606842041
2025-07-18 14:19:39.905793,54,9.028753280639648
2025-07-21 14:19:39.905793,54,8.6099853515625
2025-07-22 14:19:39.905793,54,8.609783172607422
2025-07-23 14:19:39.905793,54,8.88930606842041
2025-07-24 14:19:39.905793,54,9.028753280639648
2025-07-25 14:19:39.905793,54,8.6099853515625
2025-07-28 14:19:39.905793,54,8.609783172607422
2025-07-29 14:19:39.905793,54,8.88930606842041
2025-07-30 14:19:39.905793,54,9.028753280639648
2025-07-31 14:19:39.905793,54,8.6099853515625
2025-08-01 14:19:39.905793,54,8.609783172607422
2025-08-04 14:19:39.905793,54,8.88930606842041
2025-08-05 14:19:39.905793,54,9.028753280639648
2025-08-06 14:19:39.905793,54,8.6099853515625
2025-08-07 14:19:39.905793,54,8.609783172607422
2025-08-08 14:19:39.905793,54,8.88930606842041
2025-08-11 14:19:39.905793,54,9.028753280639648
2025-08-12 14:19:39.905793,54,8.6099853515625
2025-08-13 14:19:39.905793,54,8.609783172607422
2025-08-14 14:19:39.905793,54,8.88930606842041
2025-08-15 14:19:39.905793,54,9.028753280639648
2025-08-18 14:19:39.905793,54,8.6099853515625
2025-08-19 14:19:39.905793,54,8.609783172607422
2025-08-20 14:19:39.905793,54,8.88930606842041
2025-08-21 14:19:39.905793,54,9.028753280639648
2025-08-22 14:19:39.905793,54,8.6099853515625
2025-08-25 14:19:39.905793,54,8.609783172607422
2025-08-26 14:19:39.905793,54,8.88930606842041
2025-08-27 14:19:39.905793,54,9.028753280639648
2025-08-28 14:19:39.905793,54,8.6099853515625
2025-08-29 14:19:39.905793,54,8.609783172607422
2025-09-01 14:19:39.905793,54,8.88930606842041
2025-09-02 14:19:39.905793,54,9.028753280639648
2025-09-03 14:19:39.905793,54,8.6099853515625
2025-09-04 14:19:39.905793,54,8.609783172607422
2025-09-05 14:19:39.905793,54,8.88930606842041
2025-09-08 14:19:39.905793,54,9.028753280639648
2025-09-09 14:19:39.905793,54,8.6099853515625
2025-09-10 14:19:39.905793,54,8.609783172607422
2025-09-11 14:19:39.905793,54,8.88930606842041
2025-09-12 14:19:39.905793,54,9.028753280639648
2025-09-15 14:19:39.905793,54,8.6099853515625
2025-09-16 14:19:39.905793,54,8.609783172607422
2025-09-17 14:19:39.905793,54,8.88930606842041
2025-09-18 14:19:39.905793,54,9.028753280639648
2025-09-19 14:19:39.905793,54,8.6099853515625
2025-09-22 14:19:39.905793,54,8.609783172607422
2025-09-23 14:19:39.905793,54,8.88930606842041
2025-09-24 14:19:39.905793,54,9.028753280639648
2025-09-25 14:19:39.905793,54,8.6099853515625
2025-09-26 14:19:39.905793,54,8.609783172607422
2025-09-29 14:19:39.905793,54,8.88930606842041
2025-09-30 14:19:39.905793,54,9.028753280639648
2025-10-01 14:19:39.905793,54,8.6099853515625
2025-10-02 14:19:39.905793,54,8.609783172607422
2025-10-03 14:19:39.905793,54,8.88930606842041
2025-10-06 14:19:39.905793,54,9.028753280639648
2025-10-07 14:19:39.905793,54,8.6099853515625
2025-10-08 14:19:39.905793,54,8.609783172607422
2025-10-09 14:19:39.905793,54,8.88930606842041
2025-10-10 14:19:39.905793,54,9.028753280639648
2025-10-13 14:19:39.905793,54,8.6099853515625
2025-10-14 14:19:39.905793,54,8.609783172607422
2025-10-15 14:19:39.905793,54,8.88930606842041
2025-10-16 14:19:39.905793,54,9.028753280639648
2025-10-17 14:19:39.905793,54,8.6099853515625
2025-04-25 14:19:39.905793,55,11.949238777160645
2025-04-28 14:19:39.905793,55,11.753181457519531
2025-04-29 14:19:39.905793,55,8.82856559753418
2025-04-30 14:19:39.905793,55,9.156322479248049
2025-05-01 14:19:39.905793,55,8.764066696166992
2025-05-02 14:19:39.905793,55,8.643753051757812
2025-05-05 14:19:39.905793,55,8.963720321655273
2025-05-06 14:19:39.905793,55,9.235918045043944
2025-05-07 14:19:39.905793,55,9.260767936706545
2025-05-08 14:19:39.905793,55,8.857403755187988
2025-05-09 14:19:39.905793,55,8.936360359191895
2025-05-12 14:19:39.905793,55,9.197486877441406
2025-05-13 14:19:39.905793,55,9.21111297607422
2025-05-14 14:19:39.905793,55,8.843658447265625
2025-05-15 14:19:39.905793,55,8.938755989074707
2025-05-16 14:19:39.905793,55,9.20014190673828
2025-05-19 14:19:39.905793,55,9.215402603149414
2025-05-20 14:19:39.905793,55,8.844491958618164
2025-05-21 14:19:39.905793,55,8.938549995422363
2025-05-22 14:19:39.905793,55,9.19991683959961
2025-05-23 14:19:39.905793,55,9.215070724487305
2025-05-26 14:19:39.905793,55,8.844446182250977
2025-05-27 14:19:39.905793,55,8.93856430053711
2025-05-28 14:19:39.905793,55,9.199931144714355
2025-05-29 14:19:39.905793,55,9.215093612670898
2025-05-30 14:19:39.905793,55,8.84444808959961
2025-06-02 14:19:39.905793,55,8.93856430053711
2025-06-03 14:19:39.905793,55,9.19993019104004
2025-06-04 14:19:39.905793,55,9.215091705322266
2025-06-05 14:19:39.905793,55,8.84444808959961
2025-06-06 14:19:39.905793,55,8.93856430053711
2025-06-09 14:19:39.905793,55,9.19993019104004
2025-06-10 14:19:39.905793,55,9.215091705322266
2025-06-11 14:19:39.905793,55,8.84444808959961
2025-06-12 14:19:39.905793,55,8.93856430053711
2025-06-13 14:19:39.905793,55,9.19993019104004
2025-06-16 14:19:39.905793,55,9.215091705322266
2025-06-17 14:19:39.905793,55,8.84444808959961
2025-06-18 14:19:39.905793,55,8.93856430053711
2025-06-19 14:19:39.905793,55,9.19993019104004
2025-06-20 14:19:39.905793,55,9.215091705322266
2025-06-23 14:19:39.905793,55,8.84444808959961
2025-06-24 14:19:39.905793,55,8.93856430053711
2025-06-25 14:19:39.905793,55,9.19993019104004
2025-06-26 14:19:39.905793,55,9.215091705322266
2025-06-27 14:19:39.905793,55,8.84444808959961
2025-06-30 14:19:39.905793,55,8.93856430053711
2025-07-01 14:19:39.905793,55,9.19993019104004
2025-07-02 14:19:39.905793,55,9.215091705322266
2025-07-03 14:19:39.905793,55,8.84444808959961
2025-07-04 14:19:39.905793,55,8.93856430053711
2025-07-07 14:19:39.905793,55,9.19993019104004
2025-07-08 14:19:39.905793,55,9.215091705322266
2025-07-09 14:19:39.905793,55,8.84444808959961
2025-07-10 14:19:39.905793,55,8.93856430053711
2025-07-11 14:19:39.905793,55,9.19993019104004
2025-07-14 14:19:39.905793,55,9.215091705322266
2025-07-15 14:19:39.905793,55,8.84444808959961
2025-07-16 14:19:39.905793,55,8.93856430053711
2025-07-17 14:19:39.905793,55,9.19993019104004
2025-07-18 14:19:39.905793,55,9.215091705322266
2025-07-21 14:19:39.905793,55,8.84444808959961
2025-07-22 14:19:39.905793,55,8.93856430053711
2025-07-23 14:19:39.905793,55,9.19993019104004
2025-07-24 14:19:39.905793,55,9.215091705322266
2025-07-25 14:19:39.905793,55,8.84444808959961
2025-07-28 14:19:39.905793,55,8.93856430053711
2025-07-29 14:19:39.905793,55,9.19993019104004
2025-07-30 14:19:39.905793,55,9.215091705322266
2025-07-31 14:19:39.905793,55,8.84444808959961
2025-08-01 14:19:39.905793,55,8.93856430053711
2025-08-04 14:19:39.905793,55,9.19993019104004
2025-08-05 14:19:39.905793,55,9.215091705322266
2025-08-06 14:19:39.905793,55,8.84444808959961
2025-08-07 14:19:39.905793,55,8.93856430053711
2025-08-08 14:19:39.905793,55,9.19993019104004
2025-08-11 14:19:39.905793,55,9.215091705322266
2025-08-12 14:19:39.905793,55,8.84444808959961
2025-08-13 14:19:39.905793,55,8.93856430053711
2025-08-14 14:19:39.905793,55,9.19993019104004
2025-08-15 14:19:39.905793,55,9.215091705322266
2025-08-18 14:19:39.905793,55,8.84444808959961
2025-08-19 14:19:39.905793,55,8.93856430053711
2025-08-20 14:19:39.905793,55,9.19993019104004
2025-08-21 14:19:39.905793,55,9.215091705322266
2025-08-22 14:19:39.905793,55,8.84444808959961
2025-08-25 14:19:39.905793,55,8.93856430053711
2025-08-26 14:19:39.905793,55,9.19993019104004
2025-08-27 14:19:39.905793,55,9.215091705322266
2025-08-28 14:19:39.905793,55,8.84444808959961
2025-08-29 14:19:39.905793,55,8.93856430053711
2025-09-01 14:19:39.905793,55,9.19993019104004
2025-09-02 14:19:39.905793,55,9.215091705322266
2025-09-03 14:19:39.905793,55,8.84444808959961
2025-09-04 14:19:39.905793,55,8.93856430053711
2025-09-05 14:19:39.905793,55,9.19993019104004
2025-09-08 14:19:39.905793,55,9.215091705322266
2025-09-09 14:19:39.905793,55,8.84444808959961
2025-09-10 14:19:39.905793,55,8.93856430053711
2025-09-11 14:19:39.905793,55,9.19993019104004
2025-09-12 14:19:39.905793,55,9.215091705322266
2025-09-15 14:19:39.905793,55,8.84444808959961
2025-09-16 14:19:39.905793,55,8.93856430053711
2025-09-17 14:19:39.905793,55,9.19993019104004
2025-09-18 14:19:39.905793,55,9.215091705322266
2025-09-19 14:19:39.905793,55,8.84444808959961
2025-09-22 14:19:39.905793,55,8.93856430053711
2025-09-23 14:19:39.905793,55,9.19993019104004
2025-09-24 14:19:39.905793,55,9.215091705322266
2025-09-25 14:19:39.905793,55,8.84444808959961
2025-09-26 14:19:39.905793,55,8.93856430053711
2025-09-29 14:19:39.905793,55,9.19993019104004
2025-09-30 14:19:39.905793,55,9.215091705322266
2025-10-01 14:19:39.905793,55,8.84444808959961
2025-10-02 14:19:39.905793,55,8.93856430053711
2025-10-03 14:19:39.905793,55,9.19993019104004
2025-10-06 14:19:39.905793,55,9.215091705322266
2025-10-07 14:19:39.905793,55,8.84444808959961
2025-10-08 14:19:39.905793,55,8.93856430053711
2025-10-09 14:19:39.905793,55,9.19993019104004
2025-10-10 14:19:39.905793,55,9.215091705322266
2025-10-13 14:19:39.905793,55,8.84444808959961
2025-10-14 14:19:39.905793,55,8.93856430053711
2025-10-15 14:19:39.905793,55,9.19993019104004
2025-10-16 14:19:39.905793,55,9.215091705322266
2025-10-17 14:19:39.905793,55,8.84444808959961
2025-04-25 14:19:39.905793,56,5.779151916503906
2025-04-28 14:19:39.905793,56,6.136715412139893
2025-04-29 14:19:39.905793,56,7.267828941345215
2025-04-30 14:19:39.905793,56,7.717495918273926
2025-05-01 14:19:39.905793,56,8.536646842956543
2025-05-02 14:19:39.905793,56,8.889131546020508
2025-05-05 14:19:39.905793,56,9.22121238708496
2025-05-06 14:19:39.905793,56,8.90140151977539
2025-05-07 14:19:39.905793,56,9.442556381225586
2025-05-08 14:19:39.905793,56,9.620473861694336
2025-05-09 14:19:39.905793,56,9.68089771270752
2025-05-12 14:19:39.905793,56,9.209299087524414
2025-05-13 14:19:39.905793,56,9.724807739257812
2025-05-14 14:19:39.905793,56,9.827314376831056
2025-05-15 14:19:39.905793,56,9.814985275268556
2025-05-16 14:19:39.905793,56,9.307327270507812
2025-05-19 14:19:39.905793,56,9.81337833404541
2025-05-20 14:19:39.905793,56,9.88890266418457
2025-05-21 14:19:39.905793,56,9.857427597045898
2025-05-22 14:19:39.905793,56,9.339105606079102
2025-05-23 14:19:39.905793,56,9.841178894042969
2025-05-26 14:19:39.905793,56,9.907934188842772
2025-05-27 14:19:39.905793,56,9.87106990814209
2025-05-28 14:19:39.905793,56,9.349310874938965
2025-05-29 14:19:39.905793,56,9.849936485290527
2025-05-30 14:19:39.905793,56,9.91392707824707
2025-06-02 14:19:39.905793,56,9.875442504882812
2025-06-03 14:19:39.905793,56,9.35256576538086
2025-06-04 14:19:39.905793,56,9.852706909179688
2025-06-05 14:19:39.905793,56,9.915827751159668
2025-06-06 14:19:39.905793,56,9.876837730407717
2025-06-09 14:19:39.905793,56,9.353601455688477
2025-06-10 14:19:39.905793,56,9.85358428955078
2025-06-11 14:19:39.905793,56,9.916433334350586
2025-06-12 14:19:39.905793,56,9.877283096313477
2025-06-13 14:19:39.905793,56,9.35392951965332
2025-06-16 14:19:39.905793,56,9.853863716125488
2025-06-17 14:19:39.905793,56,9.916624069213867
2025-06-18 14:19:39.905793,56,9.877424240112305
2025-06-19 14:19:39.905793,56,9.35403537750244
2025-06-20 14:19:39.905793,56,9.853952407836914
2025-06-23 14:19:39.905793,56,9.916685104370115
2025-06-24 14:19:39.905793,56,9.877470016479492
2025-06-25 14:19:39.905793,56,9.354068756103516
2025-06-26 14:19:39.905793,56,9.85398006439209
2025-06-27 14:19:39.905793,56,9.916704177856444
2025-06-30 14:19:39.905793,56,9.877483367919922
2025-07-01 14:19:39.905793,56,9.35407829284668
2025-07-02 14:19:39.905793,56,9.853988647460938
2025-07-03 14:19:39.905793,56,9.91671085357666
2025-07-04 14:19:39.905793,56,9.877487182617188
2025-07-07 14:19:39.905793,56,9.354082107543944
2025-07-08 14:19:39.905793,56,9.853992462158203
2025-07-09 14:19:39.905793,56,9.916712760925291
2025-07-10 14:19:39.905793,56,9.87748908996582
2025-07-11 14:19:39.905793,56,9.354083061218262
2025-07-14 14:19:39.905793,56,9.85399341583252
2025-07-15 14:19:39.905793,56,9.91671371459961
2025-07-16 14:19:39.905793,56,9.87748908996582
2025-07-17 14:19:39.905793,56,9.354083061218262
2025-07-18 14:19:39.905793,56,9.853992462158203
2025-07-21 14:19:39.905793,56,9.91671371459961
2025-07-22 14:19:39.905793,56,9.87748908996582
2025-07-23 14:19:39.905793,56,9.354084014892578
2025-07-24 14:19:39.905793,56,9.85399341583252
2025-07-25 14:19:39.905793,56,9.91671371459961
2025-07-28 14:19:39.905793,56,9.877490043640137
2025-07-29 14:19:39.905793,56,9.354083061218262
2025-07-30 14:19:39.905793,56,9.85399341583252
2025-07-31 14:19:39.905793,56,9.91671371459961
2025-08-01 14:19:39.905793,56,9.87748908996582
2025-08-04 14:19:39.905793,56,9.354083061218262
2025-08-05 14:19:39.905793,56,9.853992462158203
2025-08-06 14:19:39.905793,56,9.91671371459961
2025-08-07 14:19:39.905793,56,9.87748908996582
2025-08-08 14:19:39.905793,56,9.354084014892578
2025-08-11 14:19:39.905793,56,9.85399341583252
2025-08-12 14:19:39.905793,56,9.91671371459961
2025-08-13 14:19:39.905793,56,9.877490043640137
2025-08-14 14:19:39.905793,56,9.354083061218262
2025-08-15 14:19:39.905793,56,9.85399341583252
2025-08-18 14:19:39.905793,56,9.91671371459961
2025-08-19 14:19:39.905793,56,9.87748908996582
2025-08-20 14:19:39.905793,56,9.354083061218262
2025-08-21 14:19:39.905793,56,9.853992462158203
2025-08-22 14:19:39.905793,56,9.91671371459961
2025-08-25 14:19:39.905793,56,9.87748908996582
2025-08-26 14:19:39.905793,56,9.354084014892578
2025-08-27 14:19:39.905793,56,9.85399341583252
2025-08-28 14:19:39.905793,56,9.91671371459961
2025-08-29 14:19:39.905793,56,9.877490043640137
2025-09-01 14:19:39.905793,56,9.354083061218262
2025-09-02 14:19:39.905793,56,9.85399341583252
2025-09-03 14:19:39.905793,56,9.91671371459961
2025-09-04 14:19:39.905793,56,9.87748908996582
2025-09-05 14:19:39.905793,56,9.354083061218262
2025-09-08 14:19:39.905793,56,9.853992462158203
2025-09-09 14:19:39.905793,56,9.91671371459961
2025-09-10 14:19:39.905793,56,9.87748908996582
2025-09-11 14:19:39.905793,56,9.354084014892578
2025-09-12 14:19:39.905793,56,9.85399341583252
2025-09-15 14:19:39.905793,56,9.91671371459961
2025-09-16 14:19:39.905793,56,9.877490043640137
2025-09-17 14:19:39.905793,56,9.354083061218262
2025-09-18 14:19:39.905793,56,9.85399341583252
2025-09-19 14:19:39.905793,56,9.91671371459961
2025-09-22 14:19:39.905793,56,9.87748908996582
2025-09-23 14:19:39.905793,56,9.354083061218262
2025-09-24 14:19:39.905793,56,9.853992462158203
2025-09-25 14:19:39.905793,56,9.91671371459961
2025-09-26 14:19:39.905793,56,9.87748908996582
2025-09-29 14:19:39.905793,56,9.354084014892578
2025-09-30 14:19:39.905793,56,9.85399341583252
2025-10-01 14:19:39.905793,56,9.91671371459961
2025-10-02 14:19:39.905793,56,9.877490043640137
2025-10-03 14:19:39.905793,56,9.354083061218262
2025-10-06 14:19:39.905793,56,9.85399341583252
2025-10-07 14:19:39.905793,56,9.91671371459961
2025-10-08 14:19:39.905793,56,9.87748908996582
2025-10-09 14:19:39.905793,56,9.354083061218262
2025-10-10 14:19:39.905793,56,9.853992462158203
2025-10-13 14:19:39.905793,56,9.91671371459961
2025-10-14 14:19:39.905793,56,9.87748908996582
2025-10-15 14:19:39.905793,56,9.354084014892578
2025-10-16 14:19:39.905793,56,9.85399341583252
2025-10-17 14:19:39.905793,56,9.91671371459961
2025-04-25 14:19:39.905793,58,10.706933975219728
2025-04-28 14:19:39.905793,58,10.414102554321287
2025-04-29 14:19:39.905793,58,10.98604965209961
2025-04-30 14:19:39.905793,58,11.536725997924805
2025-05-01 14:19:39.905793,58,11.789405822753906
2025-05-02 14:19:39.905793,58,11.285335540771484
2025-05-05 14:19:39.905793,58,11.915926933288574
2025-05-06 14:19:39.905793,58,12.015874862670898
2025-05-07 14:19:39.905793,58,11.814897537231444
2025-05-08 14:19:39.905793,58,11.321707725524902
2025-05-09 14:19:39.905793,58,11.96904754638672
2025-05-12 14:19:39.905793,58,12.040042877197266
2025-05-13 14:19:39.905793,58,11.815435409545898
2025-05-14 14:19:39.905793,58,11.323551177978516
2025-05-15 14:19:39.905793,58,11.971830368041992
2025-05-16 14:19:39.905793,58,12.041208267211914
2025-05-19 14:19:39.905793,58,11.815454483032228
2025-05-20 14:19:39.905793,58,11.323646545410156
2025-05-21 14:19:39.905793,58,11.97197151184082
2025-05-22 14:19:39.905793,58,12.041263580322266
2025-05-23 14:19:39.905793,58,11.81545639038086
2025-05-26 14:19:39.905793,58,11.323651313781738
2025-05-27 14:19:39.905793,58,11.971979141235352
2025-05-28 14:19:39.905793,58,12.041265487670898
2025-05-29 14:19:39.905793,58,11.815454483032228
2025-05-30 14:19:39.905793,58,11.323650360107422
2025-06-02 14:19:39.905793,58,11.971979141235352
2025-06-03 14:19:39.905793,58,12.041266441345217
2025-06-04 14:19:39.905793,58,11.81545639038086
2025-06-05 14:19:39.905793,58,11.323650360107422
2025-06-06 14:19:39.905793,58,11.971980094909668
2025-06-09 14:19:39.905793,58,12.041265487670898
2025-06-10 14:19:39.905793,58,11.815455436706545
2025-06-11 14:19:39.905793,58,11.323650360107422
2025-06-12 14:19:39.905793,58,11.971979141235352
2025-06-13 14:19:39.905793,58,12.041266441345217
2025-06-16 14:19:39.905793,58,11.81545639038086
2025-06-17 14:19:39.905793,58,11.323650360107422
2025-06-18 14:19:39.905793,58,11.971980094909668
2025-06-19 14:19:39.905793,58,12.041265487670898
2025-06-20 14:19:39.905793,58,11.815455436706545
2025-06-23 14:19:39.905793,58,11.323650360107422
2025-06-24 14:19:39.905793,58,11.971979141235352
2025-06-25 14:19:39.905793,58,12.041266441345217
2025-06-26 14:19:39.905793,58,11.81545639038086
2025-06-27 14:19:39.905793,58,11.323650360107422
2025-06-30 14:19:39.905793,58,11.971980094909668
2025-07-01 14:19:39.905793,58,12.041265487670898
2025-07-02 14:19:39.905793,58,11.815455436706545
2025-07-03 14:19:39.905793,58,11.323650360107422
2025-07-04 14:19:39.905793,58,11.971979141235352
2025-07-07 14:19:39.905793,58,12.041266441345217
2025-07-08 14:19:39.905793,58,11.81545639038086
2025-07-09 14:19:39.905793,58,11.323650360107422
2025-07-10 14:19:39.905793,58,11.971980094909668
2025-07-11 14:19:39.905793,58,12.041265487670898
2025-07-14 14:19:39.905793,58,11.815455436706545
2025-07-15 14:19:39.905793,58,11.323650360107422
2025-07-16 14:19:39.905793,58,11.971979141235352
2025-07-17 14:19:39.905793,58,12.041266441345217
2025-07-18 14:19:39.905793,58,11.81545639038086
2025-07-21 14:19:39.905793,58,11.323650360107422
2025-07-22 14:19:39.905793,58,11.971980094909668
2025-07-23 14:19:39.905793,58,12.041265487670898
2025-07-24 14:19:39.905793,58,11.815455436706545
2025-07-25 14:19:39.905793,58,11.323650360107422
2025-07-28 14:19:39.905793,58,11.971979141235352
2025-07-29 14:19:39.905793,58,12.041266441345217
2025-07-30 14:19:39.905793,58,11.81545639038086
2025-07-31 14:19:39.905793,58,11.323650360107422
2025-08-01 14:19:39.905793,58,11.971980094909668
2025-08-04 14:19:39.905793,58,12.041265487670898
2025-08-05 14:19:39.905793,58,11.815455436706545
2025-08-06 14:19:39.905793,58,11.323650360107422
2025-08-07 14:19:39.905793,58,11.971979141235352
2025-08-08 14:19:39.905793,58,12.041266441345217
2025-08-11 14:19:39.905793,58,11.81545639038086
2025-08-12 14:19:39.905793,58,11.323650360107422
2025-08-13 14:19:39.905793,58,11.971980094909668
2025-08-14 14:19:39.905793,58,12.041265487670898
2025-08-15 14:19:39.905793,58,11.815455436706545
2025-08-18 14:19:39.905793,58,11.323650360107422
2025-08-19 14:19:39.905793,58,11.971979141235352
2025-08-20 14:19:39.905793,58,12.041266441345217
2025-08-21 14:19:39.905793,58,11.81545639038086
2025-08-22 14:19:39.905793,58,11.323650360107422
2025-08-25 14:19:39.905793,58,11.971980094909668
2025-08-26 14:19:39.905793,58,12.041265487670898
2025-08-27 14:19:39.905793,58,11.815455436706545
2025-08-28 14:19:39.905793,58,11.323650360107422
2025-08-29 14:19:39.905793,58,11.971979141235352
2025-09-01 14:19:39.905793,58,12.041266441345217
2025-09-02 14:19:39.905793,58,11.81545639038086
2025-09-03 14:19:39.905793,58,11.323650360107422
2025-09-04 14:19:39.905793,58,11.971980094909668
2025-09-05 14:19:39.905793,58,12.041265487670898
2025-09-08 14:19:39.905793,58,11.815455436706545
2025-09-09 14:19:39.905793,58,11.323650360107422
2025-09-10 14:19:39.905793,58,11.971979141235352
2025-09-11 14:19:39.905793,58,12.041266441345217
2025-09-12 14:19:39.905793,58,11.81545639038086
2025-09-15 14:19:39.905793,58,11.323650360107422
2025-09-16 14:19:39.905793,58,11.971980094909668
2025-09-17 14:19:39.905793,58,12.041265487670898
2025-09-18 14:19:39.905793,58,11.815455436706545
2025-09-19 14:19:39.905793,58,11.323650360107422
2025-09-22 14:19:39.905793,58,11.971979141235352
2025-09-23 14:19:39.905793,58,12.041266441345217
2025-09-24 14:19:39.905793,58,11.81545639038086
2025-09-25 14:19:39.905793,58,11.323650360107422
2025-09-26 14:19:39.905793,58,11.971980094909668
2025-09-29 14:19:39.905793,58,12.041265487670898
2025-09-30 14:19:39.905793,58,11.815455436706545
2025-10-01 14:19:39.905793,58,11.323650360107422
2025-10-02 14:19:39.905793,58,11.971979141235352
2025-10-03 14:19:39.905793,58,12.041266441345217
2025-10-06 14:19:39.905793,58,11.81545639038086
2025-10-07 14:19:39.905793,58,11.323650360107422
2025-10-08 14:19:39.905793,58,11.971980094909668
2025-10-09 14:19:39.905793,58,12.041265487670898
2025-10-10 14:19:39.905793,58,11.815455436706545
2025-10-13 14:19:39.905793,58,11.323650360107422
2025-10-14 14:19:39.905793,58,11.971979141235352
2025-10-15 14:19:39.905793,58,12.041266441345217
2025-10-16 14:19:39.905793,58,11.81545639038086
2025-10-17 14:19:39.905793,58,11.323650360107422
2025-04-25 14:19:39.905793,59,10.11260223388672
2025-04-28 14:19:39.905793,59,10.3693208694458
2025-04-29 14:19:39.905793,59,11.335123062133787
2025-04-30 14:19:39.905793,59,12.494194984436035
2025-05-01 14:19:39.905793,59,12.42851448059082
2025-05-02 14:19:39.905793,59,12.255311965942385
2025-05-05 14:19:39.905793,59,12.821966171264648
2025-05-06 14:19:39.905793,59,13.050424575805664
2025-05-07 14:19:39.905793,59,12.500272750854492
2025-05-08 14:19:39.905793,59,12.319913864135742
2025-05-09 14:19:39.905793,59,12.87684154510498
2025-05-12 14:19:39.905793,59,13.057592391967772
2025-05-13 14:19:39.905793,59,12.502443313598633
2025-05-14 14:19:39.905793,59,12.321815490722656
2025-05-15 14:19:39.905793,59,12.878168106079102
2025-05-16 14:19:39.905793,59,13.057723999023438
2025-05-19 14:19:39.905793,59,12.502506256103516
2025-05-20 14:19:39.905793,59,12.321866035461426
2025-05-21 14:19:39.905793,59,12.878198623657228
2025-05-22 14:19:39.905793,59,13.05772876739502
2025-05-23 14:19:39.905793,59,12.502508163452148
2025-05-26 14:19:39.905793,59,12.321868896484377
2025-05-27 14:19:39.905793,59,12.87820053100586
2025-05-28 14:19:39.905793,59,13.057727813720703
2025-05-29 14:19:39.905793,59,12.502508163452148
2025-05-30 14:19:39.905793,59,12.321868896484377
2025-06-02 14:19:39.905793,59,12.87820053100586
2025-06-03 14:19:39.905793,59,13.057727813720703
2025-06-04 14:19:39.905793,59,12.502508163452148
2025-06-05 14:19:39.905793,59,12.321868896484377
2025-06-06 14:19:39.905793,59,12.87820053100586
2025-06-09 14:19:39.905793,59,13.057727813720703
2025-06-10 14:19:39.905793,59,12.502508163452148
2025-06-11 14:19:39.905793,59,12.321868896484377
2025-06-12 14:19:39.905793,59,12.87820053100586
2025-06-13 14:19:39.905793,59,13.057727813720703
2025-06-16 14:19:39.905793,59,12.502508163452148
2025-06-17 14:19:39.905793,59,12.321868896484377
2025-06-18 14:19:39.905793,59,12.87820053100586
2025-06-19 14:19:39.905793,59,13.057727813720703
2025-06-20 14:19:39.905793,59,12.502508163452148
2025-06-23 14:19:39.905793,59,12.321868896484377
2025-06-24 14:19:39.905793,59,12.87820053100586
2025-06-25 14:19:39.905793,59,13.057727813720703
2025-06-26 14:19:39.905793,59,12.502508163452148
2025-06-27 14:19:39.905793,59,12.321868896484377
2025-06-30 14:19:39.905793,59,12.87820053100586
2025-07-01 14:19:39.905793,59,13.057727813720703
2025-07-02 14:19:39.905793,59,12.502508163452148
2025-07-03 14:19:39.905793,59,12.321868896484377
2025-07-04 14:19:39.905793,59,12.87820053100586
2025-07-07 14:19:39.905793,59,13.057727813720703
2025-07-08 14:19:39.905793,59,12.502508163452148
2025-07-09 14:19:39.905793,59,12.321868896484377
2025-07-10 14:19:39.905793,59,12.87820053100586
2025-07-11 14:19:39.905793,59,13.057727813720703
2025-07-14 14:19:39.905793,59,12.502508163452148
2025-07-15 14:19:39.905793,59,12.321868896484377
2025-07-16 14:19:39.905793,59,12.87820053100586
2025-07-17 14:19:39.905793,59,13.057727813720703
2025-07-18 14:19:39.905793,59,12.502508163452148
2025-07-21 14:19:39.905793,59,12.321868896484377
2025-07-22 14:19:39.905793,59,12.87820053100586
2025-07-23 14:19:39.905793,59,13.057727813720703
2025-07-24 14:19:39.905793,59,12.502508163452148
2025-07-25 14:19:39.905793,59,12.321868896484377
2025-07-28 14:19:39.905793,59,12.87820053100586
2025-07-29 14:19:39.905793,59,13.057727813720703
2025-07-30 14:19:39.905793,59,12.502508163452148
2025-07-31 14:19:39.905793,59,12.321868896484377
2025-08-01 14:19:39.905793,59,12.87820053100586
2025-08-04 14:19:39.905793,59,13.057727813720703
2025-08-05 14:19:39.905793,59,12.502508163452148
2025-08-06 14:19:39.905793,59,12.321868896484377
2025-08-07 14:19:39.905793,59,12.87820053100586
2025-08-08 14:19:39.905793,59,13.057727813720703
2025-08-11 14:19:39.905793,59,12.502508163452148
2025-08-12 14:19:39.905793,59,12.321868896484377
2025-08-13 14:19:39.905793,59,12.87820053100586
2025-08-14 14:19:39.905793,59,13.057727813720703
2025-08-15 14:19:39.905793,59,12.502508163452148
2025-08-18 14:19:39.905793,59,12.321868896484377
2025-08-19 14:19:39.905793,59,12.87820053100586
2025-08-20 14:19:39.905793,59,13.057727813720703
2025-08-21 14:19:39.905793,59,12.502508163452148
2025-08-22 14:19:39.905793,59,12.321868896484377
2025-08-25 14:19:39.905793,59,12.87820053100586
2025-08-26 14:19:39.905793,59,13.057727813720703
2025-08-27 14:19:39.905793,59,12.502508163452148
2025-08-28 14:19:39.905793,59,12.321868896484377
2025-08-29 14:19:39.905793,59,12.87820053100586
2025-09-01 14:19:39.905793,59,13.057727813720703
2025-09-02 14:19:39.905793,59,12.502508163452148
2025-09-03 14:19:39.905793,59,12.321868896484377
2025-09-04 14:19:39.905793,59,12.87820053100586
2025-09-05 14:19:39.905793,59,13.057727813720703
2025-09-08 14:19:39.905793,59,12.502508163452148
2025-09-09 14:19:39.905793,59,12.321868896484377
2025-09-10 14:19:39.905793,59,12.87820053100586
2025-09-11 14:19:39.905793,59,13.057727813720703
2025-09-12 14:19:39.905793,59,12.502508163452148
2025-09-15 14:19:39.905793,59,12.321868896484377
2025-09-16 14:19:39.905793,59,12.87820053100586
2025-09-17 14:19:39.905793,59,13.057727813720703
2025-09-18 14:19:39.905793,59,12.502508163452148
2025-09-19 14:19:39.905793,59,12.321868896484377
2025-09-22 14:19:39.905793,59,12.87820053100586
2025-09-23 14:19:39.905793,59,13.057727813720703
2025-09-24 14:19:39.905793,59,12.502508163452148
2025-09-25 14:19:39.905793,59,12.321868896484377
2025-09-26 14:19:39.905793,59,12.87820053100586
2025-09-29 14:19:39.905793,59,13.057727813720703
2025-09-30 14:19:39.905793,59,12.502508163452148
2025-10-01 14:19:39.905793,59,12.321868896484377
2025-10-02 14:19:39.905793,59,12.87820053100586
2025-10-03 14:19:39.905793,59,13.057727813720703
2025-10-06 14:19:39.905793,59,12.502508163452148
2025-10-07 14:19:39.905793,59,12.321868896484377
2025-10-08 14:19:39.905793,59,12.87820053100586
2025-10-09 14:19:39.905793,59,13.057727813720703
2025-10-10 14:19:39.905793,59,12.502508163452148
2025-10-13 14:19:39.905793,59,12.321868896484377
2025-10-14 14:19:39.905793,59,12.87820053100586
2025-10-15 14:19:39.905793,59,13.057727813720703
2025-10-16 14:19:39.905793,59,12.502508163452148
2025-10-17 14:19:39.905793,59,12.321868896484377
2025-04-25 14:19:39.905793,60,5.342031478881836
2025-04-28 14:19:39.905793,60,5.300139427185059
2025-04-29 14:19:39.905793,60,5.420936584472656
2025-04-30 14:19:39.905793,60,5.788496494293213
2025-05-01 14:19:39.905793,60,6.181330680847168
2025-05-02 14:19:39.905793,60,6.100532054901123
2025-05-05 14:19:39.905793,60,5.983545780181885
2025-05-06 14:19:39.905793,60,6.184269428253174
2025-05-07 14:19:39.905793,60,6.290254592895508
2025-05-08 14:19:39.905793,60,6.186943054199219
2025-05-09 14:19:39.905793,60,6.029921531677246
2025-05-12 14:19:39.905793,60,6.209487915039063
2025-05-13 14:19:39.905793,60,6.3011474609375
2025-05-14 14:19:39.905793,60,6.194914817810059
2025-05-15 14:19:39.905793,60,6.033580780029297
2025-05-16 14:19:39.905793,60,6.211345672607422
2025-05-19 14:19:39.905793,60,6.302134037017822
2025-05-20 14:19:39.905793,60,6.19559907913208
2025-05-21 14:19:39.905793,60,6.033871650695801
2025-05-22 14:19:39.905793,60,6.211493492126465
2025-05-23 14:19:39.905793,60,6.302218914031982
2025-05-26 14:19:39.905793,60,6.195656776428223
2025-05-27 14:19:39.905793,60,6.033895015716553
2025-05-28 14:19:39.905793,60,6.211505889892578
2025-05-29 14:19:39.905793,60,6.302226543426514
2025-05-30 14:19:39.905793,60,6.195661067962647
2025-06-02 14:19:39.905793,60,6.033896446228027
2025-06-03 14:19:39.905793,60,6.211506843566895
2025-06-04 14:19:39.905793,60,6.302227020263672
2025-06-05 14:19:39.905793,60,6.195661544799805
2025-06-06 14:19:39.905793,60,6.033896446228027
2025-06-09 14:19:39.905793,60,6.211506843566895
2025-06-10 14:19:39.905793,60,6.302227020263672
2025-06-11 14:19:39.905793,60,6.195661067962647
2025-06-12 14:19:39.905793,60,6.033896446228027
2025-06-13 14:19:39.905793,60,6.211506843566895
2025-06-16 14:19:39.905793,60,6.302227020263672
2025-06-17 14:19:39.905793,60,6.195661544799805
2025-06-18 14:19:39.905793,60,6.033896446228027
2025-06-19 14:19:39.905793,60,6.211506843566895
2025-06-20 14:19:39.905793,60,6.302227020263672
2025-06-23 14:19:39.905793,60,6.195661067962647
2025-06-24 14:19:39.905793,60,6.033896446228027
2025-06-25 14:19:39.905793,60,6.211506843566895
2025-06-26 14:19:39.905793,60,6.302227020263672
2025-06-27 14:19:39.905793,60,6.195661544799805
2025-06-30 14:19:39.905793,60,6.033896446228027
2025-07-01 14:19:39.905793,60,6.211506843566895
2025-07-02 14:19:39.905793,60,6.302227020263672
2025-07-03 14:19:39.905793,60,6.195661067962647
2025-07-04 14:19:39.905793,60,6.033896446228027
2025-07-07 14:19:39.905793,60,6.211506843566895
2025-07-08 14:19:39.905793,60,6.302227020263672
2025-07-09 14:19:39.905793,60,6.195661544799805
2025-07-10 14:19:39.905793,60,6.033896446228027
2025-07-11 14:19:39.905793,60,6.211506843566895
2025-07-14 14:19:39.905793,60,6.302227020263672
2025-07-15 14:19:39.905793,60,6.195661067962647
2025-07-16 14:19:39.905793,60,6.033896446228027
2025-07-17 14:19:39.905793,60,6.211506843566895
2025-07-18 14:19:39.905793,60,6.302227020263672
2025-07-21 14:19:39.905793,60,6.195661544799805
2025-07-22 14:19:39.905793,60,6.033896446228027
2025-07-23 14:19:39.905793,60,6.211506843566895
2025-07-24 14:19:39.905793,60,6.302227020263672
2025-07-25 14:19:39.905793,60,6.195661067962647
2025-07-28 14:19:39.905793,60,6.033896446228027
2025-07-29 14:19:39.905793,60,6.211506843566895
2025-07-30 14:19:39.905793,60,6.302227020263672
2025-07-31 14:19:39.905793,60,6.195661544799805
2025-08-01 14:19:39.905793,60,6.033896446228027
2025-08-04 14:19:39.905793,60,6.211506843566895
2025-08-05 14:19:39.905793,60,6.302227020263672
2025-08-06 14:19:39.905793,60,6.195661067962647
2025-08-07 14:19:39.905793,60,6.033896446228027
2025-08-08 14:19:39.905793,60,6.211506843566895
2025-08-11 14:19:39.905793,60,6.302227020263672
2025-08-12 14:19:39.905793,60,6.195661544799805
2025-08-13 14:19:39.905793,60,6.033896446228027
2025-08-14 14:19:39.905793,60,6.211506843566895
2025-08-15 14:19:39.905793,60,6.302227020263672
2025-08-18 14:19:39.905793,60,6.195661067962647
2025-08-19 14:19:39.905793,60,6.033896446228027
2025-08-20 14:19:39.905793,60,6.211506843566895
2025-08-21 14:19:39.905793,60,6.302227020263672
2025-08-22 14:19:39.905793,60,6.195661544799805
2025-08-25 14:19:39.905793,60,6.033896446228027
2025-08-26 14:19:39.905793,60,6.211506843566895
2025-08-27 14:19:39.905793,60,6.302227020263672
2025-08-28 14:19:39.905793,60,6.195661067962647
2025-08-29 14:19:39.905793,60,6.033896446228027
2025-09-01 14:19:39.905793,60,6.211506843566895
2025-09-02 14:19:39.905793,60,6.302227020263672
2025-09-03 14:19:39.905793,60,6.195661544799805
2025-09-04 14:19:39.905793,60,6.033896446228027
2025-09-05 14:19:39.905793,60,6.211506843566895
2025-09-08 14:19:39.905793,60,6.302227020263672
2025-09-09 14:19:39.905793,60,6.195661067962647
2025-09-10 14:19:39.905793,60,6.033896446228027
2025-09-11 14:19:39.905793,60,6.211506843566895
2025-09-12 14:19:39.905793,60,6.302227020263672
2025-09-15 14:19:39.905793,60,6.195661544799805
2025-09-16 14:19:39.905793,60,6.033896446228027
2025-09-17 14:19:39.905793,60,6.211506843566895
2025-09-18 14:19:39.905793,60,6.302227020263672
2025-09-19 14:19:39.905793,60,6.195661067962647
2025-09-22 14:19:39.905793,60,6.033896446228027
2025-09-23 14:19:39.905793,60,6.211506843566895
2025-09-24 14:19:39.905793,60,6.302227020263672
2025-09-25 14:19:39.905793,60,6.195661544799805
2025-09-26 14:19:39.905793,60,6.033896446228027
2025-09-29 14:19:39.905793,60,6.211506843566895
2025-09-30 14:19:39.905793,60,6.302227020263672
2025-10-01 14:19:39.905793,60,6.195661067962647
2025-10-02 14:19:39.905793,60,6.033896446228027
2025-10-03 14:19:39.905793,60,6.211506843566895
2025-10-06 14:19:39.905793,60,6.302227020263672
2025-10-07 14:19:39.905793,60,6.195661544799805
2025-10-08 14:19:39.905793,60,6.033896446228027
2025-10-09 14:19:39.905793,60,6.211506843566895
2025-10-10 14:19:39.905793,60,6.302227020263672
2025-10-13 14:19:39.905793,60,6.195661067962647
2025-10-14 14:19:39.905793,60,6.033896446228027
2025-10-15 14:19:39.905793,60,6.211506843566895
2025-10-16 14:19:39.905793,60,6.302227020263672
2025-10-17 14:19:39.905793,60,6.195661544799805
2025-04-25 14:19:39.905793,61,5.457098007202148
2025-04-28 14:19:39.905793,61,4.863831520080566
2025-04-29 14:19:39.905793,61,5.111227989196777
2025-04-30 14:19:39.905793,61,5.872188568115234
2025-05-01 14:19:39.905793,61,6.600796699523926
2025-05-02 14:19:39.905793,61,5.640131950378418
2025-05-05 14:19:39.905793,61,5.7339606285095215
2025-05-06 14:19:39.905793,61,6.020812511444092
2025-05-07 14:19:39.905793,61,6.714977741241455
2025-05-08 14:19:39.905793,61,5.7298784255981445
2025-05-09 14:19:39.905793,61,5.791849136352539
2025-05-12 14:19:39.905793,61,6.0302734375
2025-05-13 14:19:39.905793,61,6.724276065826416
2025-05-14 14:19:39.905793,61,5.73845911026001
2025-05-15 14:19:39.905793,61,5.796791076660156
2025-05-16 14:19:39.905793,61,6.031060218811035
2025-05-19 14:19:39.905793,61,6.725048065185547
2025-05-20 14:19:39.905793,61,5.739222049713135
2025-05-21 14:19:39.905793,61,5.797210693359375
2025-05-22 14:19:39.905793,61,6.031128883361816
2025-05-23 14:19:39.905793,61,6.725112915039063
2025-05-26 14:19:39.905793,61,5.739288330078125
2025-05-27 14:19:39.905793,61,5.79724645614624
2025-05-28 14:19:39.905793,61,6.031133651733398
2025-05-29 14:19:39.905793,61,6.725118637084961
2025-05-30 14:19:39.905793,61,5.739294052124023
2025-06-02 14:19:39.905793,61,5.7972493171691895
2025-06-03 14:19:39.905793,61,6.031135082244873
2025-06-04 14:19:39.905793,61,6.725118160247803
2025-06-05 14:19:39.905793,61,5.739294052124023
2025-06-06 14:19:39.905793,61,5.797249794006348
2025-06-09 14:19:39.905793,61,6.031135559082031
2025-06-10 14:19:39.905793,61,6.725118637084961
2025-06-11 14:19:39.905793,61,5.739294528961182
2025-06-12 14:19:39.905793,61,5.797249794006348
2025-06-13 14:19:39.905793,61,6.031135559082031
2025-06-16 14:19:39.905793,61,6.725118637084961
2025-06-17 14:19:39.905793,61,5.739294528961182
2025-06-18 14:19:39.905793,61,5.797249794006348
2025-06-19 14:19:39.905793,61,6.031135559082031
2025-06-20 14:19:39.905793,61,6.725118637084961
2025-06-23 14:19:39.905793,61,5.739294528961182
2025-06-24 14:19:39.905793,61,5.797249794006348
2025-06-25 14:19:39.905793,61,6.031135559082031
2025-06-26 14:19:39.905793,61,6.725118637084961
2025-06-27 14:19:39.905793,61,5.739294528961182
2025-06-30 14:19:39.905793,61,5.797249794006348
2025-07-01 14:19:39.905793,61,6.031135559082031
2025-07-02 14:19:39.905793,61,6.725118637084961
2025-07-03 14:19:39.905793,61,5.739294528961182
2025-07-04 14:19:39.905793,61,5.797249794006348
2025-07-07 14:19:39.905793,61,6.031135559082031
2025-07-08 14:19:39.905793,61,6.725118637084961
2025-07-09 14:19:39.905793,61,5.739294528961182
2025-07-10 14:19:39.905793,61,5.797249794006348
2025-07-11 14:19:39.905793,61,6.031135559082031
2025-07-14 14:19:39.905793,61,6.725118637084961
2025-07-15 14:19:39.905793,61,5.739294528961182
2025-07-16 14:19:39.905793,61,5.797249794006348
2025-07-17 14:19:39.905793,61,6.031135559082031
2025-07-18 14:19:39.905793,61,6.725118637084961
2025-07-21 14:19:39.905793,61,5.739294528961182
2025-07-22 14:19:39.905793,61,5.797249794006348
2025-07-23 14:19:39.905793,61,6.031135559082031
2025-07-24 14:19:39.905793,61,6.725118637084961
2025-07-25 14:19:39.905793,61,5.739294528961182
2025-07-28 14:19:39.905793,61,5.797249794006348
2025-07-29 14:19:39.905793,61,6.031135559082031
2025-07-30 14:19:39.905793,61,6.725118637084961
2025-07-31 14:19:39.905793,61,5.739294528961182
2025-08-01 14:19:39.905793,61,5.797249794006348
2025-08-04 14:19:39.905793,61,6.031135559082031
2025-08-05 14:19:39.905793,61,6.725118637084961
2025-08-06 14:19:39.905793,61,5.739294528961182
2025-08-07 14:19:39.905793,61,5.797249794006348
2025-08-08 14:19:39.905793,61,6.031135559082031
2025-08-11 14:19:39.905793,61,6.725118637084961
2025-08-12 14:19:39.905793,61,5.739294528961182
2025-08-13 14:19:39.905793,61,5.797249794006348
2025-08-14 14:19:39.905793,61,6.031135559082031
2025-08-15 14:19:39.905793,61,6.725118637084961
2025-08-18 14:19:39.905793,61,5.739294528961182
2025-08-19 14:19:39.905793,61,5.797249794006348
2025-08-20 14:19:39.905793,61,6.031135559082031
2025-08-21 14:19:39.905793,61,6.725118637084961
2025-08-22 14:19:39.905793,61,5.739294528961182
2025-08-25 14:19:39.905793,61,5.797249794006348
2025-08-26 14:19:39.905793,61,6.031135559082031
2025-08-27 14:19:39.905793,61,6.725118637084961
2025-08-28 14:19:39.905793,61,5.739294528961182
2025-08-29 14:19:39.905793,61,5.797249794006348
2025-09-01 14:19:39.905793,61,6.031135559082031
2025-09-02 14:19:39.905793,61,6.725118637084961
2025-09-03 14:19:39.905793,61,5.739294528961182
2025-09-04 14:19:39.905793,61,5.797249794006348
2025-09-05 14:19:39.905793,61,6.031135559082031
2025-09-08 14:19:39.905793,61,6.725118637084961
2025-09-09 14:19:39.905793,61,5.739294528961182
2025-09-10 14:19:39.905793,61,5.797249794006348
2025-09-11 14:19:39.905793,61,6.031135559082031
2025-09-12 14:19:39.905793,61,6.725118637084961
2025-09-15 14:19:39.905793,61,5.739294528961182
2025-09-16 14:19:39.905793,61,5.797249794006348
2025-09-17 14:19:39.905793,61,6.031135559082031
2025-09-18 14:19:39.905793,61,6.725118637084961
2025-09-19 14:19:39.905793,61,5.739294528961182
2025-09-22 14:19:39.905793,61,5.797249794006348
2025-09-23 14:19:39.905793,61,6.031135559082031
2025-09-24 14:19:39.905793,61,6.725118637084961
2025-09-25 14:19:39.905793,61,5.739294528961182
2025-09-26 14:19:39.905793,61,5.797249794006348
2025-09-29 14:19:39.905793,61,6.031135559082031
2025-09-30 14:19:39.905793,61,6.725118637084961
2025-10-01 14:19:39.905793,61,5.739294528961182
2025-10-02 14:19:39.905793,61,5.797249794006348
2025-10-03 14:19:39.905793,61,6.031135559082031
2025-10-06 14:19:39.905793,61,6.725118637084961
2025-10-07 14:19:39.905793,61,5.739294528961182
2025-10-08 14:19:39.905793,61,5.797249794006348
2025-10-09 14:19:39.905793,61,6.031135559082031
2025-10-10 14:19:39.905793,61,6.725118637084961
2025-10-13 14:19:39.905793,61,5.739294528961182
2025-10-14 14:19:39.905793,61,5.797249794006348
2025-10-15 14:19:39.905793,61,6.031135559082031
2025-10-16 14:19:39.905793,61,6.725118637084961
2025-10-17 14:19:39.905793,61,5.739294528961182
2025-04-25 14:19:39.905793,62,6.100494384765625
2025-04-28 14:19:39.905793,62,6.48424243927002
2025-04-29 14:19:39.905793,62,6.835841655731201
2025-04-30 14:19:39.905793,62,6.997931480407715
2025-05-01 14:19:39.905793,62,6.571083545684815
2025-05-02 14:19:39.905793,62,6.652301788330078
2025-05-05 14:19:39.905793,62,6.912403106689453
2025-05-06 14:19:39.905793,62,7.0441741943359375
2025-05-07 14:19:39.905793,62,6.582286357879639
2025-05-08 14:19:39.905793,62,6.656383514404297
2025-05-09 14:19:39.905793,62,6.9141621589660645
2025-05-12 14:19:39.905793,62,7.04487419128418
2025-05-13 14:19:39.905793,62,6.582514762878418
2025-05-14 14:19:39.905793,62,6.656464099884033
2025-05-15 14:19:39.905793,62,6.914190292358398
2025-05-16 14:19:39.905793,62,7.044886589050293
2025-05-19 14:19:39.905793,62,6.58251953125
2025-05-20 14:19:39.905793,62,6.656465530395508
2025-05-21 14:19:39.905793,62,6.914191246032715
2025-05-22 14:19:39.905793,62,7.044887542724609
2025-05-23 14:19:39.905793,62,6.58251953125
2025-05-26 14:19:39.905793,62,6.656465530395508
2025-05-27 14:19:39.905793,62,6.914191246032715
2025-05-28 14:19:39.905793,62,7.044887542724609
2025-05-29 14:19:39.905793,62,6.58251953125
2025-05-30 14:19:39.905793,62,6.656465530395508
2025-06-02 14:19:39.905793,62,6.914191246032715
2025-06-03 14:19:39.905793,62,7.044887542724609
2025-06-04 14:19:39.905793,62,6.58251953125
2025-06-05 14:19:39.905793,62,6.656465530395508
2025-06-06 14:19:39.905793,62,6.914191246032715
2025-06-09 14:19:39.905793,62,7.044887542724609
2025-06-10 14:19:39.905793,62,6.58251953125
2025-06-11 14:19:39.905793,62,6.656465530395508
2025-06-12 14:19:39.905793,62,6.914191246032715
2025-06-13 14:19:39.905793,62,7.044887542724609
2025-06-16 14:19:39.905793,62,6.58251953125
2025-06-17 14:19:39.905793,62,6.656465530395508
2025-06-18 14:19:39.905793,62,6.914191246032715
2025-06-19 14:19:39.905793,62,7.044887542724609
2025-06-20 14:19:39.905793,62,6.58251953125
2025-06-23 14:19:39.905793,62,6.656465530395508
2025-06-24 14:19:39.905793,62,6.914191246032715
2025-06-25 14:19:39.905793,62,7.044887542724609
2025-06-26 14:19:39.905793,62,6.58251953125
2025-06-27 14:19:39.905793,62,6.656465530395508
2025-06-30 14:19:39.905793,62,6.914191246032715
2025-07-01 14:19:39.905793,62,7.044887542724609
2025-07-02 14:19:39.905793,62,6.58251953125
2025-07-03 14:19:39.905793,62,6.656465530395508
2025-07-04 14:19:39.905793,62,6.914191246032715
2025-07-07 14:19:39.905793,62,7.044887542724609
2025-07-08 14:19:39.905793,62,6.58251953125
2025-07-09 14:19:39.905793,62,6.656465530395508
2025-07-10 14:19:39.905793,62,6.914191246032715
2025-07-11 14:19:39.905793,62,7.044887542724609
2025-07-14 14:19:39.905793,62,6.58251953125
2025-07-15 14:19:39.905793,62,6.656465530395508
2025-07-16 14:19:39.905793,62,6.914191246032715
2025-07-17 14:19:39.905793,62,7.044887542724609
2025-07-18 14:19:39.905793,62,6.58251953125
2025-07-21 14:19:39.905793,62,6.656465530395508
2025-07-22 14:19:39.905793,62,6.914191246032715
2025-07-23 14:19:39.905793,62,7.044887542724609
2025-07-24 14:19:39.905793,62,6.58251953125
2025-07-25 14:19:39.905793,62,6.656465530395508
2025-07-28 14:19:39.905793,62,6.914191246032715
2025-07-29 14:19:39.905793,62,7.044887542724609
2025-07-30 14:19:39.905793,62,6.58251953125
2025-07-31 14:19:39.905793,62,6.656465530395508
2025-08-01 14:19:39.905793,62,6.914191246032715
2025-08-04 14:19:39.905793,62,7.044887542724609
2025-08-05 14:19:39.905793,62,6.58251953125
2025-08-06 14:19:39.905793,62,6.656465530395508
2025-08-07 14:19:39.905793,62,6.914191246032715
2025-08-08 14:19:39.905793,62,7.044887542724609
2025-08-11 14:19:39.905793,62,6.58251953125
2025-08-12 14:19:39.905793,62,6.656465530395508
2025-08-13 14:19:39.905793,62,6.914191246032715
2025-08-14 14:19:39.905793,62,7.044887542724609
2025-08-15 14:19:39.905793,62,6.58251953125
2025-08-18 14:19:39.905793,62,6.656465530395508
2025-08-19 14:19:39.905793,62,6.914191246032715
2025-08-20 14:19:39.905793,62,7.044887542724609
2025-08-21 14:19:39.905793,62,6.58251953125
2025-08-22 14:19:39.905793,62,6.656465530395508
2025-08-25 14:19:39.905793,62,6.914191246032715
2025-08-26 14:19:39.905793,62,7.044887542724609
2025-08-27 14:19:39.905793,62,6.58251953125
2025-08-28 14:19:39.905793,62,6.656465530395508
2025-08-29 14:19:39.905793,62,6.914191246032715
2025-09-01 14:19:39.905793,62,7.044887542724609
2025-09-02 14:19:39.905793,62,6.58251953125
2025-09-03 14:19:39.905793,62,6.656465530395508
2025-09-04 14:19:39.905793,62,6.914191246032715
2025-09-05 14:19:39.905793,62,7.044887542724609
2025-09-08 14:19:39.905793,62,6.58251953125
2025-09-09 14:19:39.905793,62,6.656465530395508
2025-09-10 14:19:39.905793,62,6.914191246032715
2025-09-11 14:19:39.905793,62,7.044887542724609
2025-09-12 14:19:39.905793,62,6.58251953125
2025-09-15 14:19:39.905793,62,6.656465530395508
2025-09-16 14:19:39.905793,62,6.914191246032715
2025-09-17 14:19:39.905793,62,7.044887542724609
2025-09-18 14:19:39.905793,62,6.58251953125
2025-09-19 14:19:39.905793,62,6.656465530395508
2025-09-22 14:19:39.905793,62,6.914191246032715
2025-09-23 14:19:39.905793,62,7.044887542724609
2025-09-24 14:19:39.905793,62,6.58251953125
2025-09-25 14:19:39.905793,62,6.656465530395508
2025-09-26 14:19:39.905793,62,6.914191246032715
2025-09-29 14:19:39.905793,62,7.044887542724609
2025-09-30 14:19:39.905793,62,6.58251953125
2025-10-01 14:19:39.905793,62,6.656465530395508
2025-10-02 14:19:39.905793,62,6.914191246032715
2025-10-03 14:19:39.905793,62,7.044887542724609
2025-10-06 14:19:39.905793,62,6.58251953125
2025-10-07 14:19:39.905793,62,6.656465530395508
2025-10-08 14:19:39.905793,62,6.914191246032715
2025-10-09 14:19:39.905793,62,7.044887542724609
2025-10-10 14:19:39.905793,62,6.58251953125
2025-10-13 14:19:39.905793,62,6.656465530395508
2025-10-14 14:19:39.905793,62,6.914191246032715
2025-10-15 14:19:39.905793,62,7.044887542724609
2025-10-16 14:19:39.905793,62,6.58251953125
2025-10-17 14:19:39.905793,62,6.656465530395508
2025-04-25 14:19:39.905793,64,12.240312576293944
2025-04-28 14:19:39.905793,64,13.89455795288086
2025-04-29 14:19:39.905793,64,12.330957412719728
2025-04-30 14:19:39.905793,64,12.240350723266602
2025-05-01 14:19:39.905793,64,15.146130561828612
2025-05-02 14:19:39.905793,64,15.95732879638672
2025-05-05 14:19:39.905793,64,12.70887565612793
2025-05-06 14:19:39.905793,64,13.488097190856934
2025-05-07 14:19:39.905793,64,13.821285247802734
2025-05-08 14:19:39.905793,64,15.491024017333984
2025-05-09 14:19:39.905793,64,12.743240356445312
2025-05-12 14:19:39.905793,64,13.59099292755127
2025-05-13 14:19:39.905793,64,14.197540283203123
2025-05-14 14:19:39.905793,64,15.467035293579102
2025-05-15 14:19:39.905793,64,12.708650588989258
2025-05-16 14:19:39.905793,64,13.556517601013184
2025-05-19 14:19:39.905793,64,14.12062931060791
2025-05-20 14:19:39.905793,64,15.505560874938965
2025-05-21 14:19:39.905793,64,12.717557907104492
2025-05-22 14:19:39.905793,64,13.56106185913086
2025-05-23 14:19:39.905793,64,14.12977409362793
2025-05-26 14:19:39.905793,64,15.492852210998535
2025-05-27 14:19:39.905793,64,12.71661376953125
2025-05-28 14:19:39.905793,64,13.561246871948242
2025-05-29 14:19:39.905793,64,14.130017280578612
2025-05-30 14:19:39.905793,64,15.495342254638672
2025-06-02 14:19:39.905793,64,12.71648406982422
2025-06-03 14:19:39.905793,64,13.56100082397461
2025-06-04 14:19:39.905793,64,14.129575729370115
2025-06-05 14:19:39.905793,64,15.49509048461914
2025-06-06 14:19:39.905793,64,12.716569900512695
2025-06-09 14:19:39.905793,64,13.561068534851074
2025-06-10 14:19:39.905793,64,14.129697799682615
2025-06-11 14:19:39.905793,64,15.49506378173828
2025-06-12 14:19:39.905793,64,12.716548919677734
2025-06-13 14:19:39.905793,64,13.561058044433594
2025-06-16 14:19:39.905793,64,14.129679679870604
2025-06-17 14:19:39.905793,64,15.495080947875977
2025-06-18 14:19:39.905793,64,12.716552734375
2025-06-19 14:19:39.905793,64,13.561058044433594
2025-06-20 14:19:39.905793,64,14.129680633544922
2025-06-23 14:19:39.905793,64,15.495078086853027
2025-06-24 14:19:39.905793,64,12.716552734375
2025-06-25 14:19:39.905793,64,13.56105899810791
2025-06-26 14:19:39.905793,64,14.129680633544922
2025-06-27 14:19:39.905793,64,15.495077133178713
2025-06-30 14:19:39.905793,64,12.716552734375
2025-07-01 14:19:39.905793,64,13.561058044433594
2025-07-02 14:19:39.905793,64,14.129680633544922
2025-07-03 14:19:39.905793,64,15.495079040527344
2025-07-04 14:19:39.905793,64,12.716551780700684
2025-07-07 14:19:39.905793,64,13.561058044433594
2025-07-08 14:19:39.905793,64,14.129680633544922
2025-07-09 14:19:39.905793,64,15.495078086853027
2025-07-10 14:19:39.905793,64,12.716552734375
2025-07-11 14:19:39.905793,64,13.56105899810791
2025-07-14 14:19:39.905793,64,14.129680633544922
2025-07-15 14:19:39.905793,64,15.495077133178713
2025-07-16 14:19:39.905793,64,12.716552734375
2025-07-17 14:19:39.905793,64,13.561058044433594
2025-07-18 14:19:39.905793,64,14.129680633544922
2025-07-21 14:19:39.905793,64,15.495079040527344
2025-07-22 14:19:39.905793,64,12.716551780700684
2025-07-23 14:19:39.905793,64,13.561058044433594
2025-07-24 14:19:39.905793,64,14.129680633544922
2025-07-25 14:19:39.905793,64,15.495078086853027
2025-07-28 14:19:39.905793,64,12.716552734375
2025-07-29 14:19:39.905793,64,13.56105899810791
2025-07-30 14:19:39.905793,64,14.129680633544922
2025-07-31 14:19:39.905793,64,15.495077133178713
2025-08-01 14:19:39.905793,64,12.716552734375
2025-08-04 14:19:39.905793,64,13.561058044433594
2025-08-05 14:19:39.905793,64,14.129680633544922
2025-08-06 14:19:39.905793,64,15.495079040527344
2025-08-07 14:19:39.905793,64,12.716551780700684
2025-08-08 14:19:39.905793,64,13.561058044433594
2025-08-11 14:19:39.905793,64,14.129680633544922
2025-08-12 14:19:39.905793,64,15.495078086853027
2025-08-13 14:19:39.905793,64,12.716552734375
2025-08-14 14:19:39.905793,64,13.56105899810791
2025-08-15 14:19:39.905793,64,14.129680633544922
2025-08-18 14:19:39.905793,64,15.495077133178713
2025-08-19 14:19:39.905793,64,12.716552734375
2025-08-20 14:19:39.905793,64,13.561058044433594
2025-08-21 14:19:39.905793,64,14.129680633544922
2025-08-22 14:19:39.905793,64,15.495079040527344
2025-08-25 14:19:39.905793,64,12.716551780700684
2025-08-26 14:19:39.905793,64,13.561058044433594
2025-08-27 14:19:39.905793,64,14.129680633544922
2025-08-28 14:19:39.905793,64,15.495078086853027
2025-08-29 14:19:39.905793,64,12.716552734375
2025-09-01 14:19:39.905793,64,13.56105899810791
2025-09-02 14:19:39.905793,64,14.129680633544922
2025-09-03 14:19:39.905793,64,15.495077133178713
2025-09-04 14:19:39.905793,64,12.716552734375
2025-09-05 14:19:39.905793,64,13.561058044433594
2025-09-08 14:19:39.905793,64,14.129680633544922
2025-09-09 14:19:39.905793,64,15.495079040527344
2025-09-10 14:19:39.905793,64,12.716551780700684
2025-09-11 14:19:39.905793,64,13.561058044433594
2025-09-12 14:19:39.905793,64,14.129680633544922
2025-09-15 14:19:39.905793,64,15.495078086853027
2025-09-16 14:19:39.905793,64,12.716552734375
2025-09-17 14:19:39.905793,64,13.56105899810791
2025-09-18 14:19:39.905793,64,14.129680633544922
2025-09-19 14:19:39.905793,64,15.495077133178713
2025-09-22 14:19:39.905793,64,12.716552734375
2025-09-23 14:19:39.905793,64,13.561058044433594
2025-09-24 14:19:39.905793,64,14.129680633544922
2025-09-25 14:19:39.905793,64,15.495079040527344
2025-09-26 14:19:39.905793,64,12.716551780700684
2025-09-29 14:19:39.905793,64,13.561058044433594
2025-09-30 14:19:39.905793,64,14.129680633544922
2025-10-01 14:19:39.905793,64,15.495078086853027
2025-10-02 14:19:39.905793,64,12.716552734375
2025-10-03 14:19:39.905793,64,13.56105899810791
2025-10-06 14:19:39.905793,64,14.129680633544922
2025-10-07 14:19:39.905793,64,15.495077133178713
2025-10-08 14:19:39.905793,64,12.716552734375
2025-10-09 14:19:39.905793,64,13.561058044433594
2025-10-10 14:19:39.905793,64,14.129680633544922
2025-10-13 14:19:39.905793,64,15.495079040527344
2025-10-14 14:19:39.905793,64,12.716551780700684
2025-10-15 14:19:39.905793,64,13.561058044433594
2025-10-16 14:19:39.905793,64,14.129680633544922
2025-10-17 14:19:39.905793,64,15.495078086853027
2025-04-25 14:19:39.905793,65,18.890045166015625
2025-04-28 14:19:39.905793,65,17.200092315673828
2025-04-29 14:19:39.905793,65,13.350621223449709
2025-04-30 14:19:39.905793,65,13.12538719177246
2025-05-01 14:19:39.905793,65,11.744574546813965
2025-05-02 14:19:39.905793,65,12.207887649536133
2025-05-05 14:19:39.905793,65,12.765755653381348
2025-05-06 14:19:39.905793,65,12.74001121520996
2025-05-07 14:19:39.905793,65,13.06645393371582
2025-05-08 14:19:39.905793,65,12.855144500732422
2025-05-09 14:19:39.905793,65,12.800410270690918
2025-05-12 14:19:39.905793,65,12.695775032043455
2025-05-13 14:19:39.905793,65,12.817176818847656
2025-05-14 14:19:39.905793,65,12.777301788330078
2025-05-15 14:19:39.905793,65,12.805237770080566
2025-05-16 14:19:39.905793,65,12.71041774749756
2025-05-19 14:19:39.905793,65,12.856975555419922
2025-05-20 14:19:39.905793,65,12.784318923950195
2025-05-21 14:19:39.905793,65,12.803359985351562
2025-05-22 14:19:39.905793,65,12.707756996154783
2025-05-23 14:19:39.905793,65,12.851240158081056
2025-05-26 14:19:39.905793,65,12.784062385559082
2025-05-27 14:19:39.905793,65,12.803739547729492
2025-05-28 14:19:39.905793,65,12.708157539367676
2025-05-29 14:19:39.905793,65,12.851981163024902
2025-05-30 14:19:39.905793,65,12.783987045288086
2025-06-02 14:19:39.905793,65,12.80367660522461
2025-06-03 14:19:39.905793,65,12.708104133605955
2025-06-04 14:19:39.905793,65,12.851898193359377
2025-06-05 14:19:39.905793,65,12.784011840820312
2025-06-06 14:19:39.905793,65,12.803686141967772
2025-06-09 14:19:39.905793,65,12.70810890197754
2025-06-10 14:19:39.905793,65,12.851905822753906
2025-06-11 14:19:39.905793,65,12.78400707244873
2025-06-12 14:19:39.905793,65,12.803686141967772
2025-06-13 14:19:39.905793,65,12.70810890197754
2025-06-16 14:19:39.905793,65,12.851905822753906
2025-06-17 14:19:39.905793,65,12.78400707244873
2025-06-18 14:19:39.905793,65,12.803686141967772
2025-06-19 14:19:39.905793,65,12.70810890197754
2025-06-20 14:19:39.905793,65,12.851905822753906
2025-06-23 14:19:39.905793,65,12.78400707244873
2025-06-24 14:19:39.905793,65,12.803686141967772
2025-06-25 14:19:39.905793,65,12.70810890197754
2025-06-26 14:19:39.905793,65,12.851905822753906
2025-06-27 14:19:39.905793,65,12.78400707244873
2025-06-30 14:19:39.905793,65,12.803686141967772
2025-07-01 14:19:39.905793,65,12.70810890197754
2025-07-02 14:19:39.905793,65,12.851905822753906
2025-07-03 14:19:39.905793,65,12.78400707244873
2025-07-04 14:19:39.905793,65,12.803686141967772
2025-07-07 14:19:39.905793,65,12.70810890197754
2025-07-08 14:19:39.905793,65,12.851905822753906
2025-07-09 14:19:39.905793,65,12.78400707244873
2025-07-10 14:19:39.905793,65,12.803686141967772
2025-07-11 14:19:39.905793,65,12.70810890197754
2025-07-14 14:19:39.905793,65,12.851905822753906
2025-07-15 14:19:39.905793,65,12.78400707244873
2025-07-16 14:19:39.905793,65,12.803686141967772
2025-07-17 14:19:39.905793,65,12.70810890197754
2025-07-18 14:19:39.905793,65,12.851905822753906
2025-07-21 14:19:39.905793,65,12.78400707244873
2025-07-22 14:19:39.905793,65,12.803686141967772
2025-07-23 14:19:39.905793,65,12.70810890197754
2025-07-24 14:19:39.905793,65,12.851905822753906
2025-07-25 14:19:39.905793,65,12.78400707244873
2025-07-28 14:19:39.905793,65,12.803686141967772
2025-07-29 14:19:39.905793,65,12.70810890197754
2025-07-30 14:19:39.905793,65,12.851905822753906
2025-07-31 14:19:39.905793,65,12.78400707244873
2025-08-01 14:19:39.905793,65,12.803686141967772
2025-08-04 14:19:39.905793,65,12.70810890197754
2025-08-05 14:19:39.905793,65,12.851905822753906
2025-08-06 14:19:39.905793,65,12.78400707244873
2025-08-07 14:19:39.905793,65,12.803686141967772
2025-08-08 14:19:39.905793,65,12.70810890197754
2025-08-11 14:19:39.905793,65,12.851905822753906
2025-08-12 14:19:39.905793,65,12.78400707244873
2025-08-13 14:19:39.905793,65,12.803686141967772
2025-08-14 14:19:39.905793,65,12.70810890197754
2025-08-15 14:19:39.905793,65,12.851905822753906
2025-08-18 14:19:39.905793,65,12.78400707244873
2025-08-19 14:19:39.905793,65,12.803686141967772
2025-08-20 14:19:39.905793,65,12.70810890197754
2025-08-21 14:19:39.905793,65,12.851905822753906
2025-08-22 14:19:39.905793,65,12.78400707244873
2025-08-25 14:19:39.905793,65,12.803686141967772
2025-08-26 14:19:39.905793,65,12.70810890197754
2025-08-27 14:19:39.905793,65,12.851905822753906
2025-08-28 14:19:39.905793,65,12.78400707244873
2025-08-29 14:19:39.905793,65,12.803686141967772
2025-09-01 14:19:39.905793,65,12.70810890197754
2025-09-02 14:19:39.905793,65,12.851905822753906
2025-09-03 14:19:39.905793,65,12.78400707244873
2025-09-04 14:19:39.905793,65,12.803686141967772
2025-09-05 14:19:39.905793,65,12.70810890197754
2025-09-08 14:19:39.905793,65,12.851905822753906
2025-09-09 14:19:39.905793,65,12.78400707244873
2025-09-10 14:19:39.905793,65,12.803686141967772
2025-09-11 14:19:39.905793,65,12.70810890197754
2025-09-12 14:19:39.905793,65,12.851905822753906
2025-09-15 14:19:39.905793,65,12.78400707244873
2025-09-16 14:19:39.905793,65,12.803686141967772
2025-09-17 14:19:39.905793,65,12.70810890197754
2025-09-18 14:19:39.905793,65,12.851905822753906
2025-09-19 14:19:39.905793,65,12.78400707244873
2025-09-22 14:19:39.905793,65,12.803686141967772
2025-09-23 14:19:39.905793,65,12.70810890197754
2025-09-24 14:19:39.905793,65,12.851905822753906
2025-09-25 14:19:39.905793,65,12.78400707244873
2025-09-26 14:19:39.905793,65,12.803686141967772
2025-09-29 14:19:39.905793,65,12.70810890197754
2025-09-30 14:19:39.905793,65,12.851905822753906
2025-10-01 14:19:39.905793,65,12.78400707244873
2025-10-02 14:19:39.905793,65,12.803686141967772
2025-10-03 14:19:39.905793,65,12.70810890197754
2025-10-06 14:19:39.905793,65,12.851905822753906
2025-10-07 14:19:39.905793,65,12.78400707244873
2025-10-08 14:19:39.905793,65,12.803686141967772
2025-10-09 14:19:39.905793,65,12.70810890197754
2025-10-10 14:19:39.905793,65,12.851905822753906
2025-10-13 14:19:39.905793,65,12.78400707244873
2025-10-14 14:19:39.905793,65,12.803686141967772
2025-10-15 14:19:39.905793,65,12.70810890197754
2025-10-16 14:19:39.905793,65,12.851905822753906
2025-10-17 14:19:39.905793,65,12.78400707244873
2025-04-25 14:19:39.905793,66,7.73741865158081
2025-04-28 14:19:39.905793,66,7.4011969566345215
2025-04-29 14:19:39.905793,66,7.998885154724121
2025-04-30 14:19:39.905793,66,9.481197357177734
2025-05-01 14:19:39.905793,66,10.208832740783691
2025-05-02 14:19:39.905793,66,9.945671081542969
2025-05-05 14:19:39.905793,66,8.508197784423828
2025-05-06 14:19:39.905793,66,8.66313362121582
2025-05-07 14:19:39.905793,66,9.93774127960205
2025-05-08 14:19:39.905793,66,9.87140941619873
2025-05-09 14:19:39.905793,66,8.477432250976562
2025-05-12 14:19:39.905793,66,8.730396270751953
2025-05-13 14:19:39.905793,66,9.98322868347168
2025-05-14 14:19:39.905793,66,9.882461547851562
2025-05-15 14:19:39.905793,66,8.476325035095215
2025-05-16 14:19:39.905793,66,8.720213890075684
2025-05-19 14:19:39.905793,66,9.975549697875977
2025-05-20 14:19:39.905793,66,9.880833625793455
2025-05-21 14:19:39.905793,66,8.477815628051758
2025-05-22 14:19:39.905793,66,8.721874237060547
2025-05-23 14:19:39.905793,66,9.976858139038086
2025-05-26 14:19:39.905793,66,9.881077766418455
2025-05-27 14:19:39.905793,66,8.477276802062988
2025-05-28 14:19:39.905793,66,8.721582412719727
2025-05-29 14:19:39.905793,66,9.976629257202148
2025-05-30 14:19:39.905793,66,9.881040573120115
2025-06-02 14:19:39.905793,66,8.477432250976562
2025-06-03 14:19:39.905793,66,8.721635818481445
2025-06-04 14:19:39.905793,66,9.976672172546388
2025-06-05 14:19:39.905793,66,9.8810453414917
2025-06-06 14:19:39.905793,66,8.47739028930664
2025-06-09 14:19:39.905793,66,8.721626281738281
2025-06-10 14:19:39.905793,66,9.97666358947754
2025-06-11 14:19:39.905793,66,9.8810453414917
2025-06-12 14:19:39.905793,66,8.477399826049805
2025-06-13 14:19:39.905793,66,8.721626281738281
2025-06-16 14:19:39.905793,66,9.976665496826172
2025-06-17 14:19:39.905793,66,9.8810453414917
2025-06-18 14:19:39.905793,66,8.477397918701172
2025-06-19 14:19:39.905793,66,8.721626281738281
2025-06-20 14:19:39.905793,66,9.976664543151855
2025-06-23 14:19:39.905793,66,9.8810453414917
2025-06-24 14:19:39.905793,66,8.477399826049805
2025-06-25 14:19:39.905793,66,8.721626281738281
2025-06-26 14:19:39.905793,66,9.976665496826172
2025-06-27 14:19:39.905793,66,9.8810453414917
2025-06-30 14:19:39.905793,66,8.477397918701172
2025-07-01 14:19:39.905793,66,8.721626281738281
2025-07-02 14:19:39.905793,66,9.976664543151855
2025-07-03 14:19:39.905793,66,9.8810453414917
2025-07-04 14:19:39.905793,66,8.477399826049805
2025-07-07 14:19:39.905793,66,8.721626281738281
2025-07-08 14:19:39.905793,66,9.976665496826172
2025-07-09 14:19:39.905793,66,9.8810453414917
2025-07-10 14:19:39.905793,66,8.477397918701172
2025-07-11 14:19:39.905793,66,8.721626281738281
2025-07-14 14:19:39.905793,66,9.976664543151855
2025-07-15 14:19:39.905793,66,9.8810453414917
2025-07-16 14:19:39.905793,66,8.477399826049805
2025-07-17 14:19:39.905793,66,8.721626281738281
2025-07-18 14:19:39.905793,66,9.976665496826172
2025-07-21 14:19:39.905793,66,9.8810453414917
2025-07-22 14:19:39.905793,66,8.477397918701172
2025-07-23 14:19:39.905793,66,8.721626281738281
2025-07-24 14:19:39.905793,66,9.976664543151855
2025-07-25 14:19:39.905793,66,9.8810453414917
2025-07-28 14:19:39.905793,66,8.477399826049805
2025-07-29 14:19:39.905793,66,8.721626281738281
2025-07-30 14:19:39.905793,66,9.976665496826172
2025-07-31 14:19:39.905793,66,9.8810453414917
2025-08-01 14:19:39.905793,66,8.477397918701172
2025-08-04 14:19:39.905793,66,8.721626281738281
2025-08-05 14:19:39.905793,66,9.976664543151855
2025-08-06 14:19:39.905793,66,9.8810453414917
2025-08-07 14:19:39.905793,66,8.477399826049805
2025-08-08 14:19:39.905793,66,8.721626281738281
2025-08-11 14:19:39.905793,66,9.976665496826172
2025-08-12 14:19:39.905793,66,9.8810453414917
2025-08-13 14:19:39.905793,66,8.477397918701172
2025-08-14 14:19:39.905793,66,8.721626281738281
2025-08-15 14:19:39.905793,66,9.976664543151855
2025-08-18 14:19:39.905793,66,9.8810453414917
2025-08-19 14:19:39.905793,66,8.477399826049805
2025-08-20 14:19:39.905793,66,8.721626281738281
2025-08-21 14:19:39.905793,66,9.976665496826172
2025-08-22 14:19:39.905793,66,9.8810453414917
2025-08-25 14:19:39.905793,66,8.477397918701172
2025-08-26 14:19:39.905793,66,8.721626281738281
2025-08-27 14:19:39.905793,66,9.976664543151855
2025-08-28 14:19:39.905793,66,9.8810453414917
2025-08-29 14:19:39.905793,66,8.477399826049805
2025-09-01 14:19:39.905793,66,8.721626281738281
2025-09-02 14:19:39.905793,66,9.976665496826172
2025-09-03 14:19:39.905793,66,9.8810453414917
2025-09-04 14:19:39.905793,66,8.477397918701172
2025-09-05 14:19:39.905793,66,8.721626281738281
2025-09-08 14:19:39.905793,66,9.976664543151855
2025-09-09 14:19:39.905793,66,9.8810453414917
2025-09-10 14:19:39.905793,66,8.477399826049805
2025-09-11 14:19:39.905793,66,8.721626281738281
2025-09-12 14:19:39.905793,66,9.976665496826172
2025-09-15 14:19:39.905793,66,9.8810453414917
2025-09-16 14:19:39.905793,66,8.477397918701172
2025-09-17 14:19:39.905793,66,8.721626281738281
2025-09-18 14:19:39.905793,66,9.976664543151855
2025-09-19 14:19:39.905793,66,9.8810453414917
2025-09-22 14:19:39.905793,66,8.477399826049805
2025-09-23 14:19:39.905793,66,8.721626281738281
2025-09-24 14:19:39.905793,66,9.976665496826172
2025-09-25 14:19:39.905793,66,9.8810453414917
2025-09-26 14:19:39.905793,66,8.477397918701172
2025-09-29 14:19:39.905793,66,8.721626281738281
2025-09-30 14:19:39.905793,66,9.976664543151855
2025-10-01 14:19:39.905793,66,9.8810453414917
2025-10-02 14:19:39.905793,66,8.477399826049805
2025-10-03 14:19:39.905793,66,8.721626281738281
2025-10-06 14:19:39.905793,66,9.976665496826172
2025-10-07 14:19:39.905793,66,9.8810453414917
2025-10-08 14:19:39.905793,66,8.477397918701172
2025-10-09 14:19:39.905793,66,8.721626281738281
2025-10-10 14:19:39.905793,66,9.976664543151855
2025-10-13 14:19:39.905793,66,9.8810453414917
2025-10-14 14:19:39.905793,66,8.477399826049805
2025-10-15 14:19:39.905793,66,8.721626281738281
2025-10-16 14:19:39.905793,66,9.976665496826172
2025-10-17 14:19:39.905793,66,9.8810453414917
2025-04-25 14:19:39.905793,67,7.371293067932129
2025-04-28 14:19:39.905793,67,7.507541656494141
2025-04-29 14:19:39.905793,67,7.809417724609375
2025-04-30 14:19:39.905793,67,9.63284683227539
2025-05-01 14:19:39.905793,67,10.436321258544922
2025-05-02 14:19:39.905793,67,11.099735260009766
2025-05-05 14:19:39.905793,67,11.945775985717772
2025-05-06 14:19:39.905793,67,12.900557518005373
2025-05-07 14:19:39.905793,67,12.305094718933104
2025-05-08 14:19:39.905793,67,12.962987899780272
2025-05-09 14:19:39.905793,67,13.518341064453123
2025-05-12 14:19:39.905793,67,13.720701217651367
2025-05-13 14:19:39.905793,67,12.618968963623049
2025-05-14 14:19:39.905793,67,13.22121238708496
2025-05-15 14:19:39.905793,67,13.716726303100586
2025-05-16 14:19:39.905793,67,13.788679122924805
2025-05-19 14:19:39.905793,67,12.636417388916016
2025-05-20 14:19:39.905793,67,13.236984252929688
2025-05-21 14:19:39.905793,67,13.729178428649902
2025-05-22 14:19:39.905793,67,13.791980743408203
2025-05-23 14:19:39.905793,67,12.63726043701172
2025-05-26 14:19:39.905793,67,13.237804412841797
2025-05-27 14:19:39.905793,67,13.729827880859377
2025-05-28 14:19:39.905793,67,13.792142868041992
2025-05-29 14:19:39.905793,67,12.63730239868164
2025-05-30 14:19:39.905793,67,13.23784637451172
2025-06-02 14:19:39.905793,67,13.729860305786133
2025-06-03 14:19:39.905793,67,13.792150497436523
2025-06-04 14:19:39.905793,67,12.63730525970459
2025-06-05 14:19:39.905793,67,13.237849235534668
2025-06-06 14:19:39.905793,67,13.72986125946045
2025-06-09 14:19:39.905793,67,13.792150497436523
2025-06-10 14:19:39.905793,67,12.637304306030272
2025-06-11 14:19:39.905793,67,13.237848281860352
2025-06-12 14:19:39.905793,67,13.72986125946045
2025-06-13 14:19:39.905793,67,13.79215145111084
2025-06-16 14:19:39.905793,67,12.63730525970459
2025-06-17 14:19:39.905793,67,13.237848281860352
2025-06-18 14:19:39.905793,67,13.729862213134766
2025-06-19 14:19:39.905793,67,13.792150497436523
2025-06-20 14:19:39.905793,67,12.637304306030272
2025-06-23 14:19:39.905793,67,13.237848281860352
2025-06-24 14:19:39.905793,67,13.72986125946045
2025-06-25 14:19:39.905793,67,13.79215145111084
2025-06-26 14:19:39.905793,67,12.63730525970459
2025-06-27 14:19:39.905793,67,13.237848281860352
2025-06-30 14:19:39.905793,67,13.729862213134766
2025-07-01 14:19:39.905793,67,13.792150497436523
2025-07-02 14:19:39.905793,67,12.637304306030272
2025-07-03 14:19:39.905793,67,13.237848281860352
2025-07-04 14:19:39.905793,67,13.72986125946045
2025-07-07 14:19:39.905793,67,13.79215145111084
2025-07-08 14:19:39.905793,67,12.63730525970459
2025-07-09 14:19:39.905793,67,13.237848281860352
2025-07-10 14:19:39.905793,67,13.729862213134766
2025-07-11 14:19:39.905793,67,13.792150497436523
2025-07-14 14:19:39.905793,67,12.637304306030272
2025-07-15 14:19:39.905793,67,13.237848281860352
2025-07-16 14:19:39.905793,67,13.72986125946045
2025-07-17 14:19:39.905793,67,13.79215145111084
2025-07-18 14:19:39.905793,67,12.63730525970459
2025-07-21 14:19:39.905793,67,13.237848281860352
2025-07-22 14:19:39.905793,67,13.729862213134766
2025-07-23 14:19:39.905793,67,13.792150497436523
2025-07-24 14:19:39.905793,67,12.637304306030272
2025-07-25 14:19:39.905793,67,13.237848281860352
2025-07-28 14:19:39.905793,67,13.72986125946045
2025-07-29 14:19:39.905793,67,13.79215145111084
2025-07-30 14:19:39.905793,67,12.63730525970459
2025-07-31 14:19:39.905793,67,13.237848281860352
2025-08-01 14:19:39.905793,67,13.729862213134766
2025-08-04 14:19:39.905793,67,13.792150497436523
2025-08-05 14:19:39.905793,67,12.637304306030272
2025-08-06 14:19:39.905793,67,13.237848281860352
2025-08-07 14:19:39.905793,67,13.72986125946045
2025-08-08 14:19:39.905793,67,13.79215145111084
2025-08-11 14:19:39.905793,67,12.63730525970459
2025-08-12 14:19:39.905793,67,13.237848281860352
2025-08-13 14:19:39.905793,67,13.729862213134766
2025-08-14 14:19:39.905793,67,13.792150497436523
2025-08-15 14:19:39.905793,67,12.637304306030272
2025-08-18 14:19:39.905793,67,13.237848281860352
2025-08-19 14:19:39.905793,67,13.72986125946045
2025-08-20 14:19:39.905793,67,13.79215145111084
2025-08-21 14:19:39.905793,67,12.63730525970459
2025-08-22 14:19:39.905793,67,13.237848281860352
2025-08-25 14:19:39.905793,67,13.729862213134766
2025-08-26 14:19:39.905793,67,13.792150497436523
2025-08-27 14:19:39.905793,67,12.637304306030272
2025-08-28 14:19:39.905793,67,13.237848281860352
2025-08-29 14:19:39.905793,67,13.72986125946045
2025-09-01 14:19:39.905793,67,13.79215145111084
2025-09-02 14:19:39.905793,67,12.63730525970459
2025-09-03 14:19:39.905793,67,13.237848281860352
2025-09-04 14:19:39.905793,67,13.729862213134766
2025-09-05 14:19:39.905793,67,13.792150497436523
2025-09-08 14:19:39.905793,67,12.637304306030272
2025-09-09 14:19:39.905793,67,13.237848281860352
2025-09-10 14:19:39.905793,67,13.72986125946045
2025-09-11 14:19:39.905793,67,13.79215145111084
2025-09-12 14:19:39.905793,67,12.63730525970459
2025-09-15 14:19:39.905793,67,13.237848281860352
2025-09-16 14:19:39.905793,67,13.729862213134766
2025-09-17 14:19:39.905793,67,13.792150497436523
2025-09-18 14:19:39.905793,67,12.637304306030272
2025-09-19 14:19:39.905793,67,13.237848281860352
2025-09-22 14:19:39.905793,67,13.72986125946045
2025-09-23 14:19:39.905793,67,13.79215145111084
2025-09-24 14:19:39.905793,67,12.63730525970459
2025-09-25 14:19:39.905793,67,13.237848281860352
2025-09-26 14:19:39.905793,67,13.729862213134766
2025-09-29 14:19:39.905793,67,13.792150497436523
2025-09-30 14:19:39.905793,67,12.637304306030272
2025-10-01 14:19:39.905793,67,13.237848281860352
2025-10-02 14:19:39.905793,67,13.72986125946045
2025-10-03 14:19:39.905793,67,13.79215145111084
2025-10-06 14:19:39.905793,67,12.63730525970459
2025-10-07 14:19:39.905793,67,13.237848281860352
2025-10-08 14:19:39.905793,67,13.729862213134766
2025-10-09 14:19:39.905793,67,13.792150497436523
2025-10-10 14:19:39.905793,67,12.637304306030272
2025-10-13 14:19:39.905793,67,13.237848281860352
2025-10-14 14:19:39.905793,67,13.72986125946045
2025-10-15 14:19:39.905793,67,13.79215145111084
2025-10-16 14:19:39.905793,67,12.63730525970459
2025-10-17 14:19:39.905793,67,13.237848281860352
2025-04-25 14:19:39.905793,68,9.124603271484377
2025-04-28 14:19:39.905793,68,9.077214241027832
2025-04-29 14:19:39.905793,68,9.580507278442385
2025-04-30 14:19:39.905793,68,11.564480781555176
2025-05-01 14:19:39.905793,68,12.24899959564209
2025-05-02 14:19:39.905793,68,12.3306884765625
2025-05-05 14:19:39.905793,68,12.832210540771484
2025-05-06 14:19:39.905793,68,13.270374298095703
2025-05-07 14:19:39.905793,68,13.033819198608398
2025-05-08 14:19:39.905793,68,13.051934242248535
2025-05-09 14:19:39.905793,68,13.320886611938477
2025-05-12 14:19:39.905793,68,13.495498657226562
2025-05-13 14:19:39.905793,68,13.17070198059082
2025-05-14 14:19:39.905793,68,13.137069702148438
2025-05-15 14:19:39.905793,68,13.369754791259766
2025-05-16 14:19:39.905793,68,13.521004676818848
2025-05-19 14:19:39.905793,68,13.186236381530762
2025-05-20 14:19:39.905793,68,13.1452054977417
2025-05-21 14:19:39.905793,68,13.374608993530272
2025-05-22 14:19:39.905793,68,13.523643493652344
2025-05-23 14:19:39.905793,68,13.187807083129885
2025-05-26 14:19:39.905793,68,13.145994186401367
2025-05-27 14:19:39.905793,68,13.37509536743164
2025-05-28 14:19:39.905793,68,13.523908615112305
2025-05-29 14:19:39.905793,68,13.18796157836914
2025-05-30 14:19:39.905793,68,13.146074295043944
2025-06-02 14:19:39.905793,68,13.37514305114746
2025-06-03 14:19:39.905793,68,13.523934364318848
2025-06-04 14:19:39.905793,68,13.187976837158203
2025-06-05 14:19:39.905793,68,13.14608097076416
2025-06-06 14:19:39.905793,68,13.375147819519045
2025-06-09 14:19:39.905793,68,13.523938179016112
2025-06-10 14:19:39.905793,68,13.187979698181152
2025-06-11 14:19:39.905793,68,13.146081924438477
2025-06-12 14:19:39.905793,68,13.37514877319336
2025-06-13 14:19:39.905793,68,13.523938179016112
2025-06-16 14:19:39.905793,68,13.187978744506836
2025-06-17 14:19:39.905793,68,13.146081924438477
2025-06-18 14:19:39.905793,68,13.37514877319336
2025-06-19 14:19:39.905793,68,13.523938179016112
2025-06-20 14:19:39.905793,68,13.187978744506836
2025-06-23 14:19:39.905793,68,13.146081924438477
2025-06-24 14:19:39.905793,68,13.37514877319336
2025-06-25 14:19:39.905793,68,13.523938179016112
2025-06-26 14:19:39.905793,68,13.187978744506836
2025-06-27 14:19:39.905793,68,13.146081924438477
2025-06-30 14:19:39.905793,68,13.37514877319336
2025-07-01 14:19:39.905793,68,13.523938179016112
2025-07-02 14:19:39.905793,68,13.187978744506836
2025-07-03 14:19:39.905793,68,13.146081924438477
2025-07-04 14:19:39.905793,68,13.37514877319336
2025-07-07 14:19:39.905793,68,13.523938179016112
2025-07-08 14:19:39.905793,68,13.187978744506836
2025-07-09 14:19:39.905793,68,13.146081924438477
2025-07-10 14:19:39.905793,68,13.37514877319336
2025-07-11 14:19:39.905793,68,13.523938179016112
2025-07-14 14:19:39.905793,68,13.187978744506836
2025-07-15 14:19:39.905793,68,13.146081924438477
2025-07-16 14:19:39.905793,68,13.37514877319336
2025-07-17 14:19:39.905793,68,13.523938179016112
2025-07-18 14:19:39.905793,68,13.187978744506836
2025-07-21 14:19:39.905793,68,13.146081924438477
2025-07-22 14:19:39.905793,68,13.37514877319336
2025-07-23 14:19:39.905793,68,13.523938179016112
2025-07-24 14:19:39.905793,68,13.187978744506836
2025-07-25 14:19:39.905793,68,13.146081924438477
2025-07-28 14:19:39.905793,68,13.37514877319336
2025-07-29 14:19:39.905793,68,13.523938179016112
2025-07-30 14:19:39.905793,68,13.187978744506836
2025-07-31 14:19:39.905793,68,13.146081924438477
2025-08-01 14:19:39.905793,68,13.37514877319336
2025-08-04 14:19:39.905793,68,13.523938179016112
2025-08-05 14:19:39.905793,68,13.187978744506836
2025-08-06 14:19:39.905793,68,13.146081924438477
2025-08-07 14:19:39.905793,68,13.37514877319336
2025-08-08 14:19:39.905793,68,13.523938179016112
2025-08-11 14:19:39.905793,68,13.187978744506836
2025-08-12 14:19:39.905793,68,13.146081924438477
2025-08-13 14:19:39.905793,68,13.37514877319336
2025-08-14 14:19:39.905793,68,13.523938179016112
2025-08-15 14:19:39.905793,68,13.187978744506836
2025-08-18 14:19:39.905793,68,13.146081924438477
2025-08-19 14:19:39.905793,68,13.37514877319336
2025-08-20 14:19:39.905793,68,13.523938179016112
2025-08-21 14:19:39.905793,68,13.187978744506836
2025-08-22 14:19:39.905793,68,13.146081924438477
2025-08-25 14:19:39.905793,68,13.37514877319336
2025-08-26 14:19:39.905793,68,13.523938179016112
2025-08-27 14:19:39.905793,68,13.187978744506836
2025-08-28 14:19:39.905793,68,13.146081924438477
2025-08-29 14:19:39.905793,68,13.37514877319336
2025-09-01 14:19:39.905793,68,13.523938179016112
2025-09-02 14:19:39.905793,68,13.187978744506836
2025-09-03 14:19:39.905793,68,13.146081924438477
2025-09-04 14:19:39.905793,68,13.37514877319336
2025-09-05 14:19:39.905793,68,13.523938179016112
2025-09-08 14:19:39.905793,68,13.187978744506836
2025-09-09 14:19:39.905793,68,13.146081924438477
2025-09-10 14:19:39.905793,68,13.37514877319336
2025-09-11 14:19:39.905793,68,13.523938179016112
2025-09-12 14:19:39.905793,68,13.187978744506836
2025-09-15 14:19:39.905793,68,13.146081924438477
2025-09-16 14:19:39.905793,68,13.37514877319336
2025-09-17 14:19:39.905793,68,13.523938179016112
2025-09-18 14:19:39.905793,68,13.187978744506836
2025-09-19 14:19:39.905793,68,13.146081924438477
2025-09-22 14:19:39.905793,68,13.37514877319336
2025-09-23 14:19:39.905793,68,13.523938179016112
2025-09-24 14:19:39.905793,68,13.187978744506836
2025-09-25 14:19:39.905793,68,13.146081924438477
2025-09-26 14:19:39.905793,68,13.37514877319336
2025-09-29 14:19:39.905793,68,13.523938179016112
2025-09-30 14:19:39.905793,68,13.187978744506836
2025-10-01 14:19:39.905793,68,13.146081924438477
2025-10-02 14:19:39.905793,68,13.37514877319336
2025-10-03 14:19:39.905793,68,13.523938179016112
2025-10-06 14:19:39.905793,68,13.187978744506836
2025-10-07 14:19:39.905793,68,13.146081924438477
2025-10-08 14:19:39.905793,68,13.37514877319336
2025-10-09 14:19:39.905793,68,13.523938179016112
2025-10-10 14:19:39.905793,68,13.187978744506836
2025-10-13 14:19:39.905793,68,13.146081924438477
2025-10-14 14:19:39.905793,68,13.37514877319336
2025-10-15 14:19:39.905793,68,13.523938179016112
2025-10-16 14:19:39.905793,68,13.187978744506836
2025-10-17 14:19:39.905793,68,13.146081924438477
2025-04-25 14:19:39.905793,69,6.558618545532227
2025-04-28 14:19:39.905793,69,6.184805393218994
2025-04-29 14:19:39.905793,69,6.3802690505981445
2025-04-30 14:19:39.905793,69,6.474356651306152
2025-05-01 14:19:39.905793,69,6.762240886688232
2025-05-02 14:19:39.905793,69,6.2727885246276855
2025-05-05 14:19:39.905793,69,6.6315507888793945
2025-05-06 14:19:39.905793,69,6.7761430740356445
2025-05-07 14:19:39.905793,69,6.814176082611084
2025-05-08 14:19:39.905793,69,6.307331085205078
2025-05-09 14:19:39.905793,69,6.681372165679932
2025-05-12 14:19:39.905793,69,6.820619583129883
2025-05-13 14:19:39.905793,69,6.825540542602539
2025-05-14 14:19:39.905793,69,6.315718650817871
2025-05-15 14:19:39.905793,69,6.691014766693115
2025-05-16 14:19:39.905793,69,6.827854633331299
2025-05-19 14:19:39.905793,69,6.82785177230835
2025-05-20 14:19:39.905793,69,6.31748628616333
2025-05-21 14:19:39.905793,69,6.69282341003418
2025-05-22 14:19:39.905793,69,6.829084396362305
2025-05-23 14:19:39.905793,69,6.828301429748535
2025-05-26 14:19:39.905793,69,6.317834854125977
2025-05-27 14:19:39.905793,69,6.693156719207764
2025-05-28 14:19:39.905793,69,6.829299449920654
2025-05-29 14:19:39.905793,69,6.828386306762695
2025-05-30 14:19:39.905793,69,6.317900657653809
2025-06-02 14:19:39.905793,69,6.693217277526856
2025-06-03 14:19:39.905793,69,6.829337120056152
2025-06-04 14:19:39.905793,69,6.828401565551758
2025-06-05 14:19:39.905793,69,6.317912578582764
2025-06-06 14:19:39.905793,69,6.693229675292969
2025-06-09 14:19:39.905793,69,6.829342842102051
2025-06-10 14:19:39.905793,69,6.828404903411865
2025-06-11 14:19:39.905793,69,6.317914962768555
2025-06-12 14:19:39.905793,69,6.693230628967285
2025-06-13 14:19:39.905793,69,6.829344749450684
2025-06-16 14:19:39.905793,69,6.828404426574707
2025-06-17 14:19:39.905793,69,6.317915439605713
2025-06-18 14:19:39.905793,69,6.693231582641602
2025-06-19 14:19:39.905793,69,6.829345226287842
2025-06-20 14:19:39.905793,69,6.828405380249023
2025-06-23 14:19:39.905793,69,6.317915439605713
2025-06-24 14:19:39.905793,69,6.693231582641602
2025-06-25 14:19:39.905793,69,6.829344749450684
2025-06-26 14:19:39.905793,69,6.828405380249023
2025-06-27 14:19:39.905793,69,6.317915439605713
2025-06-30 14:19:39.905793,69,6.693231105804443
2025-07-01 14:19:39.905793,69,6.829344749450684
2025-07-02 14:19:39.905793,69,6.828404903411865
2025-07-03 14:19:39.905793,69,6.317915916442871
2025-07-04 14:19:39.905793,69,6.693230628967285
2025-07-07 14:19:39.905793,69,6.829344749450684
2025-07-08 14:19:39.905793,69,6.828405380249023
2025-07-09 14:19:39.905793,69,6.317915439605713
2025-07-10 14:19:39.905793,69,6.693231105804443
2025-07-11 14:19:39.905793,69,6.829344749450684
2025-07-14 14:19:39.905793,69,6.828404903411865
2025-07-15 14:19:39.905793,69,6.317915916442871
2025-07-16 14:19:39.905793,69,6.693230628967285
2025-07-17 14:19:39.905793,69,6.829344749450684
2025-07-18 14:19:39.905793,69,6.828405380249023
2025-07-21 14:19:39.905793,69,6.317915439605713
2025-07-22 14:19:39.905793,69,6.693231105804443
2025-07-23 14:19:39.905793,69,6.829344749450684
2025-07-24 14:19:39.905793,69,6.828404903411865
2025-07-25 14:19:39.905793,69,6.317915916442871
2025-07-28 14:19:39.905793,69,6.693230628967285
2025-07-29 14:19:39.905793,69,6.829344749450684
2025-07-30 14:19:39.905793,69,6.828405380249023
2025-07-31 14:19:39.905793,69,6.317915439605713
2025-08-01 14:19:39.905793,69,6.693231105804443
2025-08-04 14:19:39.905793,69,6.829344749450684
2025-08-05 14:19:39.905793,69,6.828404903411865
2025-08-06 14:19:39.905793,69,6.317915916442871
2025-08-07 14:19:39.905793,69,6.693230628967285
2025-08-08 14:19:39.905793,69,6.829344749450684
2025-08-11 14:19:39.905793,69,6.828405380249023
2025-08-12 14:19:39.905793,69,6.317915439605713
2025-08-13 14:19:39.905793,69,6.693231105804443
2025-08-14 14:19:39.905793,69,6.829344749450684
2025-08-15 14:19:39.905793,69,6.828404903411865
2025-08-18 14:19:39.905793,69,6.317915916442871
2025-08-19 14:19:39.905793,69,6.693230628967285
2025-08-20 14:19:39.905793,69,6.829344749450684
2025-08-21 14:19:39.905793,69,6.828405380249023
2025-08-22 14:19:39.905793,69,6.317915439605713
2025-08-25 14:19:39.905793,69,6.693231105804443
2025-08-26 14:19:39.905793,69,6.829344749450684
2025-08-27 14:19:39.905793,69,6.828404903411865
2025-08-28 14:19:39.905793,69,6.317915916442871
2025-08-29 14:19:39.905793,69,6.693230628967285
2025-09-01 14:19:39.905793,69,6.829344749450684
2025-09-02 14:19:39.905793,69,6.828405380249023
2025-09-03 14:19:39.905793,69,6.317915439605713
2025-09-04 14:19:39.905793,69,6.693231105804443
2025-09-05 14:19:39.905793,69,6.829344749450684
2025-09-08 14:19:39.905793,69,6.828404903411865
2025-09-09 14:19:39.905793,69,6.317915916442871
2025-09-10 14:19:39.905793,69,6.693230628967285
2025-09-11 14:19:39.905793,69,6.829344749450684
2025-09-12 14:19:39.905793,69,6.828405380249023
2025-09-15 14:19:39.905793,69,6.317915439605713
2025-09-16 14:19:39.905793,69,6.693231105804443
2025-09-17 14:19:39.905793,69,6.829344749450684
2025-09-18 14:19:39.905793,69,6.828404903411865
2025-09-19 14:19:39.905793,69,6.317915916442871
2025-09-22 14:19:39.905793,69,6.693230628967285
2025-09-23 14:19:39.905793,69,6.829344749450684
2025-09-24 14:19:39.905793,69,6.828405380249023
2025-09-25 14:19:39.905793,69,6.317915439605713
2025-09-26 14:19:39.905793,69,6.693231105804443
2025-09-29 14:19:39.905793,69,6.829344749450684
2025-09-30 14:19:39.905793,69,6.828404903411865
2025-10-01 14:19:39.905793,69,6.317915916442871
2025-10-02 14:19:39.905793,69,6.693230628967285
2025-10-03 14:19:39.905793,69,6.829344749450684
2025-10-06 14:19:39.905793,69,6.828405380249023
2025-10-07 14:19:39.905793,69,6.317915439605713
2025-10-08 14:19:39.905793,69,6.693231105804443
2025-10-09 14:19:39.905793,69,6.829344749450684
2025-10-10 14:19:39.905793,69,6.828404903411865
2025-10-13 14:19:39.905793,69,6.317915916442871
2025-10-14 14:19:39.905793,69,6.693230628967285
2025-10-15 14:19:39.905793,69,6.829344749450684
2025-10-16 14:19:39.905793,69,6.828405380249023
2025-10-17 14:19:39.905793,69,6.317915439605713
2025-04-25 14:19:39.905793,70,5.7765960693359375
2025-04-28 14:19:39.905793,70,5.389194488525391
2025-04-29 14:19:39.905793,70,5.674510955810547
2025-04-30 14:19:39.905793,70,6.893399238586426
2025-05-01 14:19:39.905793,70,7.461792945861816
2025-05-02 14:19:39.905793,70,6.746328353881836
2025-05-05 14:19:39.905793,70,6.479043960571289
2025-05-06 14:19:39.905793,70,7.566493034362793
2025-05-07 14:19:39.905793,70,7.974047660827637
2025-05-08 14:19:39.905793,70,7.221734046936035
2025-05-09 14:19:39.905793,70,6.482735633850098
2025-05-12 14:19:39.905793,70,7.575630664825439
2025-05-13 14:19:39.905793,70,8.021595001220703
2025-05-14 14:19:39.905793,70,7.272693157196045
2025-05-15 14:19:39.905793,70,6.48565149307251
2025-05-16 14:19:39.905793,70,7.577263355255127
2025-05-19 14:19:39.905793,70,8.025160789489746
2025-05-20 14:19:39.905793,70,7.277869701385498
2025-05-21 14:19:39.905793,70,6.485849380493164
2025-05-22 14:19:39.905793,70,7.577410221099853
2025-05-23 14:19:39.905793,70,8.025466918945312
2025-05-26 14:19:39.905793,70,7.278368949890137
2025-05-27 14:19:39.905793,70,6.485869884490967
2025-05-28 14:19:39.905793,70,7.577424049377441
2025-05-29 14:19:39.905793,70,8.025494575500488
2025-05-30 14:19:39.905793,70,7.278417587280273
2025-06-02 14:19:39.905793,70,6.485870361328125
2025-06-03 14:19:39.905793,70,7.577425956726074
2025-06-04 14:19:39.905793,70,8.025497436523438
2025-06-05 14:19:39.905793,70,7.278421878814697
2025-06-06 14:19:39.905793,70,6.485870838165283
2025-06-09 14:19:39.905793,70,7.577425956726074
2025-06-10 14:19:39.905793,70,8.025498390197754
2025-06-11 14:19:39.905793,70,7.278422355651855
2025-06-12 14:19:39.905793,70,6.485870838165283
2025-06-13 14:19:39.905793,70,7.577425956726074
2025-06-16 14:19:39.905793,70,8.025498390197754
2025-06-17 14:19:39.905793,70,7.278422355651855
2025-06-18 14:19:39.905793,70,6.485870838165283
2025-06-19 14:19:39.905793,70,7.577425956726074
2025-06-20 14:19:39.905793,70,8.025498390197754
2025-06-23 14:19:39.905793,70,7.278422355651855
2025-06-24 14:19:39.905793,70,6.485870838165283
2025-06-25 14:19:39.905793,70,7.577425956726074
2025-06-26 14:19:39.905793,70,8.025498390197754
2025-06-27 14:19:39.905793,70,7.278422355651855
2025-06-30 14:19:39.905793,70,6.485870838165283
2025-07-01 14:19:39.905793,70,7.577425956726074
2025-07-02 14:19:39.905793,70,8.025498390197754
2025-07-03 14:19:39.905793,70,7.278422355651855
2025-07-04 14:19:39.905793,70,6.485870838165283
2025-07-07 14:19:39.905793,70,7.577425956726074
2025-07-08 14:19:39.905793,70,8.025498390197754
2025-07-09 14:19:39.905793,70,7.278422355651855
2025-07-10 14:19:39.905793,70,6.485870838165283
2025-07-11 14:19:39.905793,70,7.577425956726074
2025-07-14 14:19:39.905793,70,8.025498390197754
2025-07-15 14:19:39.905793,70,7.278422355651855
2025-07-16 14:19:39.905793,70,6.485870838165283
2025-07-17 14:19:39.905793,70,7.577425956726074
2025-07-18 14:19:39.905793,70,8.025498390197754
2025-07-21 14:19:39.905793,70,7.278422355651855
2025-07-22 14:19:39.905793,70,6.485870838165283
2025-07-23 14:19:39.905793,70,7.577425956726074
2025-07-24 14:19:39.905793,70,8.025498390197754
2025-07-25 14:19:39.905793,70,7.278422355651855
2025-07-28 14:19:39.905793,70,6.485870838165283
2025-07-29 14:19:39.905793,70,7.577425956726074
2025-07-30 14:19:39.905793,70,8.025498390197754
2025-07-31 14:19:39.905793,70,7.278422355651855
2025-08-01 14:19:39.905793,70,6.485870838165283
2025-08-04 14:19:39.905793,70,7.577425956726074
2025-08-05 14:19:39.905793,70,8.025498390197754
2025-08-06 14:19:39.905793,70,7.278422355651855
2025-08-07 14:19:39.905793,70,6.485870838165283
2025-08-08 14:19:39.905793,70,7.577425956726074
2025-08-11 14:19:39.905793,70,8.025498390197754
2025-08-12 14:19:39.905793,70,7.278422355651855
2025-08-13 14:19:39.905793,70,6.485870838165283
2025-08-14 14:19:39.905793,70,7.577425956726074
2025-08-15 14:19:39.905793,70,8.025498390197754
2025-08-18 14:19:39.905793,70,7.278422355651855
2025-08-19 14:19:39.905793,70,6.485870838165283
2025-08-20 14:19:39.905793,70,7.577425956726074
2025-08-21 14:19:39.905793,70,8.025498390197754
2025-08-22 14:19:39.905793,70,7.278422355651855
2025-08-25 14:19:39.905793,70,6.485870838165283
2025-08-26 14:19:39.905793,70,7.577425956726074
2025-08-27 14:19:39.905793,70,8.025498390197754
2025-08-28 14:19:39.905793,70,7.278422355651855
2025-08-29 14:19:39.905793,70,6.485870838165283
2025-09-01 14:19:39.905793,70,7.577425956726074
2025-09-02 14:19:39.905793,70,8.025498390197754
2025-09-03 14:19:39.905793,70,7.278422355651855
2025-09-04 14:19:39.905793,70,6.485870838165283
2025-09-05 14:19:39.905793,70,7.577425956726074
2025-09-08 14:19:39.905793,70,8.025498390197754
2025-09-09 14:19:39.905793,70,7.278422355651855
2025-09-10 14:19:39.905793,70,6.485870838165283
2025-09-11 14:19:39.905793,70,7.577425956726074
2025-09-12 14:19:39.905793,70,8.025498390197754
2025-09-15 14:19:39.905793,70,7.278422355651855
2025-09-16 14:19:39.905793,70,6.485870838165283
2025-09-17 14:19:39.905793,70,7.577425956726074
2025-09-18 14:19:39.905793,70,8.025498390197754
2025-09-19 14:19:39.905793,70,7.278422355651855
2025-09-22 14:19:39.905793,70,6.485870838165283
2025-09-23 14:19:39.905793,70,7.577425956726074
2025-09-24 14:19:39.905793,70,8.025498390197754
2025-09-25 14:19:39.905793,70,7.278422355651855
2025-09-26 14:19:39.905793,70,6.485870838165283
2025-09-29 14:19:39.905793,70,7.577425956726074
2025-09-30 14:19:39.905793,70,8.025498390197754
2025-10-01 14:19:39.905793,70,7.278422355651855
2025-10-02 14:19:39.905793,70,6.485870838165283
2025-10-03 14:19:39.905793,70,7.577425956726074
2025-10-06 14:19:39.905793,70,8.025498390197754
2025-10-07 14:19:39.905793,70,7.278422355651855
2025-10-08 14:19:39.905793,70,6.485870838165283
2025-10-09 14:19:39.905793,70,7.577425956726074
2025-10-10 14:19:39.905793,70,8.025498390197754
2025-10-13 14:19:39.905793,70,7.278422355651855
2025-10-14 14:19:39.905793,70,6.485870838165283
2025-10-15 14:19:39.905793,70,7.577425956726074
2025-10-16 14:19:39.905793,70,8.025498390197754
2025-10-17 14:19:39.905793,70,7.278422355651855
2025-04-25 14:19:39.905793,71,8.476160049438477
2025-04-28 14:19:39.905793,71,8.78812026977539
2025-04-29 14:19:39.905793,71,9.194087982177734
2025-04-30 14:19:39.905793,71,9.038002014160156
2025-05-01 14:19:39.905793,71,8.347633361816406
2025-05-02 14:19:39.905793,71,8.296163558959961
2025-05-05 14:19:39.905793,71,8.811790466308594
2025-05-06 14:19:39.905793,71,8.87330436706543
2025-05-07 14:19:39.905793,71,8.356059074401855
2025-05-08 14:19:39.905793,71,8.315488815307617
2025-05-09 14:19:39.905793,71,8.825439453125
2025-05-12 14:19:39.905793,71,8.876590728759766
2025-05-13 14:19:39.905793,71,8.3555269241333
2025-05-14 14:19:39.905793,71,8.314764022827148
2025-05-15 14:19:39.905793,71,8.824981689453125
2025-05-16 14:19:39.905793,71,8.87652587890625
2025-05-19 14:19:39.905793,71,8.355555534362793
2025-05-20 14:19:39.905793,71,8.314788818359375
2025-05-21 14:19:39.905793,71,8.824996948242188
2025-05-22 14:19:39.905793,71,8.876527786254883
2025-05-23 14:19:39.905793,71,8.355554580688477
2025-05-26 14:19:39.905793,71,8.314788818359375
2025-05-27 14:19:39.905793,71,8.824995040893555
2025-05-28 14:19:39.905793,71,8.876526832580566
2025-05-29 14:19:39.905793,71,8.355554580688477
2025-05-30 14:19:39.905793,71,8.314787864685059
2025-06-02 14:19:39.905793,71,8.824995994567871
2025-06-03 14:19:39.905793,71,8.876527786254883
2025-06-04 14:19:39.905793,71,8.355554580688477
2025-06-05 14:19:39.905793,71,8.314787864685059
2025-06-06 14:19:39.905793,71,8.824995994567871
2025-06-09 14:19:39.905793,71,8.876527786254883
2025-06-10 14:19:39.905793,71,8.355554580688477
2025-06-11 14:19:39.905793,71,8.314787864685059
2025-06-12 14:19:39.905793,71,8.824995994567871
2025-06-13 14:19:39.905793,71,8.876527786254883
2025-06-16 14:19:39.905793,71,8.355554580688477
2025-06-17 14:19:39.905793,71,8.314787864685059
2025-06-18 14:19:39.905793,71,8.824995994567871
2025-06-19 14:19:39.905793,71,8.876527786254883
2025-06-20 14:19:39.905793,71,8.355554580688477
2025-06-23 14:19:39.905793,71,8.314787864685059
2025-06-24 14:19:39.905793,71,8.824995994567871
2025-06-25 14:19:39.905793,71,8.876527786254883
2025-06-26 14:19:39.905793,71,8.355554580688477
2025-06-27 14:19:39.905793,71,8.314787864685059
2025-06-30 14:19:39.905793,71,8.824995994567871
2025-07-01 14:19:39.905793,71,8.876527786254883
2025-07-02 14:19:39.905793,71,8.355554580688477
2025-07-03 14:19:39.905793,71,8.314787864685059
2025-07-04 14:19:39.905793,71,8.824995994567871
2025-07-07 14:19:39.905793,71,8.876527786254883
2025-07-08 14:19:39.905793,71,8.355554580688477
2025-07-09 14:19:39.905793,71,8.314787864685059
2025-07-10 14:19:39.905793,71,8.824995994567871
2025-07-11 14:19:39.905793,71,8.876527786254883
2025-07-14 14:19:39.905793,71,8.355554580688477
2025-07-15 14:19:39.905793,71,8.314787864685059
2025-07-16 14:19:39.905793,71,8.824995994567871
2025-07-17 14:19:39.905793,71,8.876527786254883
2025-07-18 14:19:39.905793,71,8.355554580688477
2025-07-21 14:19:39.905793,71,8.314787864685059
2025-07-22 14:19:39.905793,71,8.824995994567871
2025-07-23 14:19:39.905793,71,8.876527786254883
2025-07-24 14:19:39.905793,71,8.355554580688477
2025-07-25 14:19:39.905793,71,8.314787864685059
2025-07-28 14:19:39.905793,71,8.824995994567871
2025-07-29 14:19:39.905793,71,8.876527786254883
2025-07-30 14:19:39.905793,71,8.355554580688477
2025-07-31 14:19:39.905793,71,8.314787864685059
2025-08-01 14:19:39.905793,71,8.824995994567871
2025-08-04 14:19:39.905793,71,8.876527786254883
2025-08-05 14:19:39.905793,71,8.355554580688477
2025-08-06 14:19:39.905793,71,8.314787864685059
2025-08-07 14:19:39.905793,71,8.824995994567871
2025-08-08 14:19:39.905793,71,8.876527786254883
2025-08-11 14:19:39.905793,71,8.355554580688477
2025-08-12 14:19:39.905793,71,8.314787864685059
2025-08-13 14:19:39.905793,71,8.824995994567871
2025-08-14 14:19:39.905793,71,8.876527786254883
2025-08-15 14:19:39.905793,71,8.355554580688477
2025-08-18 14:19:39.905793,71,8.314787864685059
2025-08-19 14:19:39.905793,71,8.824995994567871
2025-08-20 14:19:39.905793,71,8.876527786254883
2025-08-21 14:19:39.905793,71,8.355554580688477
2025-08-22 14:19:39.905793,71,8.314787864685059
2025-08-25 14:19:39.905793,71,8.824995994567871
2025-08-26 14:19:39.905793,71,8.876527786254883
2025-08-27 14:19:39.905793,71,8.355554580688477
2025-08-28 14:19:39.905793,71,8.314787864685059
2025-08-29 14:19:39.905793,71,8.824995994567871
2025-09-01 14:19:39.905793,71,8.876527786254883
2025-09-02 14:19:39.905793,71,8.355554580688477
2025-09-03 14:19:39.905793,71,8.314787864685059
2025-09-04 14:19:39.905793,71,8.824995994567871
2025-09-05 14:19:39.905793,71,8.876527786254883
2025-09-08 14:19:39.905793,71,8.355554580688477
2025-09-09 14:19:39.905793,71,8.314787864685059
2025-09-10 14:19:39.905793,71,8.824995994567871
2025-09-11 14:19:39.905793,71,8.876527786254883
2025-09-12 14:19:39.905793,71,8.355554580688477
2025-09-15 14:19:39.905793,71,8.314787864685059
2025-09-16 14:19:39.905793,71,8.824995994567871
2025-09-17 14:19:39.905793,71,8.876527786254883
2025-09-18 14:19:39.905793,71,8.355554580688477
2025-09-19 14:19:39.905793,71,8.314787864685059
2025-09-22 14:19:39.905793,71,8.824995994567871
2025-09-23 14:19:39.905793,71,8.876527786254883
2025-09-24 14:19:39.905793,71,8.355554580688477
2025-09-25 14:19:39.905793,71,8.314787864685059
2025-09-26 14:19:39.905793,71,8.824995994567871
2025-09-29 14:19:39.905793,71,8.876527786254883
2025-09-30 14:19:39.905793,71,8.355554580688477
2025-10-01 14:19:39.905793,71,8.314787864685059
2025-10-02 14:19:39.905793,71,8.824995994567871
2025-10-03 14:19:39.905793,71,8.876527786254883
2025-10-06 14:19:39.905793,71,8.355554580688477
2025-10-07 14:19:39.905793,71,8.314787864685059
2025-10-08 14:19:39.905793,71,8.824995994567871
2025-10-09 14:19:39.905793,71,8.876527786254883
2025-10-10 14:19:39.905793,71,8.355554580688477
2025-10-13 14:19:39.905793,71,8.314787864685059
2025-10-14 14:19:39.905793,71,8.824995994567871
2025-10-15 14:19:39.905793,71,8.876527786254883
2025-10-16 14:19:39.905793,71,8.355554580688477
2025-10-17 14:19:39.905793,71,8.314787864685059
2025-04-25 14:19:39.905793,72,7.468393325805664
2025-04-28 14:19:39.905793,72,7.4592437744140625
2025-04-29 14:19:39.905793,72,7.8467302322387695
2025-04-30 14:19:39.905793,72,9.512768745422363
2025-05-01 14:19:39.905793,72,10.101415634155272
2025-05-02 14:19:39.905793,72,10.037002563476562
2025-05-05 14:19:39.905793,72,10.41025161743164
2025-05-06 14:19:39.905793,72,10.857133865356444
2025-05-07 14:19:39.905793,72,10.60988426208496
2025-05-08 14:19:39.905793,72,10.530571937561035
2025-05-09 14:19:39.905793,72,10.874079704284668
2025-05-12 14:19:39.905793,72,11.054510116577148
2025-05-13 14:19:39.905793,72,10.707359313964844
2025-05-14 14:19:39.905793,72,10.620101928710938
2025-05-15 14:19:39.905793,72,10.955329895019531
2025-05-16 14:19:39.905793,72,11.08792495727539
2025-05-19 14:19:39.905793,72,10.72556495666504
2025-05-20 14:19:39.905793,72,10.636140823364258
2025-05-21 14:19:39.905793,72,10.96957778930664
2025-05-22 14:19:39.905793,72,11.093864440917969
2025-05-23 14:19:39.905793,72,10.728870391845703
2025-05-26 14:19:39.905793,72,10.638992309570312
2025-05-27 14:19:39.905793,72,10.972095489501951
2025-05-28 14:19:39.905793,72,11.094927787780762
2025-05-29 14:19:39.905793,72,10.729463577270508
2025-05-30 14:19:39.905793,72,10.639497756958008
2025-06-02 14:19:39.905793,72,10.972543716430664
2025-06-03 14:19:39.905793,72,11.095118522644045
2025-06-04 14:19:39.905793,72,10.729570388793944
2025-06-05 14:19:39.905793,72,10.639586448669434
2025-06-06 14:19:39.905793,72,10.972622871398926
2025-06-09 14:19:39.905793,72,11.095152854919434
2025-06-10 14:19:39.905793,72,10.72958755493164
2025-06-11 14:19:39.905793,72,10.639602661132812
2025-06-12 14:19:39.905793,72,10.972637176513672
2025-06-13 14:19:39.905793,72,11.095158576965332
2025-06-16 14:19:39.905793,72,10.729591369628906
2025-06-17 14:19:39.905793,72,10.639606475830078
2025-06-18 14:19:39.905793,72,10.97264003753662
2025-06-19 14:19:39.905793,72,11.095160484313965
2025-06-20 14:19:39.905793,72,10.729591369628906
2025-06-23 14:19:39.905793,72,10.639606475830078
2025-06-24 14:19:39.905793,72,10.972640991210938
2025-06-25 14:19:39.905793,72,11.09516143798828
2025-06-26 14:19:39.905793,72,10.729591369628906
2025-06-27 14:19:39.905793,72,10.639606475830078
2025-06-30 14:19:39.905793,72,10.972640991210938
2025-07-01 14:19:39.905793,72,11.09516143798828
2025-07-02 14:19:39.905793,72,10.729591369628906
2025-07-03 14:19:39.905793,72,10.639606475830078
2025-07-04 14:19:39.905793,72,10.972640991210938
2025-07-07 14:19:39.905793,72,11.09516143798828
2025-07-08 14:19:39.905793,72,10.729591369628906
2025-07-09 14:19:39.905793,72,10.639606475830078
2025-07-10 14:19:39.905793,72,10.972640991210938
2025-07-11 14:19:39.905793,72,11.09516143798828
2025-07-14 14:19:39.905793,72,10.729591369628906
2025-07-15 14:19:39.905793,72,10.639606475830078
2025-07-16 14:19:39.905793,72,10.972640991210938
2025-07-17 14:19:39.905793,72,11.09516143798828
2025-07-18 14:19:39.905793,72,10.729591369628906
2025-07-21 14:19:39.905793,72,10.639606475830078
2025-07-22 14:19:39.905793,72,10.972640991210938
2025-07-23 14:19:39.905793,72,11.09516143798828
2025-07-24 14:19:39.905793,72,10.729591369628906
2025-07-25 14:19:39.905793,72,10.639606475830078
2025-07-28 14:19:39.905793,72,10.972640991210938
2025-07-29 14:19:39.905793,72,11.09516143798828
2025-07-30 14:19:39.905793,72,10.729591369628906
2025-07-31 14:19:39.905793,72,10.639606475830078
2025-08-01 14:19:39.905793,72,10.972640991210938
2025-08-04 14:19:39.905793,72,11.09516143798828
2025-08-05 14:19:39.905793,72,10.729591369628906
2025-08-06 14:19:39.905793,72,10.639606475830078
2025-08-07 14:19:39.905793,72,10.972640991210938
2025-08-08 14:19:39.905793,72,11.09516143798828
2025-08-11 14:19:39.905793,72,10.729591369628906
2025-08-12 14:19:39.905793,72,10.639606475830078
2025-08-13 14:19:39.905793,72,10.972640991210938
2025-08-14 14:19:39.905793,72,11.09516143798828
2025-08-15 14:19:39.905793,72,10.729591369628906
2025-08-18 14:19:39.905793,72,10.639606475830078
2025-08-19 14:19:39.905793,72,10.972640991210938
2025-08-20 14:19:39.905793,72,11.09516143798828
2025-08-21 14:19:39.905793,72,10.729591369628906
2025-08-22 14:19:39.905793,72,10.639606475830078
2025-08-25 14:19:39.905793,72,10.972640991210938
2025-08-26 14:19:39.905793,72,11.09516143798828
2025-08-27 14:19:39.905793,72,10.729591369628906
2025-08-28 14:19:39.905793,72,10.639606475830078
2025-08-29 14:19:39.905793,72,10.972640991210938
2025-09-01 14:19:39.905793,72,11.09516143798828
2025-09-02 14:19:39.905793,72,10.729591369628906
2025-09-03 14:19:39.905793,72,10.639606475830078
2025-09-04 14:19:39.905793,72,10.972640991210938
2025-09-05 14:19:39.905793,72,11.09516143798828
2025-09-08 14:19:39.905793,72,10.729591369628906
2025-09-09 14:19:39.905793,72,10.639606475830078
2025-09-10 14:19:39.905793,72,10.972640991210938
2025-09-11 14:19:39.905793,72,11.09516143798828
2025-09-12 14:19:39.905793,72,10.729591369628906
2025-09-15 14:19:39.905793,72,10.639606475830078
2025-09-16 14:19:39.905793,72,10.972640991210938
2025-09-17 14:19:39.905793,72,11.09516143798828
2025-09-18 14:19:39.905793,72,10.729591369628906
2025-09-19 14:19:39.905793,72,10.639606475830078
2025-09-22 14:19:39.905793,72,10.972640991210938
2025-09-23 14:19:39.905793,72,11.09516143798828
2025-09-24 14:19:39.905793,72,10.729591369628906
2025-09-25 14:19:39.905793,72,10.639606475830078
2025-09-26 14:19:39.905793,72,10.972640991210938
2025-09-29 14:19:39.905793,72,11.09516143798828
2025-09-30 14:19:39.905793,72,10.729591369628906
2025-10-01 14:19:39.905793,72,10.639606475830078
2025-10-02 14:19:39.905793,72,10.972640991210938
2025-10-03 14:19:39.905793,72,11.09516143798828
2025-10-06 14:19:39.905793,72,10.729591369628906
2025-10-07 14:19:39.905793,72,10.639606475830078
2025-10-08 14:19:39.905793,72,10.972640991210938
2025-10-09 14:19:39.905793,72,11.09516143798828
2025-10-10 14:19:39.905793,72,10.729591369628906
2025-10-13 14:19:39.905793,72,10.639606475830078
2025-10-14 14:19:39.905793,72,10.972640991210938
2025-10-15 14:19:39.905793,72,11.09516143798828
2025-10-16 14:19:39.905793,72,10.729591369628906
2025-10-17 14:19:39.905793,72,10.639606475830078
2025-04-25 14:19:39.905793,73,6.89479398727417
2025-04-28 14:19:39.905793,73,7.596930980682373
2025-04-29 14:19:39.905793,73,8.279326438903809
2025-04-30 14:19:39.905793,73,8.861748695373535
2025-05-01 14:19:39.905793,73,7.825580596923828
2025-05-02 14:19:39.905793,73,7.795422554016113
2025-05-05 14:19:39.905793,73,8.165648460388184
2025-05-06 14:19:39.905793,73,8.869415283203125
2025-05-07 14:19:39.905793,73,7.817791938781738
2025-05-08 14:19:39.905793,73,7.79554557800293
2025-05-09 14:19:39.905793,73,8.172158241271973
2025-05-12 14:19:39.905793,73,8.869693756103516
2025-05-13 14:19:39.905793,73,7.817802429199219
2025-05-14 14:19:39.905793,73,7.795354843139648
2025-05-15 14:19:39.905793,73,8.171778678894043
2025-05-16 14:19:39.905793,73,8.869680404663086
2025-05-19 14:19:39.905793,73,7.817807674407959
2025-05-20 14:19:39.905793,73,7.795369625091553
2025-05-21 14:19:39.905793,73,8.17180061340332
2025-05-22 14:19:39.905793,73,8.869680404663086
2025-05-23 14:19:39.905793,73,7.817806720733643
2025-05-26 14:19:39.905793,73,7.795368671417236
2025-05-27 14:19:39.905793,73,8.171799659729004
2025-05-28 14:19:39.905793,73,8.869680404663086
2025-05-29 14:19:39.905793,73,7.817807197570801
2025-05-30 14:19:39.905793,73,7.795368194580078
2025-06-02 14:19:39.905793,73,8.171799659729004
2025-06-03 14:19:39.905793,73,8.869680404663086
2025-06-04 14:19:39.905793,73,7.817806243896484
2025-06-05 14:19:39.905793,73,7.795368194580078
2025-06-06 14:19:39.905793,73,8.171799659729004
2025-06-09 14:19:39.905793,73,8.869680404663086
2025-06-10 14:19:39.905793,73,7.817806720733643
2025-06-11 14:19:39.905793,73,7.795368194580078
2025-06-12 14:19:39.905793,73,8.17180061340332
2025-06-13 14:19:39.905793,73,8.869680404663086
2025-06-16 14:19:39.905793,73,7.817806720733643
2025-06-17 14:19:39.905793,73,7.795368671417236
2025-06-18 14:19:39.905793,73,8.171799659729004
2025-06-19 14:19:39.905793,73,8.869680404663086
2025-06-20 14:19:39.905793,73,7.817807197570801
2025-06-23 14:19:39.905793,73,7.795368194580078
2025-06-24 14:19:39.905793,73,8.171799659729004
2025-06-25 14:19:39.905793,73,8.869680404663086
2025-06-26 14:19:39.905793,73,7.817806243896484
2025-06-27 14:19:39.905793,73,7.795368194580078
2025-06-30 14:19:39.905793,73,8.171799659729004
2025-07-01 14:19:39.905793,73,8.869680404663086
2025-07-02 14:19:39.905793,73,7.817806720733643
2025-07-03 14:19:39.905793,73,7.795368194580078
2025-07-04 14:19:39.905793,73,8.17180061340332
2025-07-07 14:19:39.905793,73,8.869680404663086
2025-07-08 14:19:39.905793,73,7.817806720733643
2025-07-09 14:19:39.905793,73,7.795368671417236
2025-07-10 14:19:39.905793,73,8.171799659729004
2025-07-11 14:19:39.905793,73,8.869680404663086
2025-07-14 14:19:39.905793,73,7.817807197570801
2025-07-15 14:19:39.905793,73,7.795368194580078
2025-07-16 14:19:39.905793,73,8.171799659729004
2025-07-17 14:19:39.905793,73,8.869680404663086
2025-07-18 14:19:39.905793,73,7.817806243896484
2025-07-21 14:19:39.905793,73,7.795368194580078
2025-07-22 14:19:39.905793,73,8.171799659729004
2025-07-23 14:19:39.905793,73,8.869680404663086
2025-07-24 14:19:39.905793,73,7.817806720733643
2025-07-25 14:19:39.905793,73,7.795368194580078
2025-07-28 14:19:39.905793,73,8.17180061340332
2025-07-29 14:19:39.905793,73,8.869680404663086
2025-07-30 14:19:39.905793,73,7.817806720733643
2025-07-31 14:19:39.905793,73,7.795368671417236
2025-08-01 14:19:39.905793,73,8.171799659729004
2025-08-04 14:19:39.905793,73,8.869680404663086
2025-08-05 14:19:39.905793,73,7.817807197570801
2025-08-06 14:19:39.905793,73,7.795368194580078
2025-08-07 14:19:39.905793,73,8.171799659729004
2025-08-08 14:19:39.905793,73,8.869680404663086
2025-08-11 14:19:39.905793,73,7.817806243896484
2025-08-12 14:19:39.905793,73,7.795368194580078
2025-08-13 14:19:39.905793,73,8.171799659729004
2025-08-14 14:19:39.905793,73,8.869680404663086
2025-08-15 14:19:39.905793,73,7.817806720733643
2025-08-18 14:19:39.905793,73,7.795368194580078
2025-08-19 14:19:39.905793,73,8.17180061340332
2025-08-20 14:19:39.905793,73,8.869680404663086
2025-08-21 14:19:39.905793,73,7.817806720733643
2025-08-22 14:19:39.905793,73,7.795368671417236
2025-08-25 14:19:39.905793,73,8.171799659729004
2025-08-26 14:19:39.905793,73,8.869680404663086
2025-08-27 14:19:39.905793,73,7.817807197570801
2025-08-28 14:19:39.905793,73,7.795368194580078
2025-08-29 14:19:39.905793,73,8.171799659729004
2025-09-01 14:19:39.905793,73,8.869680404663086
2025-09-02 14:19:39.905793,73,7.817806243896484
2025-09-03 14:19:39.905793,73,7.795368194580078
2025-09-04 14:19:39.905793,73,8.171799659729004
2025-09-05 14:19:39.905793,73,8.869680404663086
2025-09-08 14:19:39.905793,73,7.817806720733643
2025-09-09 14:19:39.905793,73,7.795368194580078
2025-09-10 14:19:39.905793,73,8.17180061340332
2025-09-11 14:19:39.905793,73,8.869680404663086
2025-09-12 14:19:39.905793,73,7.817806720733643
2025-09-15 14:19:39.905793,73,7.795368671417236
2025-09-16 14:19:39.905793,73,8.171799659729004
2025-09-17 14:19:39.905793,73,8.869680404663086
2025-09-18 14:19:39.905793,73,7.817807197570801
2025-09-19 14:19:39.905793,73,7.795368194580078
2025-09-22 14:19:39.905793,73,8.171799659729004
2025-09-23 14:19:39.905793,73,8.869680404663086
2025-09-24 14:19:39.905793,73,7.817806243896484
2025-09-25 14:19:39.905793,73,7.795368194580078
2025-09-26 14:19:39.905793,73,8.171799659729004
2025-09-29 14:19:39.905793,73,8.869680404663086
2025-09-30 14:19:39.905793,73,7.817806720733643
2025-10-01 14:19:39.905793,73,7.795368194580078
2025-10-02 14:19:39.905793,73,8.17180061340332
2025-10-03 14:19:39.905793,73,8.869680404663086
2025-10-06 14:19:39.905793,73,7.817806720733643
2025-10-07 14:19:39.905793,73,7.795368671417236
2025-10-08 14:19:39.905793,73,8.171799659729004
2025-10-09 14:19:39.905793,73,8.869680404663086
2025-10-10 14:19:39.905793,73,7.817807197570801
2025-10-13 14:19:39.905793,73,7.795368194580078
2025-10-14 14:19:39.905793,73,8.171799659729004
2025-10-15 14:19:39.905793,73,8.869680404663086
2025-10-16 14:19:39.905793,73,7.817806243896484
2025-10-17 14:19:39.905793,73,7.795368194580078
2025-04-25 14:19:39.905793,74,9.450586318969728
2025-04-28 14:19:39.905793,74,9.921284675598145
2025-04-29 14:19:39.905793,74,8.744630813598633
2025-04-30 14:19:39.905793,74,10.480827331542969
2025-05-01 14:19:39.905793,74,10.63175106048584
2025-05-02 14:19:39.905793,74,10.020682334899902
2025-05-05 14:19:39.905793,74,10.140310287475586
2025-05-06 14:19:39.905793,74,10.551548957824709
2025-05-07 14:19:39.905793,74,10.56984043121338
2025-05-08 14:19:39.905793,74,10.039559364318848
2025-05-09 14:19:39.905793,74,10.243066787719728
2025-05-12 14:19:39.905793,74,10.55297565460205
2025-05-13 14:19:39.905793,74,10.56899070739746
2025-05-14 14:19:39.905793,74,10.0400972366333
2025-05-15 14:19:39.905793,74,10.249720573425291
2025-05-16 14:19:39.905793,74,10.552953720092772
2025-05-19 14:19:39.905793,74,10.568870544433594
2025-05-20 14:19:39.905793,74,10.040149688720703
2025-05-21 14:19:39.905793,74,10.250144958496094
2025-05-22 14:19:39.905793,74,10.552949905395508
2025-05-23 14:19:39.905793,74,10.568862915039062
2025-05-26 14:19:39.905793,74,10.040152549743652
2025-05-27 14:19:39.905793,74,10.250171661376951
2025-05-28 14:19:39.905793,74,10.552947998046877
2025-05-29 14:19:39.905793,74,10.56886386871338
2025-05-30 14:19:39.905793,74,10.040153503417969
2025-06-02 14:19:39.905793,74,10.250171661376951
2025-06-03 14:19:39.905793,74,10.552948951721191
2025-06-04 14:19:39.905793,74,10.56886386871338
2025-06-05 14:19:39.905793,74,10.040153503417969
2025-06-06 14:19:39.905793,74,10.250171661376951
2025-06-09 14:19:39.905793,74,10.552948951721191
2025-06-10 14:19:39.905793,74,10.56886386871338
2025-06-11 14:19:39.905793,74,10.040153503417969
2025-06-12 14:19:39.905793,74,10.250171661376951
2025-06-13 14:19:39.905793,74,10.552948951721191
2025-06-16 14:19:39.905793,74,10.56886386871338
2025-06-17 14:19:39.905793,74,10.040153503417969
2025-06-18 14:19:39.905793,74,10.250171661376951
2025-06-19 14:19:39.905793,74,10.552948951721191
2025-06-20 14:19:39.905793,74,10.56886386871338
2025-06-23 14:19:39.905793,74,10.040153503417969
2025-06-24 14:19:39.905793,74,10.250171661376951
2025-06-25 14:19:39.905793,74,10.552948951721191
2025-06-26 14:19:39.905793,74,10.56886386871338
2025-06-27 14:19:39.905793,74,10.040153503417969
2025-06-30 14:19:39.905793,74,10.250171661376951
2025-07-01 14:19:39.905793,74,10.552948951721191
2025-07-02 14:19:39.905793,74,10.56886386871338
2025-07-03 14:19:39.905793,74,10.040153503417969
2025-07-04 14:19:39.905793,74,10.250171661376951
2025-07-07 14:19:39.905793,74,10.552948951721191
2025-07-08 14:19:39.905793,74,10.56886386871338
2025-07-09 14:19:39.905793,74,10.040153503417969
2025-07-10 14:19:39.905793,74,10.250171661376951
2025-07-11 14:19:39.905793,74,10.552948951721191
2025-07-14 14:19:39.905793,74,10.56886386871338
2025-07-15 14:19:39.905793,74,10.040153503417969
2025-07-16 14:19:39.905793,74,10.250171661376951
2025-07-17 14:19:39.905793,74,10.552948951721191
2025-07-18 14:19:39.905793,74,10.56886386871338
2025-07-21 14:19:39.905793,74,10.040153503417969
2025-07-22 14:19:39.905793,74,10.250171661376951
2025-07-23 14:19:39.905793,74,10.552948951721191
2025-07-24 14:19:39.905793,74,10.56886386871338
2025-07-25 14:19:39.905793,74,10.040153503417969
2025-07-28 14:19:39.905793,74,10.250171661376951
2025-07-29 14:19:39.905793,74,10.552948951721191
2025-07-30 14:19:39.905793,74,10.56886386871338
2025-07-31 14:19:39.905793,74,10.040153503417969
2025-08-01 14:19:39.905793,74,10.250171661376951
2025-08-04 14:19:39.905793,74,10.552948951721191
2025-08-05 14:19:39.905793,74,10.56886386871338
2025-08-06 14:19:39.905793,74,10.040153503417969
2025-08-07 14:19:39.905793,74,10.250171661376951
2025-08-08 14:19:39.905793,74,10.552948951721191
2025-08-11 14:19:39.905793,74,10.56886386871338
2025-08-12 14:19:39.905793,74,10.040153503417969
2025-08-13 14:19:39.905793,74,10.250171661376951
2025-08-14 14:19:39.905793,74,10.552948951721191
2025-08-15 14:19:39.905793,74,10.56886386871338
2025-08-18 14:19:39.905793,74,10.040153503417969
2025-08-19 14:19:39.905793,74,10.250171661376951
2025-08-20 14:19:39.905793,74,10.552948951721191
2025-08-21 14:19:39.905793,74,10.56886386871338
2025-08-22 14:19:39.905793,74,10.040153503417969
2025-08-25 14:19:39.905793,74,10.250171661376951
2025-08-26 14:19:39.905793,74,10.552948951721191
2025-08-27 14:19:39.905793,74,10.56886386871338
2025-08-28 14:19:39.905793,74,10.040153503417969
2025-08-29 14:19:39.905793,74,10.250171661376951
2025-09-01 14:19:39.905793,74,10.552948951721191
2025-09-02 14:19:39.905793,74,10.56886386871338
2025-09-03 14:19:39.905793,74,10.040153503417969
2025-09-04 14:19:39.905793,74,10.250171661376951
2025-09-05 14:19:39.905793,74,10.552948951721191
2025-09-08 14:19:39.905793,74,10.56886386871338
2025-09-09 14:19:39.905793,74,10.040153503417969
2025-09-10 14:19:39.905793,74,10.250171661376951
2025-09-11 14:19:39.905793,74,10.552948951721191
2025-09-12 14:19:39.905793,74,10.56886386871338
2025-09-15 14:19:39.905793,74,10.040153503417969
2025-09-16 14:19:39.905793,74,10.250171661376951
2025-09-17 14:19:39.905793,74,10.552948951721191
2025-09-18 14:19:39.905793,74,10.56886386871338
2025-09-19 14:19:39.905793,74,10.040153503417969
2025-09-22 14:19:39.905793,74,10.250171661376951
2025-09-23 14:19:39.905793,74,10.552948951721191
2025-09-24 14:19:39.905793,74,10.56886386871338
2025-09-25 14:19:39.905793,74,10.040153503417969
2025-09-26 14:19:39.905793,74,10.250171661376951
2025-09-29 14:19:39.905793,74,10.552948951721191
2025-09-30 14:19:39.905793,74,10.56886386871338
2025-10-01 14:19:39.905793,74,10.040153503417969
2025-10-02 14:19:39.905793,74,10.250171661376951
2025-10-03 14:19:39.905793,74,10.552948951721191
2025-10-06 14:19:39.905793,74,10.56886386871338
2025-10-07 14:19:39.905793,74,10.040153503417969
2025-10-08 14:19:39.905793,74,10.250171661376951
2025-10-09 14:19:39.905793,74,10.552948951721191
2025-10-10 14:19:39.905793,74,10.56886386871338
2025-10-13 14:19:39.905793,74,10.040153503417969
2025-10-14 14:19:39.905793,74,10.250171661376951
2025-10-15 14:19:39.905793,74,10.552948951721191
2025-10-16 14:19:39.905793,74,10.56886386871338
2025-10-17 14:19:39.905793,74,10.040153503417969
2025-04-25 14:19:39.905793,75,8.315271377563477
2025-04-28 14:19:39.905793,75,8.7899169921875
2025-04-29 14:19:39.905793,75,9.562471389770508
2025-04-30 14:19:39.905793,75,11.775028228759766
2025-05-01 14:19:39.905793,75,12.029074668884276
2025-05-02 14:19:39.905793,75,11.998659133911133
2025-05-05 14:19:39.905793,75,12.470199584960938
2025-05-06 14:19:39.905793,75,13.186692237854004
2025-05-07 14:19:39.905793,75,12.291043281555176
2025-05-08 14:19:39.905793,75,11.981515884399414
2025-05-09 14:19:39.905793,75,12.450501441955566
2025-05-12 14:19:39.905793,75,13.05937671661377
2025-05-13 14:19:39.905793,75,12.278257369995115
2025-05-14 14:19:39.905793,75,11.987292289733888
2025-05-15 14:19:39.905793,75,12.457406044006348
2025-05-16 14:19:39.905793,75,13.072110176086426
2025-05-19 14:19:39.905793,75,12.278546333312988
2025-05-20 14:19:39.905793,75,11.986297607421877
2025-05-21 14:19:39.905793,75,12.456600189208984
2025-05-22 14:19:39.905793,75,13.070918083190918
2025-05-23 14:19:39.905793,75,12.278594017028809
2025-05-26 14:19:39.905793,75,11.986416816711426
2025-05-27 14:19:39.905793,75,12.456679344177246
2025-05-28 14:19:39.905793,75,13.07102394104004
2025-05-29 14:19:39.905793,75,12.278583526611328
2025-05-30 14:19:39.905793,75,11.986404418945312
2025-06-02 14:19:39.905793,75,12.456672668457031
2025-06-03 14:19:39.905793,75,13.071016311645508
2025-06-04 14:19:39.905793,75,12.27858543395996
2025-06-05 14:19:39.905793,75,11.986406326293944
2025-06-06 14:19:39.905793,75,12.456673622131348
2025-06-09 14:19:39.905793,75,13.071016311645508
2025-06-10 14:19:39.905793,75,12.27858543395996
2025-06-11 14:19:39.905793,75,11.986406326293944
2025-06-12 14:19:39.905793,75,12.456673622131348
2025-06-13 14:19:39.905793,75,13.071016311645508
2025-06-16 14:19:39.905793,75,12.27858543395996
2025-06-17 14:19:39.905793,75,11.986406326293944
2025-06-18 14:19:39.905793,75,12.456673622131348
2025-06-19 14:19:39.905793,75,13.071016311645508
2025-06-20 14:19:39.905793,75,12.27858543395996
2025-06-23 14:19:39.905793,75,11.986406326293944
2025-06-24 14:19:39.905793,75,12.456673622131348
2025-06-25 14:19:39.905793,75,13.071016311645508
2025-06-26 14:19:39.905793,75,12.27858543395996
2025-06-27 14:19:39.905793,75,11.986406326293944
2025-06-30 14:19:39.905793,75,12.456673622131348
2025-07-01 14:19:39.905793,75,13.071016311645508
2025-07-02 14:19:39.905793,75,12.27858543395996
2025-07-03 14:19:39.905793,75,11.986406326293944
2025-07-04 14:19:39.905793,75,12.456673622131348
2025-07-07 14:19:39.905793,75,13.071016311645508
2025-07-08 14:19:39.905793,75,12.27858543395996
2025-07-09 14:19:39.905793,75,11.986406326293944
2025-07-10 14:19:39.905793,75,12.456673622131348
2025-07-11 14:19:39.905793,75,13.071016311645508
2025-07-14 14:19:39.905793,75,12.27858543395996
2025-07-15 14:19:39.905793,75,11.986406326293944
2025-07-16 14:19:39.905793,75,12.456673622131348
2025-07-17 14:19:39.905793,75,13.071016311645508
2025-07-18 14:19:39.905793,75,12.27858543395996
2025-07-21 14:19:39.905793,75,11.986406326293944
2025-07-22 14:19:39.905793,75,12.456673622131348
2025-07-23 14:19:39.905793,75,13.071016311645508
2025-07-24 14:19:39.905793,75,12.27858543395996
2025-07-25 14:19:39.905793,75,11.986406326293944
2025-07-28 14:19:39.905793,75,12.456673622131348
2025-07-29 14:19:39.905793,75,13.071016311645508
2025-07-30 14:19:39.905793,75,12.27858543395996
2025-07-31 14:19:39.905793,75,11.986406326293944
2025-08-01 14:19:39.905793,75,12.456673622131348
2025-08-04 14:19:39.905793,75,13.071016311645508
2025-08-05 14:19:39.905793,75,12.27858543395996
2025-08-06 14:19:39.905793,75,11.986406326293944
2025-08-07 14:19:39.905793,75,12.456673622131348
2025-08-08 14:19:39.905793,75,13.071016311645508
2025-08-11 14:19:39.905793,75,12.27858543395996
2025-08-12 14:19:39.905793,75,11.986406326293944
2025-08-13 14:19:39.905793,75,12.456673622131348
2025-08-14 14:19:39.905793,75,13.071016311645508
2025-08-15 14:19:39.905793,75,12.27858543395996
2025-08-18 14:19:39.905793,75,11.986406326293944
2025-08-19 14:19:39.905793,75,12.456673622131348
2025-08-20 14:19:39.905793,75,13.071016311645508
2025-08-21 14:19:39.905793,75,12.27858543395996
2025-08-22 14:19:39.905793,75,11.986406326293944
2025-08-25 14:19:39.905793,75,12.456673622131348
2025-08-26 14:19:39.905793,75,13.071016311645508
2025-08-27 14:19:39.905793,75,12.27858543395996
2025-08-28 14:19:39.905793,75,11.986406326293944
2025-08-29 14:19:39.905793,75,12.456673622131348
2025-09-01 14:19:39.905793,75,13.071016311645508
2025-09-02 14:19:39.905793,75,12.27858543395996
2025-09-03 14:19:39.905793,75,11.986406326293944
2025-09-04 14:19:39.905793,75,12.456673622131348
2025-09-05 14:19:39.905793,75,13.071016311645508
2025-09-08 14:19:39.905793,75,12.27858543395996
2025-09-09 14:19:39.905793,75,11.986406326293944
2025-09-10 14:19:39.905793,75,12.456673622131348
2025-09-11 14:19:39.905793,75,13.071016311645508
2025-09-12 14:19:39.905793,75,12.27858543395996
2025-09-15 14:19:39.905793,75,11.986406326293944
2025-09-16 14:19:39.905793,75,12.456673622131348
2025-09-17 14:19:39.905793,75,13.071016311645508
2025-09-18 14:19:39.905793,75,12.27858543395996
2025-09-19 14:19:39.905793,75,11.986406326293944
2025-09-22 14:19:39.905793,75,12.456673622131348
2025-09-23 14:19:39.905793,75,13.071016311645508
2025-09-24 14:19:39.905793,75,12.27858543395996
2025-09-25 14:19:39.905793,75,11.986406326293944
2025-09-26 14:19:39.905793,75,12.456673622131348
2025-09-29 14:19:39.905793,75,13.071016311645508
2025-09-30 14:19:39.905793,75,12.27858543395996
2025-10-01 14:19:39.905793,75,11.986406326293944
2025-10-02 14:19:39.905793,75,12.456673622131348
2025-10-03 14:19:39.905793,75,13.071016311645508
2025-10-06 14:19:39.905793,75,12.27858543395996
2025-10-07 14:19:39.905793,75,11.986406326293944
2025-10-08 14:19:39.905793,75,12.456673622131348
2025-10-09 14:19:39.905793,75,13.071016311645508
2025-10-10 14:19:39.905793,75,12.27858543395996
2025-10-13 14:19:39.905793,75,11.986406326293944
2025-10-14 14:19:39.905793,75,12.456673622131348
2025-10-15 14:19:39.905793,75,13.071016311645508
2025-10-16 14:19:39.905793,75,12.27858543395996
2025-10-17 14:19:39.905793,75,11.986406326293944
2025-04-25 14:19:39.905793,76,6.2479567527771
2025-04-28 14:19:39.905793,76,6.298834323883057
2025-04-29 14:19:39.905793,76,5.895653247833252
2025-04-30 14:19:39.905793,76,7.063543319702148
2025-05-01 14:19:39.905793,76,8.590937614440918
2025-05-02 14:19:39.905793,76,8.209315299987793
2025-05-05 14:19:39.905793,76,8.235349655151367
2025-05-06 14:19:39.905793,76,9.072368621826172
2025-05-07 14:19:39.905793,76,9.98893928527832
2025-05-08 14:19:39.905793,76,9.692338943481444
2025-05-09 14:19:39.905793,76,9.782200813293455
2025-05-12 14:19:39.905793,76,10.44085693359375
2025-05-13 14:19:39.905793,76,10.953567504882812
2025-05-14 14:19:39.905793,76,10.720329284667969
2025-05-15 14:19:39.905793,76,10.769037246704102
2025-05-16 14:19:39.905793,76,11.163466453552246
2025-05-19 14:19:39.905793,76,11.376033782958984
2025-05-20 14:19:39.905793,76,11.120254516601562
2025-05-21 14:19:39.905793,76,11.156428337097168
2025-05-22 14:19:39.905793,76,11.403434753417969
2025-05-23 14:19:39.905793,76,11.49298858642578
2025-05-26 14:19:39.905793,76,11.22532844543457
2025-05-27 14:19:39.905793,76,11.264583587646484
2025-05-28 14:19:39.905793,76,11.465216636657717
2025-05-29 14:19:39.905793,76,11.520500183105469
2025-05-30 14:19:39.905793,76,11.249985694885254
2025-06-02 14:19:39.905793,76,11.290977478027344
2025-06-03 14:19:39.905793,76,11.479828834533691
2025-06-04 14:19:39.905793,76,11.526803970336914
2025-06-05 14:19:39.905793,76,11.25566291809082
2025-06-06 14:19:39.905793,76,11.297159194946287
2025-06-09 14:19:39.905793,76,11.48320770263672
2025-06-10 14:19:39.905793,76,11.528249740600586
2025-06-11 14:19:39.905793,76,11.256966590881348
2025-06-12 14:19:39.905793,76,11.298587799072266
2025-06-13 14:19:39.905793,76,11.483983993530272
2025-06-16 14:19:39.905793,76,11.528582572937012
2025-06-17 14:19:39.905793,76,11.257268905639648
2025-06-18 14:19:39.905793,76,11.298916816711426
2025-06-19 14:19:39.905793,76,11.484164237976074
2025-06-20 14:19:39.905793,76,11.52865982055664
2025-06-23 14:19:39.905793,76,11.25733757019043
2025-06-24 14:19:39.905793,76,11.298992156982422
2025-06-25 14:19:39.905793,76,11.484204292297363
2025-06-26 14:19:39.905793,76,11.528675079345703
2025-06-27 14:19:39.905793,76,11.257352828979492
2025-06-30 14:19:39.905793,76,11.299009323120115
2025-07-01 14:19:39.905793,76,11.484213829040527
2025-07-02 14:19:39.905793,76,11.528678894042969
2025-07-03 14:19:39.905793,76,11.257357597351074
2025-07-04 14:19:39.905793,76,11.299013137817385
2025-07-07 14:19:39.905793,76,11.48421573638916
2025-07-08 14:19:39.905793,76,11.528679847717283
2025-07-09 14:19:39.905793,76,11.257356643676758
2025-07-10 14:19:39.905793,76,11.299015045166016
2025-07-11 14:19:39.905793,76,11.484216690063477
2025-07-14 14:19:39.905793,76,11.528680801391602
2025-07-15 14:19:39.905793,76,11.257357597351074
2025-07-16 14:19:39.905793,76,11.299015045166016
2025-07-17 14:19:39.905793,76,11.484214782714844
2025-07-18 14:19:39.905793,76,11.528680801391602
2025-07-21 14:19:39.905793,76,11.257357597351074
2025-07-22 14:19:39.905793,76,11.299015045166016
2025-07-23 14:19:39.905793,76,11.484216690063477
2025-07-24 14:19:39.905793,76,11.528680801391602
2025-07-25 14:19:39.905793,76,11.25735855102539
2025-07-28 14:19:39.905793,76,11.299015045166016
2025-07-29 14:19:39.905793,76,11.484216690063477
2025-07-30 14:19:39.905793,76,11.528680801391602
2025-07-31 14:19:39.905793,76,11.25735855102539
2025-08-01 14:19:39.905793,76,11.299015045166016
2025-08-04 14:19:39.905793,76,11.484216690063477
2025-08-05 14:19:39.905793,76,11.528680801391602
2025-08-06 14:19:39.905793,76,11.25735855102539
2025-08-07 14:19:39.905793,76,11.299015045166016
2025-08-08 14:19:39.905793,76,11.484216690063477
2025-08-11 14:19:39.905793,76,11.528680801391602
2025-08-12 14:19:39.905793,76,11.25735855102539
2025-08-13 14:19:39.905793,76,11.299015045166016
2025-08-14 14:19:39.905793,76,11.484216690063477
2025-08-15 14:19:39.905793,76,11.528680801391602
2025-08-18 14:19:39.905793,76,11.25735855102539
2025-08-19 14:19:39.905793,76,11.299015045166016
2025-08-20 14:19:39.905793,76,11.484216690063477
2025-08-21 14:19:39.905793,76,11.528680801391602
2025-08-22 14:19:39.905793,76,11.25735855102539
2025-08-25 14:19:39.905793,76,11.299015045166016
2025-08-26 14:19:39.905793,76,11.484216690063477
2025-08-27 14:19:39.905793,76,11.528680801391602
2025-08-28 14:19:39.905793,76,11.25735855102539
2025-08-29 14:19:39.905793,76,11.299015045166016
2025-09-01 14:19:39.905793,76,11.484216690063477
2025-09-02 14:19:39.905793,76,11.528680801391602
2025-09-03 14:19:39.905793,76,11.25735855102539
2025-09-04 14:19:39.905793,76,11.299015045166016
2025-09-05 14:19:39.905793,76,11.484216690063477
2025-09-08 14:19:39.905793,76,11.528680801391602
2025-09-09 14:19:39.905793,76,11.25735855102539
2025-09-10 14:19:39.905793,76,11.299015045166016
2025-09-11 14:19:39.905793,76,11.484216690063477
2025-09-12 14:19:39.905793,76,11.528680801391602
2025-09-15 14:19:39.905793,76,11.25735855102539
2025-09-16 14:19:39.905793,76,11.299015045166016
2025-09-17 14:19:39.905793,76,11.484216690063477
2025-09-18 14:19:39.905793,76,11.528680801391602
2025-09-19 14:19:39.905793,76,11.25735855102539
2025-09-22 14:19:39.905793,76,11.299015045166016
2025-09-23 14:19:39.905793,76,11.484216690063477
2025-09-24 14:19:39.905793,76,11.528680801391602
2025-09-25 14:19:39.905793,76,11.25735855102539
2025-09-26 14:19:39.905793,76,11.299015045166016
2025-09-29 14:19:39.905793,76,11.484216690063477
2025-09-30 14:19:39.905793,76,11.528680801391602
2025-10-01 14:19:39.905793,76,11.25735855102539
2025-10-02 14:19:39.905793,76,11.299015045166016
2025-10-03 14:19:39.905793,76,11.484216690063477
2025-10-06 14:19:39.905793,76,11.528680801391602
2025-10-07 14:19:39.905793,76,11.25735855102539
2025-10-08 14:19:39.905793,76,11.299015045166016
2025-10-09 14:19:39.905793,76,11.484216690063477
2025-10-10 14:19:39.905793,76,11.528680801391602
2025-10-13 14:19:39.905793,76,11.25735855102539
2025-10-14 14:19:39.905793,76,11.299015045166016
2025-10-15 14:19:39.905793,76,11.484216690063477
2025-10-16 14:19:39.905793,76,11.528680801391602
2025-10-17 14:19:39.905793,76,11.25735855102539
2025-11-16 14:19:39.905793,0,8.944479942321777
2025-12-16 14:19:39.905793,0,8.944479942321777
2026-01-15 14:19:39.905793,0,8.944479942321777
2025-11-16 14:19:39.905793,1,14.22528076171875
2025-12-16 14:19:39.905793,1,14.22528076171875
2026-01-15 14:19:39.905793,1,14.22528076171875
2025-11-16 14:19:39.905793,2,10.922529220581056
2025-12-16 14:19:39.905793,2,10.922529220581056
2026-01-15 14:19:39.905793,2,10.922529220581056
2025-11-16 14:19:39.905793,3,12.56201171875
2025-12-16 14:19:39.905793,3,12.56201171875
2026-01-15 14:19:39.905793,3,12.56201171875
2025-11-16 14:19:39.905793,4,11.948957443237305
2025-12-16 14:19:39.905793,4,11.948957443237305
2026-01-15 14:19:39.905793,4,11.948957443237305
2025-11-16 14:19:39.905793,5,13.457441329956056
2025-12-16 14:19:39.905793,5,13.457441329956056
2026-01-15 14:19:39.905793,5,13.457441329956056
2025-11-16 14:19:39.905793,6,9.432623863220217
2025-12-16 14:19:39.905793,6,9.432623863220217
2026-01-15 14:19:39.905793,6,9.432623863220217
2025-11-16 14:19:39.905793,7,11.733783721923828
2025-12-16 14:19:39.905793,7,11.733783721923828
2026-01-15 14:19:39.905793,7,11.733783721923828
2025-11-16 14:19:39.905793,8,9.586487770080566
2025-12-16 14:19:39.905793,8,9.586487770080566
2026-01-15 14:19:39.905793,8,9.586487770080566
2025-11-16 14:19:39.905793,9,9.92818832397461
2025-12-16 14:19:39.905793,9,9.92818832397461
2026-01-15 14:19:39.905793,9,9.92818832397461
2025-11-16 14:19:39.905793,11,12.704951286315918
2025-12-16 14:19:39.905793,11,12.704951286315918
2026-01-15 14:19:39.905793,11,12.704951286315918
2025-11-16 14:19:39.905793,12,12.19388484954834
2025-12-16 14:19:39.905793,12,12.19388484954834
2026-01-15 14:19:39.905793,12,12.19388484954834
2025-11-16 14:19:39.905793,13,11.954273223876951
2025-12-16 14:19:39.905793,13,11.954273223876951
2026-01-15 14:19:39.905793,13,11.954273223876951
2025-11-16 14:19:39.905793,14,7.003887176513672
2025-12-16 14:19:39.905793,14,7.003887176513672
2026-01-15 14:19:39.905793,14,7.003887176513672
2025-11-16 14:19:39.905793,16,11.791566848754885
2025-12-16 14:19:39.905793,16,11.791566848754885
2026-01-15 14:19:39.905793,16,11.791566848754885
2025-11-16 14:19:39.905793,17,12.306049346923828
2025-12-16 14:19:39.905793,17,12.306049346923828
2026-01-15 14:19:39.905793,17,12.306049346923828
2025-11-16 14:19:39.905793,18,7.564042568206787
2025-12-16 14:19:39.905793,18,7.564042568206787
2026-01-15 14:19:39.905793,18,7.564042568206787
2025-11-16 14:19:39.905793,19,7.930370330810547
2025-12-16 14:19:39.905793,19,7.930370330810547
2026-01-15 14:19:39.905793,19,7.930370330810547
2025-11-16 14:19:39.905793,20,9.80390739440918
2025-12-16 14:19:39.905793,20,9.80390739440918
2026-01-15 14:19:39.905793,20,9.80390739440918
2025-11-16 14:19:39.905793,21,8.196582794189453
2025-12-16 14:19:39.905793,21,8.196582794189453
2026-01-15 14:19:39.905793,21,8.196582794189453
2025-11-16 14:19:39.905793,22,6.591330051422119
2025-12-16 14:19:39.905793,22,6.591330051422119
2026-01-15 14:19:39.905793,22,6.591330051422119
2025-11-16 14:19:39.905793,23,11.18441104888916
2025-12-16 14:19:39.905793,23,11.18441104888916
2026-01-15 14:19:39.905793,23,11.18441104888916
2025-11-16 14:19:39.905793,24,11.613454818725586
2025-12-16 14:19:39.905793,24,11.613454818725586
2026-01-15 14:19:39.905793,24,11.613454818725586
2025-11-16 14:19:39.905793,25,10.222036361694336
2025-12-16 14:19:39.905793,25,10.222036361694336
2026-01-15 14:19:39.905793,25,10.222036361694336
2025-11-16 14:19:39.905793,26,5.784533500671387
2025-12-16 14:19:39.905793,26,5.784533500671387
2026-01-15 14:19:39.905793,26,5.784533500671387
2025-11-16 14:19:39.905793,27,11.811546325683594
2025-12-16 14:19:39.905793,27,11.811546325683594
2026-01-15 14:19:39.905793,27,11.811546325683594
2025-11-16 14:19:39.905793,28,8.226821899414062
2025-12-16 14:19:39.905793,28,8.226821899414062
2026-01-15 14:19:39.905793,28,8.226821899414062
2025-11-16 14:19:39.905793,29,6.325340270996094
2025-12-16 14:19:39.905793,29,6.325340270996094
2026-01-15 14:19:39.905793,29,6.325340270996094
2025-11-16 14:19:39.905793,31,8.953608512878418
2025-12-16 14:19:39.905793,31,8.953608512878418
2026-01-15 14:19:39.905793,31,8.953608512878418
2025-11-16 14:19:39.905793,32,7.976759910583496
2025-12-16 14:19:39.905793,32,7.976759910583496
2026-01-15 14:19:39.905793,32,7.976759910583496
2025-11-16 14:19:39.905793,33,11.007577896118164
2025-12-16 14:19:39.905793,33,11.007577896118164
2026-01-15 14:19:39.905793,33,11.007577896118164
2025-11-16 14:19:39.905793,34,5.316160678863525
2025-12-16 14:19:39.905793,34,5.316160678863525
2026-01-15 14:19:39.905793,34,5.316160678863525
2025-11-16 14:19:39.905793,35,10.458259582519531
2025-12-16 14:19:39.905793,35,10.458259582519531
2026-01-15 14:19:39.905793,35,10.458259582519531
2025-11-16 14:19:39.905793,36,7.991291046142578
2025-12-16 14:19:39.905793,36,7.991291046142578
2026-01-15 14:19:39.905793,36,7.991291046142578
2025-11-16 14:19:39.905793,37,10.617925643920898
2025-12-16 14:19:39.905793,37,10.617925643920898
2026-01-15 14:19:39.905793,37,10.617925643920898
2025-11-16 14:19:39.905793,39,10.390470504760742
2025-12-16 14:19:39.905793,39,10.390470504760742
2026-01-15 14:19:39.905793,39,10.390470504760742
2025-11-16 14:19:39.905793,40,10.356345176696776
2025-12-16 14:19:39.905793,40,10.356345176696776
2026-01-15 14:19:39.905793,40,10.356345176696776
2025-11-16 14:19:39.905793,41,9.884855270385742
2025-12-16 14:19:39.905793,41,9.884855270385742
2026-01-15 14:19:39.905793,41,9.884855270385742
2025-11-16 14:19:39.905793,42,7.471997261047363
2025-12-16 14:19:39.905793,42,7.471997261047363
2026-01-15 14:19:39.905793,42,7.471997261047363
2025-11-16 14:19:39.905793,43,5.300775527954102
2025-12-16 14:19:39.905793,43,5.300775527954102
2026-01-15 14:19:39.905793,43,5.300775527954102
2025-11-16 14:19:39.905793,44,7.276599884033203
2025-12-16 14:19:39.905793,44,7.276599884033203
2026-01-15 14:19:39.905793,44,7.276599884033203
2025-11-16 14:19:39.905793,45,12.496424674987791
2025-12-16 14:19:39.905793,45,12.496424674987791
2026-01-15 14:19:39.905793,45,12.496424674987791
2025-11-16 14:19:39.905793,46,5.589790344238281
2025-12-16 14:19:39.905793,46,5.589790344238281
2026-01-15 14:19:39.905793,46,5.589790344238281
2025-11-16 14:19:39.905793,48,13.265792846679688
2025-12-16 14:19:39.905793,48,13.265792846679688
2026-01-15 14:19:39.905793,48,13.265792846679688
2025-11-16 14:19:39.905793,49,12.938314437866213
2025-12-16 14:19:39.905793,49,12.938314437866213
2026-01-15 14:19:39.905793,49,12.938314437866213
2025-11-16 14:19:39.905793,50,5.585002899169922
2025-12-16 14:19:39.905793,50,5.585002899169922
2026-01-15 14:19:39.905793,50,5.585002899169922
2025-11-16 14:19:39.905793,51,11.07533836364746
2025-12-16 14:19:39.905793,51,11.07533836364746
2026-01-15 14:19:39.905793,51,11.07533836364746
2025-11-16 14:19:39.905793,52,13.349283218383787
2025-12-16 14:19:39.905793,52,13.349283218383787
2026-01-15 14:19:39.905793,52,13.349283218383787
2025-11-16 14:19:39.905793,53,12.672110557556152
2025-12-16 14:19:39.905793,53,12.672110557556152
2026-01-15 14:19:39.905793,53,12.672110557556152
2025-11-16 14:19:39.905793,54,8.6099853515625
2025-12-16 14:19:39.905793,54,8.6099853515625
2026-01-15 14:19:39.905793,54,8.6099853515625
2025-11-16 14:19:39.905793,55,8.84444808959961
2025-12-16 14:19:39.905793,55,8.84444808959961
2026-01-15 14:19:39.905793,55,8.84444808959961
2025-11-16 14:19:39.905793,56,9.91671371459961
2025-12-16 14:19:39.905793,56,9.91671371459961
2026-01-15 14:19:39.905793,56,9.91671371459961
2025-11-16 14:19:39.905793,58,11.323650360107422
2025-12-16 14:19:39.905793,58,11.323650360107422
2026-01-15 14:19:39.905793,58,11.323650360107422
2025-11-16 14:19:39.905793,59,12.321868896484377
2025-12-16 14:19:39.905793,59,12.321868896484377
2026-01-15 14:19:39.905793,59,12.321868896484377
2025-11-16 14:19:39.905793,60,6.195661544799805
2025-12-16 14:19:39.905793,60,6.195661544799805
2026-01-15 14:19:39.905793,60,6.195661544799805
2025-11-16 14:19:39.905793,61,5.739294528961182
2025-12-16 14:19:39.905793,61,5.739294528961182
2026-01-15 14:19:39.905793,61,5.739294528961182
2025-11-16 14:19:39.905793,62,6.656465530395508
2025-12-16 14:19:39.905793,62,6.656465530395508
2026-01-15 14:19:39.905793,62,6.656465530395508
2025-11-16 14:19:39.905793,64,15.495078086853027
2025-12-16 14:19:39.905793,64,15.495078086853027
2026-01-15 14:19:39.905793,64,15.495078086853027
2025-11-16 14:19:39.905793,65,12.78400707244873
2025-12-16 14:19:39.905793,65,12.78400707244873
2026-01-15 14:19:39.905793,65,12.78400707244873
2025-11-16 14:19:39.905793,66,9.8810453414917
2025-12-16 14:19:39.905793,66,9.8810453414917
2026-01-15 14:19:39.905793,66,9.8810453414917
2025-11-16 14:19:39.905793,67,13.237848281860352
2025-12-16 14:19:39.905793,67,13.237848281860352
2026-01-15 14:19:39.905793,67,13.237848281860352
2025-11-16 14:19:39.905793,68,13.146081924438477
2025-12-16 14:19:39.905793,68,13.146081924438477
2026-01-15 14:19:39.905793,68,13.146081924438477
2025-11-16 14:19:39.905793,69,6.317915439605713
2025-12-16 14:19:39.905793,69,6.317915439605713
2026-01-15 14:19:39.905793,69,6.317915439605713
2025-11-16 14:19:39.905793,70,7.278422355651855
2025-12-16 14:19:39.905793,70,7.278422355651855
2026-01-15 14:19:39.905793,70,7.278422355651855
2025-11-16 14:19:39.905793,71,8.314787864685059
2025-12-16 14:19:39.905793,71,8.314787864685059
2026-01-15 14:19:39.905793,71,8.314787864685059
2025-11-16 14:19:39.905793,72,10.639606475830078
2025-12-16 14:19:39.905793,72,10.639606475830078
2026-01-15 14:19:39.905793,72,10.639606475830078
2025-11-16 14:19:39.905793,73,7.795368194580078
2025-12-16 14:19:39.905793,73,7.795368194580078
2026-01-15 14:19:39.905793,73,7.795368194580078
2025-11-16 14:19:39.905793,74,10.040153503417969
2025-12-16 14:19:39.905793,74,10.040153503417969
2026-01-15 14:19:39.905793,74,10.040153503417969
2025-11-16 14:19:39.905793,75,11.986406326293944
2025-12-16 14:19:39.905793,75,11.986406326293944
2026-01-15 14:19:39.905793,75,11.986406326293944
2025-11-16 14:19:39.905793,76,11.25735855102539
2025-12-16 14:19:39.905793,76,11.25735855102539
2026-01-15 14:19:39.905793,76,11.25735855102539
